Iteration	Posterior	Likelihood	Prior	beta_scale	matrix_probs[1]	matrix_probs[2]	matrix_probs[3]	matrix_probs[4]	rate_log_sd	tree_length
0	-533.868	-563.4158	29.54773	1.864779	0.485221	0.307781	0.148945	0.0580527	0.9290872	3.503163
6	-537.0859	-563.9418	26.8559	4.572776	0.554879	0.218472	0.146067	0.0805817	0.6618308	4.286945
12	-545.557	-575.8802	30.32327	3.500529	0.0569876	0.65266	0.267594	0.0227579	3.011224	0.818388
18	-540.0672	-570.8998	30.83252	2.225674	0.0700731	0.448587	0.329039	0.152301	2.443813	1.567126
24	-532.4454	-561.6539	29.20846	5.102747	0.0135165	0.57974	0.21675	0.189993	2.148491	1.822161
30	-552.6313	-576.2946	23.66334	13.26835	0.410069	0.241397	0.0744143	0.27412	1.075188	4.360201
36	-544.3286	-571.8124	27.48376	3.13627	0.361881	0.125974	0.397914	0.114231	0.6452899	4.360201
42	-547.1555	-575.4546	28.29912	10.58692	0.393817	0.396583	0.0452481	0.164352	1.955383	1.319792
48	-542.7421	-570.0917	27.34959	10.58692	0.57513	0.0203451	0.209133	0.195392	1.922651	2.024959
54	-543.78	-571.035	27.25494	6.04127	0.26448	0.397467	0.2258	0.112253	1.616358	3.149304
60	-539.8493	-571.1004	31.25114	0.5600576	0.0750329	0.45796	0.421449	0.0455577	3.090511	1.866957
66	-538.2271	-568.6229	30.39586	3.186681	0.210219	0.605943	0.00504196	0.178796	2.437417	1.439277
72	-534.9636	-565.2853	30.3217	2.639951	0.292405	0.482611	0.0388509	0.186132	2.022108	2.020284
78	-536.205	-566.1852	29.98022	4.02899	0.454092	0.0482127	0.0653306	0.432365	2.201279	1.588923
84	-539.9151	-568.5995	28.68438	6.395658	0.481463	0.050069	0.0194573	0.449011	1.737642	2.106668
90	-539.4016	-568.4059	29.00429	6.395658	0.234131	0.273415	0.0204535	0.472001	1.417733	2.106668
96	-543.7381	-568.5231	24.78506	27.65937	0.187407	0.513128	0.244473	0.0549918	1.427015	2.106668
102	-536.7408	-565.7085	28.96771	4.94965	0.0711387	0.405163	0.100239	0.423459	1.822687	2.242205
108	-529.8546	-559.8017	29.94706	5.650896	0.114791	0.406978	0.100688	0.377543	2.266365	0.9607441
114	-527.961	-559.1391	31.17814	2.496235	0.142234	0.32185	0.31738	0.218536	2.393453	1.18802
120	-557.7907	-582.5227	24.73201	7.717122	0.0669629	0.803974	0.0673271	0.0617364	1.344142	4.424012
126	-545.6071	-572.7305	27.12342	2.584411	0.037954	0.913228	0.020297	0.028521	1.232789	4.424012
132	-533.5771	-563.1134	29.53629	2.584411	0.290562	0.588689	0.112227	0.00852197	0.9838126	3.176421
138	-537.3827	-567.2417	29.859	2.105155	0.252508	0.548915	0.193791	0.00478534	1.562577	2.834167
144	-538.8954	-569.6336	30.73829	1.879538	0.232619	0.57447	0.188502	0.00440842	0.8531313	2.834167
150	-549.333	-578.6848	29.35184	3.298909	0.0809583	0.429407	0.471114	0.018521	1.476476	2.729736
156	-543.5215	-575.2161	31.69466	1.602456	0.136699	0.72506	0.0455855	0.0926547	1.932776	1.660416
162	-543.7038	-573.0702	29.36633	5.225554	0.0818732	0.653754	0.220124	0.0442496	2.332386	1.541668
168	-534.4427	-565.7961	31.35337	2.269867	0.0807677	0.382954	0.492626	0.0436521	2.73309	0.8266637
174	-536.8488	-566.5649	29.71602	4.187273	0.359584	0.137752	0.280108	0.222556	2.610204	1.422112
180	-546.0296	-577.1684	31.13886	2.504441	0.183061	0.322822	0.456025	0.038092	2.684943	0.9444788
186	-553.2499	-582.7456	29.49564	3.70907	0.384993	0.181324	0.378064	0.055619	2.141913	2.076632
192	-535.451	-563.7012	28.25016	1.5269	0.267155	0.226059	0.416923	0.0898628	1.88796	3.85868
198	-538.1062	-566.5238	28.41761	1.822119	0.2961	0.368448	0.186275	0.149177	1.478229	3.85868
204	-536.2858	-566.2961	30.01026	4.787533	0.30726	0.357389	0.304922	0.0304288	1.560306	1.769476
210	-542.9466	-569.0966	26.15007	3.735103	0.387106	0.190397	0.384161	0.0383361	1.626059	4.372855
216	-539.1952	-570.2884	31.09325	1.904978	0.387106	0.190397	0.384161	0.0383361	2.31381	1.644306
222	-534.3172	-563.881	29.56376	1.904978	0.169502	0.6455	0.168212	0.0167862	2.459257	2.557108
228	-531.9733	-563.1253	31.15201	3.372718	0.324845	0.270014	0.372971	0.0321702	2.315674	0.7295997
234	-534.4776	-564.4177	29.94014	6.662447	0.224689	0.495082	0.257977	0.0222516	2.079235	0.7295997
240	-533.6879	-563.2148	29.5269	6.6644	0.444547	0.0604294	0.470408	0.024615	2.135129	1.124005
246	-534.645	-564.9188	30.27382	4.170021	0.300272	0.0539278	0.370867	0.274933	1.951878	1.504858
252	-548.2248	-569.685	21.46019	25.57421	0.548618	0.044327	0.181068	0.225987	1.483701	4.220537
258	-543.5617	-570.0918	26.53013	5.728481	0.704019	0.0179117	0.240268	0.0378018	1.324805	3.813936
264	-537.8828	-567.1537	29.27089	7.614197	0.317547	0.278995	0.308326	0.0951326	2.340361	0.8458534
270	-534.5656	-562.0069	27.44127	14.98486	0.232432	0.304546	0.458101	0.00492074	2.200373	0.9897986
276	-534.3396	-560.366	26.02646	8.213496	0.366679	0.225027	0.392272	0.0160213	1.762134	3.350852
282	-539.6835	-572.8829	33.19943	0.7733587	0.119273	0.634322	0.239456	0.00694911	2.127122	0.893738
288	-534.0009	-563.7143	29.71345	2.4442	0.0722219	0.72991	0.189872	0.00799629	2.066815	2.466345
294	-534.8461	-567.1589	32.31278	0.8498659	0.0199436	0.771039	0.200571	0.00844687	2.457379	1.331119
300	-538.9207	-570.8524	31.93169	0.7602737	0.290154	0.347988	0.341008	0.0208496	2.93225	1.331119
306	-528.607	-560.841	32.23398	1.506634	0.287009	0.114411	0.573964	0.0246153	2.448553	0.8220015
312	-528.9052	-561.2121	32.30691	1.434335	0.166189	0.516297	0.296663	0.0208504	2.409515	0.8578549
318	-535.2987	-563.6177	28.31903	6.471032	0.201074	0.524163	0.133214	0.141549	1.6853	2.358135
324	-535.8156	-565.4824	29.66675	4.502019	0.274802	0.521331	0.0465007	0.157366	1.808895	1.923651
330	-540.1651	-569.0388	28.87373	4.888813	0.200667	0.566317	0.0505133	0.182503	2.112206	2.132731
336	-540.0872	-568.7351	28.64791	6.63542	0.336224	0.567311	0.0779724	0.0184929	2.112206	1.821513
342	-536.6578	-566.5363	29.87851	6.63542	0.371769	0.027099	0.376528	0.224604	1.668295	1.233104
348	-539.244	-568.8277	29.58376	3.167963	0.532627	0.0314694	0.31931	0.116594	1.170033	2.820892
354	-542.0242	-566.8229	24.79865	10.98846	0.283365	0.337014	0.169877	0.209744	1.129131	3.984997
360	-538.8131	-566.9398	28.12673	12.47739	0.0775974	0.418135	0.222544	0.281723	1.556287	1.411717
366	-533.9079	-564.5562	30.64833	3.733322	0.157093	0.561465	0.0663761	0.215066	2.030149	1.325226
372	-533.1007	-563.3005	30.19983	4.820684	0.152256	0.354652	0.0643325	0.42876	2.531358	0.757747
378	-539.047	-569.1773	30.13033	2.631018	0.02156	0.181349	0.660804	0.136287	2.76221	1.646508
384	-536.2945	-566.933	30.63852	2.631018	0.0174646	0.417539	0.535282	0.0297147	2.006679	1.820372
390	-530.1626	-561.6702	31.50756	1.673588	0.0465344	0.694827	0.18221	0.0764289	2.216118	1.547658
396	-534.5529	-562.4822	27.92922	3.64903	0.155788	0.287008	0.471704	0.0854998	1.914415	3.206701
402	-535.4317	-568.1171	32.68537	1.337715	0.0945529	0.483714	0.357021	0.0647127	1.908996	1.074637
408	-537.1736	-567.134	29.96042	5.936826	0.128943	0.636469	0.15191	0.082678	2.359839	0.6739797
414	-538.8759	-569.5838	30.70787	2.611216	0.126839	0.588811	0.237417	0.0469326	3.249345	0.6739797
420	-536.3096	-565.3634	29.05384	5.28896	0.276546	0.589304	0.061774	0.0723759	2.01618	1.963718
426	-531.7328	-562.2795	30.54674	2.10349	0.0931023	0.259721	0.510834	0.136343	2.526275	1.775112
432	-539.3662	-566.423	27.05678	15.35567	0.1064	0.0585419	0.798783	0.0362758	2.131946	1.326268
438	-538.7387	-565.2271	26.48839	4.988763	0.280433	0.0607826	0.499719	0.159066	1.801114	3.739953
444	-538.695	-567.6401	28.94507	4.988763	0.234436	0.050813	0.417754	0.296997	2.806672	1.577084
450	-544.4243	-573.8244	29.40008	3.443517	0.163201	0.546871	0.111948	0.177979	2.130082	2.239505
456	-540.8178	-569.7899	28.97213	2.503161	0.558686	0.108066	0.127069	0.206179	1.656034	3.144041
462	-543.4957	-570.0752	26.57946	5.950177	0.388174	0.461687	0.138602	0.0115374	1.880585	3.412519
468	-537.195	-564.1917	26.99672	11.25588	0.365147	0.228796	0.281861	0.124196	2.15845	1.991468
474	-535.8733	-566.038	30.16465	3.867888	0.0761245	0.608208	0.219118	0.0965493	2.815407	0.9976282
480	-538.6472	-568.3161	29.6689	3.088937	0.0538937	0.552888	0.281724	0.111494	3.107182	1.52542
486	-537.9026	-567.8488	29.94619	1.96008	0.0538937	0.552888	0.281724	0.111494	2.060882	2.540821
492	-530.6185	-558.773	28.15448	6.866683	0.26861	0.14682	0.41882	0.16575	2.617369	1.756709
498	-529.6184	-557.6529	28.03451	3.362948	0.193661	0.283657	0.365319	0.157363	1.882758	3.255306
504	-529.9688	-561.1291	31.16034	3.023574	0.108039	0.341325	0.361281	0.189356	2.074189	1.192398
510	-532.796	-563.0188	30.22278	5.862681	0.271947	0.264586	0.27291	0.190557	1.576134	1.263067
516	-535.2777	-564.0967	28.81903	6.973856	0.466844	0.238775	0.169506	0.124875	2.573009	1.263067
522	-537.6189	-564.6167	26.99779	3.219067	0.391148	0.200059	0.268766	0.140028	1.871931	3.911645
528	-540.7954	-567.2531	26.45771	9.894183	0.0911456	0.315215	0.294446	0.299194	1.729723	2.824634
534	-538.8167	-568.8796	30.06292	1.623522	0.0527399	0.654192	0.119944	0.173124	1.495102	2.978511
540	-539.1164	-566.1914	27.075	5.587896	0.0464614	0.531073	0.253188	0.169277	2.259589	2.978511
546	-537.2491	-566.7126	29.46357	6.319855	0.0187657	0.588382	0.205309	0.187543	2.532766	0.9182896
552	-538.8696	-568.5299	29.66034	4.461111	0.153844	0.139972	0.571463	0.134721	2.02544	1.792917
558	-535.2412	-565.4355	30.19429	3.03684	0.135181	0.348872	0.404789	0.111159	2.819903	1.366908
564	-536.1217	-565.514	29.39224	7.392958	0.150205	0.163639	0.501748	0.184409	2.454684	0.5386569
570	-537.9615	-564.6479	26.68639	11.3371	0.231784	0.35558	0.113361	0.299275	2.034168	2.262708
576	-535.2541	-565.0906	29.83651	2.34401	0.0295466	0.778476	0.0290086	0.162969	1.5517	2.751181
582	-531.3051	-559.0989	27.79381	2.34401	0.100248	0.653009	0.0984223	0.148321	1.856226	3.778975
588	-539.002	-565.9409	26.93888	13.93256	0.0965844	0.626489	0.0948256	0.182101	1.537238	2.041344
594	-540.0577	-570.8274	30.76975	1.834806	0.235484	0.220663	0.239676	0.304177	2.114066	2.041344
600	-532.8725	-563.4968	30.62432	4.716344	0.272559	0.414687	0.0405071	0.272246	2.179875	0.7167679
606	-533.1867	-560.8784	27.69173	9.42901	0.375642	0.252117	0.0558269	0.316414	2.43747	1.647978
612	-531.349	-560.1863	28.8373	5.040516	0.194713	0.481813	0.0813918	0.242083	2.27966	2.002765
618	-534.8654	-559.623	24.75755	21.40009	0.495356	0.15248	0.207063	0.145101	2.189427	2.181648
624	-530.6367	-561.6891	31.05242	3.547121	0.261877	0.357922	0.031998	0.348203	2.236913	0.8433375
630	-534.6745	-563.4147	28.74017	5.704479	0.104699	0.754498	0.0388696	0.101933	1.615166	2.319925
636	-535.1905	-561.2517	26.0612	13.98867	0.615987	0.230063	0.0880099	0.0659402	1.698335	2.493909
642	-535.1662	-563.2715	28.10527	7.133517	0.260553	0.449541	0.165733	0.124173	2.248597	1.979452
648	-529.6594	-560.697	31.03758	1.525875	0.0898928	0.651033	0.0248534	0.234221	1.207075	2.610452
654	-530.1791	-560.7303	30.55121	2.985066	0.0655007	0.624356	0.0455853	0.264558	1.852063	1.835106
660	-534.689	-565.1109	30.42185	3.685468	0.088229	0.494797	0.249486	0.167489	1.383254	1.973641
666	-538.4391	-567.5797	29.14064	8.087441	0.169132	0.55083	0.0826082	0.19743	1.490273	1.570169
672	-532.7811	-562.6435	29.86237	5.599666	0.148068	0.112254	0.111762	0.627917	1.428996	1.724525
678	-534.8887	-559.5534	24.66463	32.778	0.0876757	0.0379077	0.40857	0.465846	1.406222	1.805931
684	-530.8671	-561.6082	30.74113	3.100049	0.0363977	0.406553	0.363658	0.193391	1.636207	1.805931
690	-531.0161	-562.3378	31.32171	3.213136	0.314754	0.40662	0.0946828	0.183943	1.561508	1.388865
696	-532.6229	-561.3385	28.71561	9.130535	0.321737	0.337702	0.152537	0.188024	1.749401	1.462372
702	-540.3976	-567.9409	27.5433	6.443967	0.483725	0.0505948	0.184177	0.281503	1.408315	3.011749
708	-537.5074	-567.7808	30.27341	3.865923	0.251007	0.0519982	0.48306	0.213934	1.440375	1.971969
714	-531.8503	-560.1564	28.30611	11.63968	0.357846	0.450059	0.000275616	0.191819	1.923259	1.1204
720	-534.3923	-558.8488	24.4565	11.63968	0.661895	0.305667	0.000221548	0.0322167	1.092866	4.110307
726	-532.0882	-561.1597	29.07148	8.633559	0.220468	0.678272	9.68008e-05	0.101164	1.583618	1.427528
732	-528.8958	-559.2463	30.3505	3.08364	0.0175536	0.777593	0.00291262	0.201941	1.694933	2.03688
738	-532.3102	-562.7706	30.46032	3.08364	0.0232042	0.705999	0.00385022	0.266947	1.694933	1.963666
744	-532.6239	-561.8824	29.25848	5.295294	0.190812	0.630204	0.00207483	0.176908	1.808977	1.963666
750	-532.0469	-561.8369	29.79001	2.682611	0.312027	0.51034	0.00205917	0.175573	1.355731	2.761971
756	-529.3091	-557.781	28.4719	8.252614	0.373335	0.158937	0.00335202	0.464375	2.28873	1.434703
762	-535.6883	-564.5952	28.90689	6.93293	0.439154	0.186958	0.00394298	0.369945	2.82617	0.9651008
768	-534.9163	-563.2382	28.32195	6.93293	0.318603	0.457981	0.179713	0.0437033	3.489194	0.8797685
774	-532.1997	-559.8627	27.66297	12.19908	0.358589	0.417484	0.111181	0.112745	2.760615	0.7704412
780	-530.1702	-559.8721	29.70195	4.259871	0.231489	0.269509	0.422117	0.0768848	3.336025	0.6791242
786	-535.9161	-567.9052	31.98904	2.053762	0.157165	0.528296	0.262339	0.0521995	2.393701	0.5744627
792	-537.7618	-564.0096	26.24773	13.55426	0.148403	0.498841	0.303467	0.0492892	3.308428	1.325202
798	-530.0264	-561.4021	31.37573	2.720298	0.0422162	0.633142	0.282213	0.0424291	1.987169	1.241636
804	-531.0317	-563.1181	32.0864	0.7857073	0.134444	0.424388	0.389655	0.0515137	2.222195	1.725015
810	-532.9955	-563.7292	30.73374	2.636398	0.146339	0.400173	0.423125	0.0303622	2.423823	1.448034
816	-532.0988	-563.3875	31.2887	1.994818	0.209515	0.238449	0.507016	0.0450201	2.442617	1.349023
822	-534.0156	-564.834	30.81841	3.16639	0.244958	0.0235802	0.66587	0.0655922	2.847782	0.4931784
828	-532.8671	-561.2573	28.3902	5.669973	0.377959	0.0495337	0.370995	0.201512	1.795952	2.435726
834	-534.9687	-563.9748	29.00611	3.833613	0.403669	0.148111	0.232999	0.21522	1.956506	2.468051
840	-547.4966	-580.0944	32.59777	1.671681	0.122387	0.334371	0.460404	0.0828385	2.013141	0.7271109
846	-539.5899	-571.7201	32.13022	1.671681	0.271239	0.425194	0.188823	0.114744	2.487863	0.7154268
852	-537.1041	-567.7979	30.69371	4.735118	0.189294	0.296642	0.451717	0.0623471	2.102853	0.7154268
858	-543.364	-575.9391	32.57512	1.539548	0.281509	0.403286	0.254675	0.0605298	2.2229	0.5410059
864	-539.2851	-564.9341	25.649	1.981673	0.231193	0.556017	0.018585	0.194205	0.6154526	5.818216
870	-540.2775	-572.8825	32.60496	0.7699524	0.0325548	0.660694	0.207587	0.0991646	0.8991935	2.273583
876	-544.3286	-571.9497	27.62112	4.111031	0.0224211	0.418516	0.394238	0.164825	0.8782455	3.852489
882	-533.1584	-563.8665	30.70805	4.456102	0.281983	0.273152	0.193819	0.251045	2.02395	0.9571711
888	-539.3897	-566.6965	27.30672	13.01148	0.41805	0.126988	0.29531	0.159652	1.849658	1.711806
894	-537.2783	-562.888	25.60976	6.854389	0.431107	0.124538	0.304533	0.139822	1.437517	4.037191
900	-528.4077	-558.2307	29.82298	5.585067	0.0139524	0.675399	0.216488	0.0941598	2.007364	1.326922
906	-527.3597	-560.014	32.65429	1.487686	0.0533276	0.699621	0.183038	0.0640127	2.174316	0.5984282
912	-538.2797	-567.8498	29.57005	1.308941	0.0202594	0.89169	0.0652359	0.0228145	1.823616	3.239838
918	-537.9907	-567.1896	29.19892	1.308941	0.0730615	0.458255	0.435212	0.0334712	1.553637	3.6152
924	-536.1245	-566.4519	30.32733	3.454189	0.386597	0.248551	0.22148	0.143373	2.224603	1.537699
930	-539.0063	-570.2859	31.27955	3.454189	0.261384	0.337169	0.291462	0.109985	2.085615	0.8115101
936	-541.0643	-570.2472	29.18282	3.722658	0.199305	0.0628411	0.61118	0.126674	2.025903	2.349131
942	-540.6159	-567.5671	26.95119	12.93686	0.111405	0.0722513	0.702701	0.113642	1.935719	1.909369
948	-537.7005	-564.0234	26.32294	20.2966	0.266748	0.317857	0.0649603	0.350435	1.798114	1.488009
954	-543.7241	-568.6513	24.9272	27.44973	0.129876	0.495209	0.30586	0.0690548	2.492733	1.257818
960	-543.4391	-574.4718	31.03269	2.758494	0.286099	0.0823998	0.479384	0.152118	2.311524	1.237074
966	-538.4156	-569.236	30.82047	1.296237	0.262821	0.352369	0.271368	0.113443	2.874078	1.801849
972	-541.0867	-569.1898	28.10311	8.168734	0.137686	0.281173	0.573718	0.00742324	2.507567	1.566536
978	-544.7595	-570.7485	25.98898	16.3079	0.294825	0.455989	0.237148	0.0120386	3.561513	0.8062307
984	-540.6669	-568.2311	27.56413	2.781737	0.0320838	0.379746	0.57398	0.0141901	2.852987	3.162666
990	-535.3406	-566.5238	31.18315	2.781737	0.0419526	0.414117	0.518111	0.0258199	1.852776	1.470282
996	-533.232	-564.684	31.45201	0.8594412	0.0323593	0.576396	0.383283	0.00796122	2.366042	2.007694
1002	-530.1838	-561.9019	31.71809	1.758241	0.343826	0.205593	0.424663	0.0259179	2.127232	1.403697
1008	-533.8965	-565.5322	31.63573	0.9042926	0.220098	0.176894	0.587738	0.0152696	2.192275	1.97017
1014	-543.2034	-571.5356	28.33226	4.747384	0.0654547	0.595902	0.253961	0.0846814	3.100776	1.876611
1020	-537.9801	-567.668	29.68789	6.160116	0.0673641	0.613286	0.26137	0.0579801	2.556369	0.6557022
1026	-543.4764	-570.7094	27.23291	15.90969	0.57773	0.219472	0.164605	0.0381934	2.513247	0.4221638
1032	-536.5356	-565.6586	29.12294	8.477845	0.251141	0.0954051	0.442277	0.211176	2.167251	0.905791
1038	-545.1357	-574.1009	28.96525	4.336947	0.323643	0.394895	0.0942376	0.187225	4.081715	0.5576929
1044	-539.8848	-570.0306	30.14579	4.675752	0.452413	0.160102	0.284155	0.10333	1.393703	1.825792
1050	-536.5372	-568.0395	31.50229	1.792559	0.180433	0.246544	0.382642	0.190381	2.755584	0.1938507
1056	-535.2491	-564.3691	29.11996	5.74064	0.372534	0.182121	0.357964	0.0873803	2.828205	0.1512814
1062	-542.4346	-573.2255	30.79093	1.974077	0.0835523	0.326783	0.572759	0.0169058	2.926642	0.1098907
1068	-529.6279	-560.6334	31.0055	1.974077	0.00705632	0.745544	0.239334	0.00806632	2.822449	0.1269808
1074	-535.1106	-565.2856	30.17503	4.34085	0.175084	0.224864	0.580488	0.0195643	2.636574	0.228661
1080	-536.3176	-568.2267	31.90903	1.666384	0.0311801	0.861959	0.103377	0.00348414	2.546294	0.228661
1086	-535.898	-567.665	31.767	1.666384	0.183676	0.385252	0.417017	0.0140548	2.688331	0.228661
1092	-538.2473	-568.096	29.84871	4.012934	0.269243	0.0557447	0.351002	0.32401	2.993236	1.060592
1098	-534.7429	-565.2026	30.45977	3.948841	0.249251	0.261892	0.324939	0.163919	2.302811	1.162075
1104	-531.6818	-562.9667	31.28494	2.816206	0.201226	0.211432	0.455006	0.132336	2.18115	1.098851
1110	-531.3118	-561.3966	30.08478	2.816206	0.280946	0.295194	0.239097	0.184763	2.118331	2.039583
1116	-534.4278	-565.5055	31.07778	2.020292	0.18332	0.192316	0.60109	0.0232737	2.557221	1.409593
1122	-535.0007	-565.7339	30.73326	1.671842	0.0327529	0.857245	0.0803652	0.0296373	1.641855	2.452922
1128	-539.5854	-568.6077	29.02231	4.308178	0.310484	0.0514129	0.435881	0.202222	1.47239	2.612886
1134	-533.2562	-565.7248	32.4686	2.016071	0.197395	0.561151	0.216617	0.024837	1.840327	0.7753081
1140	-535.5977	-563.4249	27.82721	10.98175	0.296918	0.277832	0.252585	0.172665	2.969619	0.3927605
1146	-526.5463	-558.2596	31.71337	2.195652	0.369205	0.0186505	0.577719	0.0344256	2.560509	0.5939034
1152	-528.3224	-559.5154	31.19302	2.991764	0.57148	0.00750893	0.353448	0.067563	2.560509	0.5939034
1158	-525.881	-557.622	31.74097	2.071597	0.420857	0.0326806	0.482701	0.0637613	2.621415	0.5987671
1164	-532.8882	-560.1183	27.23007	16.63351	0.254231	0.207732	0.477443	0.0605949	2.389357	0.5561426
1170	-531.4438	-561.59	30.14623	4.692952	0.364816	0.101619	0.338826	0.194739	2.642679	0.3090309
1176	-538.7734	-566.1876	27.41416	13.78403	0.0920109	0.147884	0.085456	0.674649	2.669792	0.3090309
1182	-528.4999	-559.0619	30.56195	3.826868	0.0578381	0.440248	0.31495	0.186963	2.669792	0.3316037
1188	-529.2339	-558.5959	29.362	7.677663	0.183043	0.139974	0.445076	0.231907	2.201227	0.8785775
1194	-530.521	-560.6294	30.10838	4.272887	0.0844044	0.157673	0.574611	0.183312	2.751331	0.913206
1200	-536.6555	-564.9343	28.27882	9.267614	0.166684	0.0554509	0.595101	0.182764	2.710265	0.9815694
1206	-534.4052	-565.3779	30.97262	2.275302	0.0971647	0.423338	0.236712	0.242785	2.318663	1.530232
1212	-529.1566	-561.7932	32.63668	0.8475773	0.0296272	0.622004	0.263297	0.0850724	2.477483	1.034026
1218	-531.6106	-559.1683	27.55766	14.97872	0.221945	0.36995	0.130569	0.277536	2.275957	0.7667501
1224	-529.5491	-559.4988	29.94974	4.740414	0.21801	0.420171	0.289192	0.0726275	2.79498	0.291861
1230	-528.6896	-559.4296	30.73997	3.264785	0.124747	0.470282	0.323682	0.0812893	2.73541	0.283494
1236	-532.1861	-561.7268	29.5406	6.125873	0.248461	0.197893	0.39174	0.161906	2.73541	0.4034373
1242	-542.6419	-566.4438	23.80187	23.59894	0.120667	0.347558	0.203366	0.328408	2.785597	2.208296
1248	-542.6472	-568.5797	25.9325	4.745589	0.0269181	0.762639	0.0804796	0.129963	2.277377	3.847579
1254	-538.0841	-564.0343	25.95013	4.745589	0.0559552	0.327482	0.60976	0.006803	0.8914402	4.623601
1260	-534.5501	-560.1553	25.60519	4.745589	0.157923	0.267204	0.571377	0.00349625	1.236374	4.623601
1266	-541.3712	-572.5783	31.20704	0.8027117	0.033875	0.160009	0.804248	0.00186776	1.856676	2.530039
1272	-538.9493	-570.7481	31.79883	1.692475	0.0961898	0.388181	0.393856	0.121773	2.70639	0.8488565
1278	-535.588	-567.3337	31.74568	1.692475	0.0169759	0.647256	0.308559	0.0272095	2.403383	1.200042
1284	-540.5187	-571.136	30.61727	3.826805	0.321945	0.350465	0.300625	0.0269648	1.67271	1.584561
1290	-543.2853	-572.2247	28.93938	3.726323	0.152079	0.341883	0.374883	0.131156	2.862012	1.961726
1296	-541.181	-572.0089	30.82785	2.965063	0.211221	0.0624743	0.71068	0.0156252	2.479919	1.159185
1302	-548.1074	-577.9499	29.84256	4.875752	0.189419	0.352755	0.309416	0.14841	2.189625	1.403128
1308	-538.1204	-567.4708	29.35041	6.063159	0.0552711	0.776285	0.113841	0.0546032	2.05614	1.509962
1314	-539.3519	-569.9041	30.55225	3.310657	0.089071	0.344131	0.346199	0.220599	2.80548	0.9154241
1320	-536.5274	-566.707	30.17959	3.310657	0.334334	0.179724	0.439192	0.046751	2.812858	1.25636
1326	-540.3855	-567.558	27.17249	9.518393	0.369486	0.134269	0.436122	0.0601229	2.815035	1.730985
1332	-541.0248	-571.2478	30.22306	4.315074	0.478963	0.389087	0.0490704	0.0828804	2.219854	1.280542
1338	-537.5403	-565.8417	28.3014	7.501756	0.478449	0.132754	0.0215265	0.36727	1.622876	2.181361
1344	-538.0481	-567.113	29.06488	4.066368	0.272429	0.0377333	0.628532	0.0613063	3.04558	1.626984
1350	-539.8644	-568.7334	28.86898	5.763625	0.471424	0.0989425	0.323546	0.106088	3.068027	1.178951
1356	-536.0034	-566.9106	30.90723	3.529351	0.0433503	0.116521	0.718069	0.12206	1.917466	1.294862
1362	-545.6889	-575.4198	29.73082	4.623558	0.334544	0.282221	0.112775	0.27046	1.921116	1.764307
1368	-537.2704	-566.9419	29.67143	5.446114	0.174753	0.634521	0.0518177	0.138908	1.958341	1.524935
1374	-540.7582	-570.6411	29.88296	4.457312	0.378848	0.167318	0.356036	0.0977976	3.072055	0.6579726
1380	-536.302	-566.4215	30.11949	4.457312	0.301277	0.133059	0.196734	0.36893	2.413156	1.147043
1386	-538.8906	-567.089	28.19835	9.280455	0.591742	0.172032	0.166702	0.0695243	2.132682	1.531077
1392	-524.427	-554.8895	30.46251	4.829062	0.0639643	0.50814	0.340589	0.0873072	2.24405	0.7873902
1398	-525.2449	-557.6879	32.44303	1.705884	0.090419	0.513583	0.288993	0.107005	2.190125	0.6316345
1404	-527.0633	-555.1405	28.0772	7.052882	0.314103	0.17771	0.38284	0.125347	1.734915	2.349844
1410	-529.573	-561.5539	31.98089	1.014839	0.162397	0.619478	0.169372	0.0487534	1.152249	2.349844
1416	-534.6768	-565.1118	30.43497	2.0179	0.0328615	0.317492	0.496295	0.153351	2.345867	2.016633
1422	-534.4655	-564.9541	30.48864	4.269853	0.149906	0.384453	0.0892219	0.37642	1.781109	1.43484
1428	-534.4921	-561.5978	27.10575	6.400783	0.129142	0.591112	0.260787	0.0189585	1.43509	3.265468
1434	-538.5359	-568.8038	30.26788	4.676332	0.0786992	0.473627	0.43612	0.0115533	1.59246	1.598882
1440	-535.4714	-563.2455	27.77418	2.126841	0.0319303	0.27174	0.559458	0.136872	1.374566	4.153812
1446	-533.9184	-564.7155	30.79708	1.620517	0.0364411	0.310129	0.638494	0.0149365	0.9484052	2.866939
1452	-536.3599	-564.3102	27.95021	2.89496	0.107954	0.485413	0.394513	0.0121205	0.8471701	4.062729
1458	-543.2049	-568.9762	25.77128	7.753242	0.33837	0.518832	0.104807	0.0379906	0.9306485	4.062729
1464	-530.5553	-560.1814	29.62603	5.128121	0.193027	0.468998	0.110714	0.227261	1.223166	2.15436
1470	-541.6254	-571.9173	30.29193	0.636546	0.182117	0.221618	0.437212	0.159053	2.738394	2.659431
1476	-534.7187	-565.9558	31.23712	2.32401	0.127587	0.454684	0.306301	0.111429	2.652906	1.002343
1482	-530.6943	-562.9284	32.23405	1.576101	0.343439	0.166452	0.418552	0.0715567	1.66385	1.478104
1488	-527.6043	-560.6539	33.04953	1.100473	0.265153	0.412954	0.266648	0.0552455	1.984412	0.8472797
1494	-536.0871	-566.8274	30.74032	2.207	0.173977	0.458826	0.305815	0.0613823	1.775502	2.100484
1500	-539.5552	-569.9495	30.39425	3.340429	0.45152	0.382021	0.117299	0.0491604	2.005822	1.693446
1506	-540.1407	-570.6355	30.49486	3.340429	0.120623	0.782347	0.0368011	0.0602286	1.905214	1.693446
1512	-539.3793	-570.079	30.69972	2.342858	0.00918549	0.424742	0.540025	0.026048	2.820349	1.3175
1518	-539.4307	-569.7832	30.35244	2.275554	0.00649239	0.405077	0.566636	0.0217947	2.820349	1.616952
1524	-539.6249	-567.7149	28.09	4.05572	0.18394	0.524298	0.229537	0.0622259	1.693524	3.118386
1530	-537.2327	-566.9395	29.70679	3.391477	0.238975	0.354434	0.319875	0.0867161	2.592917	1.74412
1536	-539.6709	-568.9972	29.32623	2.372426	0.34106	0.102003	0.456518	0.100418	1.632527	2.99931
1542	-540.3661	-570.1851	29.81905	3.649931	0.0461817	0.191141	0.587831	0.174847	2.232565	1.818996
1548	-537.4193	-568.7475	31.32822	2.268573	0.173486	0.201355	0.478938	0.146221	2.799858	0.30075
1554	-535.7632	-565.7505	29.98729	4.32024	0.161189	0.0787064	0.624248	0.135857	2.964107	0.3008419
1560	-540.561	-567.3902	26.82926	5.210921	0.374124	0.0877242	0.436046	0.102105	1.49738	3.66357
1566	-537.3883	-566.7065	29.31818	3.723522	0.476335	0.145325	0.190457	0.187883	1.720208	2.456399
1572	-536.6796	-565.1026	28.42307	9.202457	0.18457	0.234921	0.288196	0.292313	2.814073	0.3473634
1578	-536.0018	-567.1579	31.15611	3.636714	0.152946	0.380436	0.296457	0.170161	2.170843	0.724686
1584	-542.1421	-572.3862	30.24412	4.385015	0.333133	0.0703138	0.430119	0.166433	1.364642	1.870468
1590	-536.5964	-565.9883	29.39186	5.183174	0.264182	0.430844	0.217802	0.0871709	2.29315	1.56495
1596	-536.6732	-565.4969	28.82371	7.0509	0.255186	0.292626	0.216889	0.235299	2.780067	1.053
1602	-534.9152	-565.9627	31.04756	1.355187	0.261588	0.406675	0.187861	0.143876	2.094637	2.136404
1608	-526.4748	-558.9921	32.5173	1.568511	0.164058	0.496099	0.229169	0.110674	1.93773	1.014629
1614	-530.3149	-558.36	28.04512	9.529292	0.0821043	0.604675	0.161065	0.152155	1.764278	1.852447
1620	-530.2555	-561.7634	31.50786	1.549826	0.0696883	0.557072	0.244094	0.129146	1.532862	2.091343
1626	-533.6291	-565.1237	31.49459	1.798942	0.108816	0.423886	0.381143	0.0861549	2.698387	1.0848
1632	-525.6517	-556.078	30.42627	4.063014	0.214601	0.40544	0.21418	0.16578	2.644344	0.2964708
1638	-528.7988	-558.6143	29.81546	5.781834	0.250597	0.643368	0.0653515	0.0406834	2.490773	0.2906844
1644	-527.6611	-558.9506	31.28947	2.772012	0.179628	0.585504	0.207326	0.027542	2.490773	0.2906844
1650	-530.1826	-559.9629	29.78037	5.87162	0.398255	0.27484	0.232832	0.0940718	2.490773	0.2906844
1656	-527.0518	-556.2376	29.18584	5.87162	0.45232	0.127769	0.182518	0.237393	2.788554	0.1695694
1662	-527.5106	-555.8798	28.36914	8.044594	0.358684	0.214386	0.241658	0.185273	2.788554	0.1546885
1668	-531.0306	-559.6744	28.64374	6.899731	0.383986	0.338511	0.112028	0.165475	2.881614	0.1526388
1674	-539.7034	-566.4633	26.75989	16.45594	0.0644914	0.246356	0.44296	0.246193	2.881614	0.4149546
1680	-541.1123	-567.1729	26.0606	16.45594	0.244413	0.302283	0.230943	0.222361	3.027306	1.238491
1686	-525.6578	-554.1281	28.47027	10.95606	0.264987	0.327729	0.250384	0.156899	1.815389	1.217041
1692	-527.4316	-556.1976	28.76603	7.797533	0.0358903	0.549106	0.387818	0.0271857	1.442709	1.930105
1698	-523.864	-554.723	30.85899	2.570426	0.0361717	0.681536	0.268563	0.0137287	2.258319	1.51085
1704	-534.7171	-565.0642	30.34702	3.654918	0.189194	0.458162	0.135189	0.217455	2.133903	1.509891
1710	-544.2105	-574.373	30.16258	3.502307	0.110039	0.286003	0.0498397	0.554118	1.756257	1.963236
1716	-546.6668	-573.6933	27.02649	7.06571	0.176821	0.371438	0.0560673	0.395674	2.003871	2.831808
1722	-537.8676	-563.3828	25.51526	9.112425	0.594783	0.107605	0.0690201	0.228592	1.933867	3.393845
1728	-538.8782	-563.6627	24.78452	5.409391	0.323326	0.328233	0.212811	0.13563	1.641482	4.696816
1734	-536.9803	-567.3765	30.39619	5.409391	0.371799	0.348186	0.261151	0.0188639	1.959913	0.9125834
1740	-536.5585	-567.2739	30.71546	3.683074	0.257738	0.399738	0.132708	0.209816	2.657202	0.4395469
1746	-537.7743	-566.6669	28.89261	8.944299	0.268942	0.07383	0.254637	0.402591	2.149982	1.020376
1752	-542.1121	-568.532	26.41982	15.07476	0.0660158	0.17102	0.554774	0.20819	1.707378	2.118682
1758	-535.7553	-566.1055	30.35014	2.779959	0.136094	0.536242	0.105635	0.222029	1.503034	2.282012
1764	-542.963	-571.6599	28.69685	9.496464	0.0523284	0.516522	0.21607	0.21508	1.532889	1.561337
1770	-536.3423	-561.6081	25.2658	15.38305	0.0415215	0.574608	0.240368	0.143502	2.414373	2.367658
1776	-530.9012	-558.2797	27.37848	15.38305	0.0420011	0.356024	0.126414	0.475561	1.875805	1.268609
1782	-528.3642	-557.5557	29.19156	7.235185	0.267936	0.167299	0.465865	0.0989	2.103664	1.269487
1788	-528.6088	-558.0054	29.39658	7.824978	0.37387	0.233445	0.207671	0.185015	2.203363	0.7718819
1794	-534.4006	-562.5729	28.17223	10.84481	0.228482	0.367857	0.110876	0.292785	1.724952	1.544285
1800	-537.7232	-565.1606	27.43738	10.84481	0.257359	0.39399	0.179169	0.169482	1.460847	2.226754
1806	-535.0226	-566.5623	31.53968	1.357993	0.0610509	0.705778	0.164164	0.0690072	1.460713	2.226754
1812	-539.2369	-567.2348	27.99793	6.707528	0.0998595	0.502219	0.285048	0.112873	1.280482	2.756716
1818	-537.288	-566.5923	29.30428	4.168602	0.309536	0.601875	0.0655	0.0230885	2.389477	1.883351
1824	-533.6712	-562.5716	28.9004	4.460325	0.205998	0.400553	0.372611	0.0208378	1.237299	2.787858
1830	-535.1329	-560.4017	25.2688	18.01164	0.684456	0.22609	0.0652054	0.0242484	1.742425	2.487161
1836	-529.8333	-556.7494	26.91613	10.42841	0.202533	0.516317	0.148908	0.132241	1.51411	2.589271
1842	-533.0227	-561.0228	28.00006	7.085659	0.298461	0.32894	0.197344	0.175255	1.320031	2.650442
1848	-530.6961	-560.0695	29.37345	3.275228	0.368371	0.134226	0.332945	0.164458	0.9618334	3.036156
1854	-537.108	-566.2541	29.14615	5.826914	0.153848	0.056059	0.762481	0.027612	2.027825	1.743761
1860	-543.8964	-568.401	24.50456	30.10754	0.172066	0.481453	0.26739	0.079091	1.434769	2.094409
1866	-540.4947	-568.1152	27.62048	10.20528	0.0493541	0.6283	0.154977	0.16737	1.934962	1.901366
1872	-534.5802	-564.9014	30.32117	4.419167	0.0797709	0.12077	0.510965	0.288494	2.379198	1.007027
1878	-537.0369	-569.3073	32.27038	1.864613	0.227638	0.131087	0.532284	0.108991	1.990313	0.9683999
1884	-535.2557	-568.1472	32.89155	0.705447	0.0584249	0.460149	0.443576	0.0378494	2.292762	1.108319
1890	-544.0388	-572.7344	28.69564	8.275821	0.219576	0.494277	0.113362	0.172784	2.872374	0.4800724
1896	-539.2715	-569.7949	30.52345	4.119435	0.185172	0.197322	0.609783	0.00772246	2.537251	0.7546354
1902	-532.3424	-563.384	31.04157	2.607944	0.209183	0.204495	0.583859	0.00246219	2.932636	0.6430927
1908	-533.2409	-562.5357	29.29479	4.762269	0.115758	0.426585	0.455735	0.00192188	2.585766	1.55577
1914	-539.5835	-569.6491	30.0656	2.035612	0.283506	0.187579	0.345613	0.183302	2.252202	2.309306
1920	-541.7731	-567.3147	25.54155	8.95832	0.379252	0.387275	0.202783	0.0306901	1.739583	3.517926
1926	-540.5945	-562.462	21.86751	34.51958	0.257417	0.304214	0.214058	0.224311	1.262512	3.517926
1932	-529.5484	-561.2886	31.74025	1.084616	0.0330804	0.439458	0.411576	0.115885	1.554926	2.201912
1938	-536.0213	-567.251	31.22973	1.482781	0.358638	0.260432	0.194463	0.186467	1.905717	2.066872
1944	-530.3843	-560.5068	30.12242	1.479082	0.095257	0.760352	0.106797	0.0375942	1.252891	3.160965
1950	-538.6472	-570.1109	31.46361	1.212351	0.158547	0.0798312	0.72861	0.0330113	1.622232	2.257956
1956	-530.0284	-558.7914	28.763	5.243534	0.315649	0.0615901	0.615001	0.00775967	1.87718	2.257956
1962	-533.867	-565.1517	31.28464	3.053363	0.319391	0.0392554	0.633501	0.00785167	2.313619	0.8056417
1968	-533.6134	-564.1749	30.5615	4.765086	0.268082	0.0452014	0.663352	0.0233648	2.137577	0.8343262
1974	-530.3655	-560.3763	30.0108	4.765086	0.100665	0.0523402	0.818176	0.028818	2.155562	1.336141
1980	-529.4246	-556.2494	26.82475	4.765086	0.3103	0.0471349	0.468542	0.174023	1.964613	3.507151
1986	-530.139	-560.2175	30.07853	4.851977	0.482813	0.0607971	0.185619	0.270771	2.529031	0.8969635
1992	-537.0425	-563.2764	26.23391	12.17003	0.673608	0.047694	0.0369538	0.241744	2.372943	2.208778
1998	-538.0584	-564.9497	26.89129	10.3126	0.450466	0.0318947	0.355976	0.161663	2.17109	2.208778
2004	-534.7296	-563.4624	28.73282	5.634043	0.527209	0.0372849	0.334739	0.100767	2.760364	1.569694
2010	-541.2075	-568.1775	26.96998	9.944968	0.544035	0.0256766	0.0134702	0.416819	2.716829	1.858945
2016	-535.3226	-563.8753	28.55275	9.022761	0.327954	0.466016	0.00594905	0.200081	1.623131	1.696664
2022	-535.3126	-564.254	28.94141	5.797342	0.59174	0.00677367	0.0404735	0.361013	1.262091	2.393046
2028	-534.3677	-561.9996	27.63193	4.488331	0.546184	0.00607812	0.145543	0.302195	2.178308	2.97806
2034	-535.0795	-563.9787	28.89913	6.400967	0.381242	0.00513467	0.358335	0.255288	2.312142	1.561267
2040	-535.0692	-565.902	30.83284	3.294045	0.540414	0.00727844	0.389629	0.0626781	2.145789	1.275538
2046	-534.6398	-564.2765	29.63675	4.783462	0.493895	0.0077568	0.328068	0.17028	1.692113	1.936279
2052	-536.5754	-566.2554	29.67999	2.810836	0.183303	0.206499	0.302367	0.30783	1.252035	2.84282
2058	-535.5505	-567.0687	31.51822	2.416086	0.0920656	0.594562	0.158763	0.15461	1.657916	1.543607
2064	-533.5728	-565.3217	31.74889	2.34355	0.254833	0.0942259	0.634632	0.0163096	2.366504	0.7116395
2070	-536.1457	-564.1794	28.03366	9.331939	0.143974	0.0729286	0.773883	0.00921446	2.039742	1.707053
2076	-534.6144	-560.2937	25.67929	19.3787	0.587976	0.260103	0.0993125	0.0526078	1.905683	1.969419
2082	-536.918	-566.0634	29.14539	6.414346	0.278766	0.128523	0.311489	0.281222	2.613835	1.117755
2088	-533.7758	-561.3093	27.53352	7.83954	0.221391	0.123273	0.310755	0.344581	2.160333	2.259684
2094	-528.0016	-557.2684	29.26677	7.83954	0.605587	0.0526957	0.194419	0.147298	1.544095	1.494444
2100	-532.6352	-562.525	29.88985	4.237376	0.664743	0.000627778	0.278278	0.0563516	1.67638	1.947055
2106	-532.7548	-563.3062	30.55136	4.237376	0.457335	0.000258473	0.516168	0.0262384	1.382531	1.693448
2112	-532.429	-560.474	28.04506	6.222198	0.648972	0.00111418	0.31268	0.0372331	1.767647	2.536198
2118	-527.7961	-558.2977	30.50163	3.47793	0.502687	0.00714365	0.427379	0.0627903	1.460308	1.943219
2124	-531.2864	-561.5711	30.28466	3.931329	0.713794	0.00650912	0.224047	0.0556493	1.529913	1.881415
2130	-528.6485	-558.2903	29.64182	3.931329	0.525377	0.0397009	0.314673	0.120249	1.38162	2.39836
2136	-529.2872	-559.5777	30.29052	2.970596	0.077557	0.576065	0.196563	0.149816	1.855871	2.014545
2142	-526.3181	-557.0756	30.75756	3.328646	0.151374	0.613607	0.130559	0.10446	1.376617	1.882663
2148	-526.4732	-556.964	30.49074	3.824463	0.0123212	0.581228	0.362042	0.0444085	1.376617	1.882663
2154	-529.0759	-557.8759	28.80005	1.084677	0.00596003	0.815116	0.157443	0.0214814	1.209909	4.16294
2160	-530.9609	-558.8278	27.86687	3.396829	0.0103799	0.797705	0.14075	0.0511642	0.7114244	4.020978
2166	-529.9026	-560.0979	30.19529	1.365984	0.159515	0.692113	0.0428201	0.105551	0.99646	3.328472
2172	-522.8247	-552.8962	30.07156	2.087682	0.121763	0.669515	0.150793	0.0579286	0.9039287	3.110061
2178	-534.3331	-562.9586	28.62553	2.895947	0.0640407	0.352128	0.458531	0.1253	1.809377	3.110061
2184	-524.3836	-555.33	30.94639	2.963544	0.216335	0.185613	0.52188	0.0761717	1.357116	1.911991
2190	-531.1241	-560.5777	29.45357	2.736231	0.168089	0.342438	0.26738	0.222094	2.069305	2.508162
2196	-530.4643	-562.0111	31.54677	2.149605	0.167914	0.500351	0.109871	0.221863	2.131214	1.300179
2202	-530.8265	-559.5434	28.71695	7.229255	0.110131	0.105396	0.741071	0.0434012	2.829922	1.049515
2208	-529.0442	-561.4058	32.36156	1.34602	0.110665	0.114525	0.731199	0.0436115	1.785868	1.441045
2214	-529.8386	-561.3267	31.48816	1.34602	0.147877	0.598743	0.195103	0.0582761	2.140335	1.816199
2220	-535.3217	-559.6594	24.33774	4.504075	0.207558	0.462315	0.273844	0.0562833	0.8569822	5.597702
2226	-532.6631	-557.5665	24.90346	3.30393	0.135621	0.586177	0.160825	0.117376	0.9042424	5.597702
2232	-534.2494	-561.3192	27.06985	3.672968	0.0976559	0.746189	0.139979	0.0161762	0.9325869	4.263365
2238	-541.4016	-568.4742	27.07262	15.04489	0.0769467	0.506823	0.3973	0.0189304	2.407853	1.131249
2244	-540.1868	-567.626	27.43923	11.08739	0.0644551	0.186185	0.709602	0.0397578	2.553971	1.426276
2250	-546.8023	-577.056	30.25366	4.253967	0.51985	0.0358601	0.237048	0.207242	2.797037	0.368495
2256	-535.9983	-563.4947	27.49648	11.4302	0.417261	0.0131121	0.465384	0.104243	2.865766	0.1888278
2262	-534.524	-562.5943	28.07032	11.4302	0.567692	0.0132024	0.314174	0.104932	2.173915	1.15207
2268	-527.8962	-557.8079	29.91163	6.175261	0.428815	0.0132582	0.154743	0.403184	2.23696	0.8003898
2274	-527.9014	-558.3855	30.4841	5.310784	0.615319	0.0161874	0.181973	0.186521	2.005994	0.8003898
2280	-530.9472	-557.8585	26.91131	5.310784	0.288383	0.500166	0.104421	0.10703	1.761778	3.437605
2286	-528.3653	-557.6744	29.30915	6.704335	0.378077	0.107473	0.382013	0.132437	1.58737	1.70923
2292	-529.9662	-559.4652	29.49903	3.224936	0.328012	0.133865	0.360183	0.17794	2.422214	2.064721
2298	-533.4974	-564.196	30.69853	3.998628	0.313254	0.268223	0.248589	0.169934	2.508011	0.580703
2304	-530.5286	-562.7432	32.21462	1.499241	0.139371	0.315492	0.415535	0.129602	2.620093	0.4772595
2310	-530.3417	-560.474	30.13226	4.219193	0.112269	0.273278	0.510053	0.1044	2.935742	0.6585348
2316	-536.7807	-564.8256	28.04489	7.425527	0.288	0.024482	0.437234	0.250285	1.676793	2.327658
2322	-534.4811	-565.3461	30.86503	3.29008	0.510231	0.0304895	0.272443	0.186837	1.891182	1.452997
2328	-533.0012	-563.2172	30.21598	1.743812	0.364262	0.127053	0.431472	0.0772128	1.385343	2.893102
2334	-534.0785	-561.734	27.6555	2.787211	0.271281	0.0614227	0.663581	0.00371545	2.138453	3.52706
2340	-534.485	-565.735	31.25002	2.675706	0.0682056	0.745379	0.167611	0.0188045	2.490835	0.9133069
2346	-536.1515	-566.935	30.78357	1.109676	0.0105619	0.611146	0.370975	0.00731696	1.900204	2.573368
2352	-539.2242	-570.5792	31.35499	0.9871482	0.00414883	0.831229	0.0907022	0.0739202	2.265533	2.052305
2358	-534.0435	-563.9708	29.92727	4.861554	0.0217797	0.720603	0.193535	0.0640824	2.346041	1.212815
2364	-541.538	-570.6608	29.12279	2.644823	0.443598	0.124467	0.413107	0.0188291	1.851398	2.880966
2370	-543.9811	-571.2962	27.31514	7.298003	0.0364776	0.651156	0.297479	0.0148867	1.555564	2.880966
2376	-541.114	-567.671	26.55692	12.53059	0.206329	0.500416	0.220409	0.0728457	0.888873	2.880966
2382	-538.2931	-566.732	28.43895	6.770526	0.359025	0.239677	0.320233	0.0810645	1.664543	2.226164
2388	-548.2954	-579.4983	31.20287	1.264748	0.359728	0.465843	0.11396	0.0604684	2.650158	1.711341
2394	-541.5151	-569.3754	27.86022	3.712872	0.390166	0.241613	0.281567	0.0866539	1.027476	3.745461
2400	-541.6659	-573.5717	31.9058	1.606847	0.442091	0.179063	0.345445	0.0334015	1.754016	1.634534
2406	-538.0776	-570.224	32.14646	1.606847	0.166019	0.16745	0.607765	0.0587655	1.46019	1.672641
2412	-531.7592	-559.1456	27.38642	3.958679	0.109068	0.245883	0.474755	0.170294	1.466711	3.692338
2418	-532.6919	-560.2767	27.58472	7.085907	0.157876	0.592847	0.216374	0.0329031	1.275786	2.930398
2424	-538.1054	-565.4738	27.3684	8.465773	0.300865	0.24605	0.323167	0.129917	1.356854	2.74431
2430	-537.0443	-567.3022	30.2579	3.538394	0.481082	0.0425818	0.251077	0.225259	2.45128	1.383154
2436	-526.9483	-558.1256	31.17732	3.538394	0.181196	0.0350219	0.637818	0.145964	1.888071	1.082495
2442	-530.7677	-562.1912	31.42343	1.729199	0.151014	0.116481	0.610854	0.121651	2.023105	1.714899
2448	-529.9206	-560.5822	30.6616	2.34858	0.0285557	0.522873	0.350585	0.0979872	1.878936	2.018637
2454	-538.0313	-569.3141	31.2828	2.34858	0.104255	0.77196	0.0405832	0.083202	1.693185	1.721216
2460	-531.5057	-563.1136	31.60786	2.630932	0.186144	0.592841	0.0724601	0.148555	1.774986	1.272583
2466	-531.5408	-559.2582	27.71741	5.932396	0.00218393	0.831091	0.0524329	0.114292	1.646254	2.879164
2472	-534.854	-563.4477	28.59371	6.619921	0.00189233	0.720122	0.20039	0.0775962	1.131663	2.499963
2478	-542.8876	-569.6737	26.78607	12.08068	0.0762592	0.247853	0.533749	0.142139	1.913284	2.162218
2484	-538.9522	-566.4702	27.51802	10.47812	0.443013	0.194565	0.221244	0.141178	1.211811	2.393808
2490	-534.7077	-562.5491	27.84141	13.49289	0.0727049	0.739211	0.098623	0.0894615	2.167431	0.9264043
2496	-536.7774	-564.517	27.7396	13.49289	0.105647	0.403925	0.252564	0.237864	2.332717	0.8539435
2502	-533.4269	-564.4591	31.03221	3.136141	0.320396	0.370442	0.0845578	0.224603	2.613382	0.6513679
2508	-535.6086	-566.1981	30.58953	3.304553	0.231533	0.271943	0.239647	0.256877	2.07059	1.519243
2514	-533.4688	-564.5378	31.06904	2.448319	0.116568	0.405521	0.438044	0.0398674	1.973068	1.625606
2520	-537.2929	-566.6387	29.3458	5.90912	0.142291	0.591804	0.21724	0.0486648	1.974684	1.61669
2526	-538.1404	-568.3933	30.25299	2.556239	0.00604948	0.732971	0.164674	0.0963054	1.97646	2.131517
2532	-541.6939	-570.1009	28.40701	1.800638	0.013404	0.438367	0.334842	0.213387	1.784456	3.698093
2538	-543.0053	-572.5179	29.51263	1.40853	0.0337381	0.467661	0.270954	0.227647	1.948003	3.14703
2544	-534.5449	-564.8083	30.2634	4.1909	0.0945736	0.628668	0.237267	0.039492	1.659241	1.717338
2550	-538.9562	-566.4334	27.47715	6.680126	0.0246975	0.673832	0.259142	0.0423292	1.526131	2.929555
2556	-540.5497	-564.8192	24.26949	29.27553	0.395854	0.188092	0.06241	0.353644	2.141642	1.843005
2562	-537.2074	-564.5142	27.3068	15.20445	0.674097	0.132411	0.0233207	0.170172	2.237915	1.04274
2568	-539.048	-569.3826	30.33462	3.852528	0.295015	0.684586	0.0104554	0.00994342	1.598077	1.828058
2574	-536.9238	-564.3946	27.47082	12.24545	0.554704	0.243651	0.0196588	0.181986	1.790828	1.758782
2580	-537.6895	-564.838	27.14859	12.24545	0.498773	0.116893	0.0211197	0.363214	2.113063	1.758782
2586	-541.4232	-573.104	31.68076	1.809923	0.427608	0.100215	0.160787	0.311391	2.283607	1.275882
2592	-543.983	-571.0861	27.10311	10.32928	0.209343	0.165337	0.111582	0.513738	2.879485	1.578521
2598	-536.1109	-565.7975	29.68652	4.529064	0.143126	0.517402	0.0705173	0.268954	2.907482	1.060437
2604	-536.1309	-564.9518	28.82088	4.529064	0.27256	0.206606	0.108191	0.412644	2.255374	2.179523
2610	-536.5175	-567.8191	31.30163	2.521805	0.016539	0.602391	0.0378598	0.34321	2.758713	0.5510169
2616	-532.6908	-563.7959	31.10516	3.705735	0.438601	0.3877	0.0172573	0.156442	2.056003	0.8946981
2622	-536.4733	-565.4931	29.01982	5.354508	0.510218	0.36823	0.0453541	0.0761988	2.620254	1.545245
2628	-534.0434	-564.8907	30.84734	2.983612	0.485079	0.191067	0.186977	0.136878	2.729207	0.8833309
2634	-533.6234	-561.7917	28.16824	9.349842	0.469916	0.119577	0.237005	0.173502	2.987495	0.7563939
2640	-531.6471	-558.4749	26.82773	9.349842	0.608567	0.0613729	0.110731	0.219329	0.9875474	3.138015
2646	-533.9996	-563.3414	29.34186	5.300751	0.284476	0.322567	0.283763	0.109194	1.499716	2.111846
2652	-535.9618	-565.9328	29.97101	2.925409	0.310024	0.396196	0.286203	0.00757775	1.582765	2.415223
2658	-531.5473	-562.4757	30.92844	2.452636	0.0684639	0.377223	0.444233	0.110081	1.459361	2.072821
2664	-530.8385	-562.4555	31.61694	3.05533	0.362097	0.0946418	0.435375	0.107886	1.789483	1.017912
2670	-531.239	-561.6156	30.37661	3.542702	0.363514	0.414248	0.0738956	0.148342	1.779115	1.786723
2676	-535.567	-566.3425	30.77549	2.929345	0.337944	0.245206	0.133691	0.283158	1.803008	1.736786
2682	-541.0362	-571.2358	30.19964	4.411044	0.153771	0.646348	0.086195	0.113687	1.409639	1.861738
2688	-541.6447	-573.0701	31.42548	2.968983	0.307979	0.413993	0.200576	0.0774515	1.629065	1.367104
2694	-541.0555	-568.2473	27.19184	6.193078	0.513259	0.0869308	0.262875	0.136935	1.5454	3.194811
2700	-534.2238	-564.315	30.09117	4.046015	0.250352	0.118999	0.265867	0.364782	2.153603	1.536155
2706	-537.3788	-567.4971	30.11834	5.389575	0.256979	0.106899	0.288661	0.347461	2.46375	0.5551505
2712	-536.9776	-567.3181	30.34048	4.301244	0.314071	0.140768	0.486921	0.0582404	2.476537	0.9447242
2718	-534.9211	-565.0005	30.07945	2.307506	0.403053	0.210193	0.273623	0.113131	1.525704	2.633493
2724	-537.3453	-563.0968	25.75152	13.56795	0.267841	0.23199	0.306439	0.19373	1.871876	2.633493
2730	-538.3368	-570.993	32.65627	1.326703	0.447342	0.251762	0.215852	0.0850442	2.322078	0.5746578
2736	-535.8478	-564.4959	28.64808	7.16336	0.360609	0.40835	0.174001	0.0570396	1.751329	1.942093
2742	-536.4357	-566.1437	29.70805	4.87277	0.253078	0.179287	0.222224	0.34541	1.744492	1.825065
2748	-536.26	-563.6461	27.38612	5.963296	0.142271	0.596903	0.161051	0.0997748	1.772895	2.995307
2754	-537.061	-563.6865	26.62557	1.5192	0.218003	0.58014	0.0659317	0.135925	1.350247	5.080692
2760	-544.2452	-572.1068	27.86156	12.77776	0.478934	0.349509	0.0666717	0.104885	2.085671	1.138167
2766	-536.1738	-568.9849	32.8111	1.149275	0.234613	0.39331	0.320697	0.0513797	2.057299	0.9785146
2772	-535.1397	-565.1183	29.9787	2.801836	0.158757	0.505302	0.215868	0.120072	1.58691	2.455626
2778	-533.9035	-565.2533	31.34983	2.128449	0.423605	0.205461	0.270999	0.0999348	1.585495	1.857561
2784	-531.2053	-561.0921	29.88688	4.452136	0.431666	0.1541	0.367701	0.0465326	1.591625	1.937406
2790	-542.7369	-573.4366	30.69971	1.328236	0.0546163	0.336899	0.484506	0.123979	1.534438	2.724124
2796	-538.2926	-569.5994	31.3068	1.328236	0.300261	0.126978	0.563097	0.00966356	1.499776	2.367823
2802	-538.8241	-567.6978	28.87378	6.267492	0.190841	0.501746	0.224935	0.0824775	1.190107	2.367823
2808	-542.5052	-573.8678	31.3626	2.960592	0.394766	0.23273	0.201894	0.17061	1.353368	1.625478
2814	-539.1404	-571.2119	32.07147	2.137146	0.177817	0.591744	0.0707538	0.159685	1.840056	1.107899
2820	-533.6552	-565.8849	32.2297	1.090589	0.188953	0.421516	0.202879	0.186653	1.67903	1.788147
2826	-537.8521	-570.0422	32.19005	1.203732	0.0273721	0.507227	0.280732	0.184669	1.741473	1.696111
2832	-532.12	-563.3564	31.23641	2.310282	0.0393736	0.742284	0.0535796	0.164763	1.801603	1.696111
2838	-530.6846	-561.095	30.41031	5.804387	0.0323014	0.608957	0.0527403	0.306001	1.801603	0.8966077
2844	-528.2221	-558.1734	29.95125	3.098305	0.0372314	0.701899	0.239452	0.0214172	1.643455	2.323831
2850	-530.8717	-561.9849	31.11325	2.506666	0.0164709	0.524883	0.457471	0.00117579	2.134131	1.444338
2856	-534.4739	-562.5372	28.06325	2.359825	0.227479	0.233373	0.538438	0.000708936	1.723079	3.694016
2862	-534.9496	-565.8133	30.86367	1.771159	0.201097	0.352084	0.446192	0.000626716	2.233369	1.932537
2868	-538.6177	-568.5077	29.89	4.383061	0.532899	0.375382	0.0900584	0.00166077	1.911415	1.737828
2874	-536.6637	-568.9552	32.29145	1.271623	0.270214	0.295168	0.426748	0.00786969	1.627824	1.65973
2880	-542.0423	-567.5574	25.51515	11.54503	0.603718	0.191046	0.00883104	0.196405	1.548084	3.246788
2886	-542.6494	-568.5571	25.90764	7.882855	0.37694	0.264379	0.123204	0.235477	1.136689	3.843105
2892	-546.6237	-573.9061	27.28244	3.619117	0.479521	0.194146	0.136029	0.190303	1.135475	4.043456
2898	-545.4885	-571.0704	25.58189	7.965249	0.636838	0.193164	0.0194089	0.15059	1.086564	4.043456
2904	-543.0861	-572.0249	28.93882	3.068215	0.469434	0.375917	0.0215698	0.13308	1.258098	3.189984
2910	-535.9959	-565.4909	29.49504	2.332219	0.358423	0.486385	0.0872002	0.0679917	1.171689	3.189984
2916	-529.4999	-560.7052	31.20521	2.332219	0.247606	0.58419	0.0945113	0.0736923	1.239979	2.089117
2922	-538.0199	-566.7034	28.68351	6.690997	0.599995	0.26978	0.0139599	0.116265	1.379843	2.270064
2928	-537.1542	-568.0953	30.94112	3.870201	0.441429	0.0894775	0.2172	0.251894	1.765427	1.244244
2934	-533.5038	-560.3901	26.88635	7.162751	0.309287	0.306226	0.202604	0.181883	1.384414	3.266492
2940	-544.0296	-573.9192	29.8896	3.88842	0.273278	0.291443	0.135341	0.299937	2.069576	1.797095
2946	-540.5397	-571.8825	31.34276	2.431875	0.217754	0.656149	0.0310084	0.0950879	2.12951	1.306999
2952	-541.8416	-571.7071	29.86549	3.620632	0.274009	0.312328	0.141543	0.27212	2.424223	1.662875
2958	-537.1731	-568.2062	31.03309	3.620632	0.262689	0.218389	0.350982	0.16794	2.048448	1.025068
2964	-535.7943	-562.6002	26.80586	3.433397	0.626127	0.0517303	0.30918	0.0129623	0.7736917	4.574745
2970	-534.0615	-565.3635	31.30198	3.542545	0.106936	0.249872	0.19673	0.446463	2.015144	0.8113374
2976	-538.0493	-570.4321	32.38279	0.6429951	0.14704	0.343583	0.393225	0.116151	1.826328	1.897959
2982	-541.0511	-570.719	29.66795	2.354689	0.198809	0.110684	0.527344	0.163164	1.083647	3.130368
2988	-534.3639	-565.5584	31.19452	2.652798	0.324446	0.123647	0.369633	0.182274	1.287698	1.922005
2994	-532.7189	-564.1229	31.40401	1.952979	0.176565	0.490033	0.266595	0.0668071	1.566969	1.922005
3000	-531.8356	-561.7541	29.91846	4.183093	0.192507	0.512715	0.221939	0.0728389	1.363924	2.152228
3006	-535.5518	-564.0935	28.54174	11.33356	0.528934	0.248574	0.201776	0.020716	2.180344	0.5917825
3012	-534.4442	-565.2035	30.7593	4.528159	0.0715982	0.320338	0.558198	0.049865	2.081989	0.7894628
3018	-537.7086	-569.8911	32.18251	1.561917	0.120568	0.659131	0.0280638	0.192238	2.513576	0.3201534
3024	-535.5858	-567.7028	32.11701	2.197928	0.28933	0.319319	0.306291	0.085059	2.136229	0.6435698
3030	-537.4041	-569.4291	32.02506	2.193035	0.101945	0.772937	0.107921	0.0171971	2.146328	0.7865652
3036	-532.9633	-564.2895	31.32628	2.84653	0.0920258	0.381558	0.498631	0.0277854	2.146328	1.075427
3042	-539.989	-567.9922	28.00315	6.382091	0.180438	0.14741	0.433573	0.238579	1.454272	2.719043
3048	-532.5776	-564.2602	31.6826	1.918669	0.349595	0.187992	0.207126	0.255286	2.311663	1.179199
3054	-530.4202	-558.6704	28.25027	12.36496	0.179804	0.241102	0.402766	0.176328	1.87858	1.056806
3060	-529.7341	-556.0999	26.3658	12.36496	0.356791	0.221587	0.379642	0.0419797	1.534146	2.626452
3066	-531.5991	-563.6611	32.06202	2.290225	0.541734	0.273326	0.124711	0.0602286	1.787371	1.064497
3072	-534.0088	-563.6996	29.69077	5.976916	0.443691	0.189593	0.180856	0.185859	1.978306	1.332764
3078	-532.7767	-562.4681	29.69145	5.162808	0.237172	0.566804	0.0966752	0.0993494	2.613433	1.068556
3084	-534.7632	-563.8774	29.11421	5.162808	0.0961371	0.712504	0.10181	0.0895494	3.267721	0.9937352
3090	-533.9376	-564.0115	30.0739	5.162808	0.183118	0.480726	0.168822	0.167334	2.14725	1.144949
3096	-533.9083	-563.0352	29.1269	4.46663	0.265609	0.368825	0.269303	0.0962633	1.558291	2.447544
3102	-544.0799	-566.5937	22.51383	37.94202	0.327379	0.117756	0.152284	0.402581	1.135583	3.010113
3108	-536.6337	-566.95	30.31628	4.595849	0.168917	0.469535	0.230458	0.13109	2.218385	1.087202
3114	-546.5705	-572.4583	25.88778	14.44561	0.247575	0.393363	0.0918285	0.267234	1.202867	2.847705
3120	-536.8155	-567.9368	31.12129	3.94246	0.23491	0.578037	0.105981	0.0810723	1.769301	1.048038
3126	-533.137	-564.2583	31.12129	3.94246	0.433123	0.123025	0.228134	0.215718	1.769301	1.048038
3132	-534.8742	-563.1893	28.3151	11.03233	0.129153	0.460041	0.273037	0.137768	2.14166	1.046524
3138	-535.4291	-566.1277	30.69865	4.611888	0.0861397	0.504941	0.367246	0.041674	2.034436	0.8767536
3144	-531.6894	-561.5798	29.89045	2.791901	0.112503	0.478442	0.254235	0.15482	2.266572	2.080014
3150	-535.5137	-565.1448	29.63112	2.791901	0.184018	0.470159	0.0641193	0.281704	1.698622	2.606465
3156	-536.5293	-562.3222	25.79291	9.450822	0.0889295	0.291036	0.309815	0.31022	1.647613	3.342928
3162	-531.3428	-561.1344	29.79168	5.916608	0.0837732	0.232076	0.201301	0.48285	2.192124	1.083485
3168	-534.4563	-564.0814	29.6251	5.916608	0.169056	0.120337	0.256645	0.453961	1.809304	1.531077
3174	-538.8158	-568.1981	29.38229	6.188905	0.0126552	0.509197	0.114224	0.363924	1.546645	1.817796
3180	-535.7743	-566.1562	30.38181	2.147727	0.119137	0.359628	0.516036	0.00519874	2.281599	2.03121
3186	-539.5238	-570.5379	31.01413	1.184555	0.267368	0.15807	0.572277	0.00228505	1.796229	2.449532
3192	-541.6198	-567.178	25.55814	4.461962	0.413937	0.136027	0.44628	0.00375531	1.934089	4.330405
3198	-538.9025	-568.2959	29.39333	1.71997	0.286004	0.165721	0.543699	0.00457506	1.520465	3.314471
3204	-535.2391	-564.9032	29.66402	5.24993	0.189605	0.564924	0.242438	0.003033	1.511677	1.90346
3210	-532.0958	-564.1643	32.06851	1.942554	0.259019	0.0244616	0.658143	0.0583764	2.157335	0.9419684
3216	-535.3696	-568.0097	32.64011	0.5459336	0.120154	0.342218	0.483454	0.0541739	3.124683	0.4397895
3222	-537.7401	-567.9958	30.25576	3.61918	0.0686731	0.277568	0.579493	0.0742656	3.083608	0.3303278
3228	-533.731	-560.484	26.75302	14.40569	0.163783	0.43554	0.317506	0.083171	3.046931	0.222548
3234	-531.7786	-561.0181	29.23949	5.153556	0.241729	0.220324	0.518437	0.0195095	3.046931	0.1749398
3240	-540.2107	-569.3291	29.11838	6.76741	0.409176	0.389701	0.169004	0.0321194	2.817712	0.2881693
3246	-534.3939	-563.0141	28.62025	8.902242	0.116629	0.783335	0.0354727	0.0645629	2.717302	0.3650686
3252	-533.825	-563.0526	29.22761	6.979373	0.116629	0.783335	0.0354727	0.0645629	2.717302	0.3650686
3258	-529.2806	-560.1778	30.89718	3.564535	0.00657272	0.74803	0.0292457	0.216152	2.546657	0.5022133
3264	-532.3258	-561.707	29.38117	3.923531	0.00224601	0.753983	0.00604164	0.23773	2.964392	1.506922
3270	-540.3311	-571.9365	31.60539	2.321951	0.165414	0.669074	0.13246	0.0330516	2.53994	0.3515996
3276	-543.185	-574.8326	31.64762	1.065519	0.0385852	0.617059	0.27559	0.0687653	3.585235	0.4663606
3282	-535.1834	-565.8009	30.61754	3.901128	0.492281	0.121976	0.340036	0.0457077	1.484071	1.692723
3288	-533.631	-563.6302	29.9992	3.086238	0.346738	0.156541	0.463137	0.0335841	1.689836	2.268066
3294	-530.8926	-560.3689	29.47628	3.891502	0.22758	0.465882	0.276552	0.0299863	1.943943	2.157079
3300	-528.2	-561.2294	33.02936	0.6264026	0.0458656	0.543732	0.396207	0.0141962	2.207714	1.136203
3306	-527.6645	-558.6912	31.02676	3.567355	0.13048	0.727797	0.100555	0.0411678	1.896576	1.19525
3312	-537.7489	-566.2349	28.48599	10.04436	0.0948835	0.661333	0.0873772	0.156406	2.326294	0.9442636
3318	-532.2964	-564.2979	32.00151	1.194995	0.16845	0.276101	0.408391	0.147059	1.891242	1.729309
3324	-529.9558	-561.1206	31.16478	2.527661	0.225012	0.607949	0.116954	0.0500852	2.218205	1.327341
3330	-532.1249	-563.0502	30.92535	4.500848	0.0656514	0.377578	0.246749	0.310022	2.009867	0.6569577
3336	-536.6227	-566.5834	29.96069	4.766405	0.160979	0.285377	0.440715	0.112929	2.67498	0.9080994
3342	-535.8161	-564.796	28.97993	9.064714	0.388659	0.138392	0.439101	0.0338475	1.98567	1.061105
3348	-536.7593	-566.7807	30.02145	4.821589	0.126554	0.306882	0.241598	0.324967	2.439341	1.061105
3354	-541.2907	-568.8266	27.53585	10.4694	0.422984	0.0599346	0.460339	0.0567421	2.393678	1.590746
3360	-534.7833	-565.4602	30.67688	3.313657	0.288922	0.0416595	0.59596	0.0734589	1.88109	1.590746
3366	-542.1668	-569.8035	27.63674	16.04919	0.0685493	0.677061	0.241034	0.0133561	1.873668	0.9120715
3372	-540.9499	-567.5373	26.58737	20.51388	0.0683273	0.2533	0.0313869	0.646985	2.162165	0.9120715
3378	-540.9165	-569.7796	28.86312	8.798319	0.258245	0.396394	0.268702	0.0766601	2.003613	1.218112
3384	-531.4395	-560.8722	29.43267	7.706783	0.459236	0.29271	0.205892	0.0421608	1.877233	1.123501
3390	-542.0073	-567.4594	25.45209	16.32272	0.114285	0.126884	0.176631	0.5822	1.844587	2.497006
3396	-541.2452	-569.6762	28.43105	10.80744	0.101613	0.271238	0.157045	0.470104	2.008129	1.115244
3402	-541.185	-568.5573	27.37229	13.11381	0.112358	0.15641	0.21142	0.519812	2.935228	0.6049385
3408	-534.3184	-564.4513	30.13293	4.275351	0.527909	0.0642774	0.282742	0.125071	2.830327	0.7855526
3414	-534.6717	-565.0244	30.35276	4.275351	0.405427	0.0502422	0.463074	0.0812568	2.528679	0.8874424
3420	-539.2006	-568.9346	29.73397	4.055014	0.256941	0.130378	0.535521	0.0771598	2.513114	1.531126
3426	-542.228	-573.498	31.27005	2.53403	0.0984161	0.593966	0.20512	0.102497	2.763927	0.6154386
3432	-541.2261	-570.6689	29.44275	2.451352	0.094402	0.398208	0.193829	0.313561	1.751426	2.824835
3438	-540.1131	-567.7261	27.61301	2.451352	0.0994119	0.41934	0.171589	0.309658	1.714358	3.922364
3444	-543.9982	-571.3241	27.32594	7.470928	0.323412	0.258847	0.230771	0.18697	1.840722	2.66544
3450	-542.2249	-570.4262	28.2013	5.855798	0.167701	0.379427	0.119663	0.33321	1.889535	2.449651
3456	-531.9486	-559.2745	27.32584	8.271373	0.387639	0.185729	0.330995	0.0956372	1.805817	2.529938
3462	-533.665	-565.5289	31.86389	2.808631	0.138313	0.709937	0.117733	0.0340175	1.84785	0.8499763
3468	-539.1276	-565.3264	26.19877	8.431281	0.150435	0.698648	0.134509	0.0164081	1.147525	3.570591
3474	-538.128	-565.6143	27.48627	6.627553	0.147115	0.360235	0.145904	0.346745	1.271823	3.087834
3480	-531.4893	-562.3379	30.84861	1.982534	0.207748	0.570941	0.136532	0.0847787	1.767006	2.142891
3486	-536.1919	-563.8347	27.64285	11.64384	0.0689944	0.595172	0.0545998	0.281234	2.040074	1.557979
3492	-527.7166	-557.8827	30.16609	4.639779	0.199616	0.493059	0.0440297	0.263295	2.410048	1.028853
3498	-531.9285	-560.3983	28.46972	7.589387	0.154947	0.520577	0.046487	0.277989	2.605668	1.352495
3504	-527.2242	-556.5832	29.35906	7.589387	0.0726581	0.46212	0.266137	0.199085	2.243203	0.8663531
3510	-525.6272	-553.8772	28.25001	11.10096	0.0887106	0.343286	0.324935	0.243069	1.927826	1.277007
3516	-525.079	-557.025	31.94596	1.915642	0.0843467	0.156336	0.691764	0.0675531	1.786362	1.395565
3522	-532.359	-562.2256	29.86665	0.5995638	0.0751577	0.468568	0.424163	0.0321115	1.405258	3.726847
3528	-535.5102	-565.1192	29.60907	1.198	0.0491855	0.423081	0.506719	0.0210148	1.921081	3.220028
3534	-532.478	-561.1225	28.64453	2.411336	0.131902	0.503136	0.245776	0.119186	2.62364	2.796287
3540	-538.9523	-568.6211	29.66879	5.712235	0.133081	0.507633	0.22288	0.136407	2.311428	1.158924
3546	-544.9169	-572.7266	27.80976	5.712235	0.472491	0.184572	0.14809	0.194848	3.605951	1.603535
3552	-535.422	-564.6679	29.24596	5.712235	0.337564	0.0044101	0.128065	0.529961	2.867031	1.036916
3558	-535.1265	-562.8403	27.71387	12.12324	0.358812	0.0141883	0.412016	0.214984	2.075357	1.392238
3564	-535.6164	-563.5391	27.92271	8.492725	0.310725	0.0122869	0.490815	0.186173	2.510857	1.623691
3570	-541.4843	-568.6266	27.14235	6.821586	0.457648	0.011198	0.361481	0.169674	1.112514	3.345115
3576	-538.2942	-564.0808	25.78657	6.507614	0.556934	0.0136274	0.222954	0.206485	1.32362	4.071661
3582	-540.0578	-567.6984	27.64062	3.072525	0.566469	0.0138607	0.226771	0.1929	1.283922	3.9291
3588	-536.648	-566.7114	30.06338	4.157131	0.466964	0.0181022	0.444851	0.0700821	2.115924	1.544057
3594	-539.2335	-569.4948	30.2613	4.157131	0.492653	0.0848235	0.327334	0.0951888	2.868669	0.5736747
3600	-538.3965	-567.8523	29.45578	4.157131	0.145403	0.541251	0.26967	0.0436752	3.160864	1.198876
3606	-537.0806	-566.854	29.77339	3.569063	0.173043	0.354444	0.321755	0.150758	2.301896	1.832468
3612	-547.9222	-569.7054	21.7833	40.15094	0.368172	0.103321	0.342611	0.185896	2.501124	2.49544
3618	-543.9871	-571.0395	27.05239	16.71083	0.737119	0.0760299	0.0981059	0.0887451	2.438539	0.2931155
3624	-534.98	-565.3758	30.39587	4.633557	0.565667	0.0129963	0.337134	0.0842026	2.519209	0.5015869
3630	-534.0482	-563.7621	29.71388	4.633557	0.395133	0.0260564	0.42168	0.15713	2.729359	1.1542
3636	-532.2733	-562.7293	30.45605	3.799185	0.379847	0.156848	0.222566	0.240739	2.430964	1.119437
3642	-525.3995	-555.1312	29.73172	6.434111	0.282051	0.506402	0.109738	0.101808	2.009436	1.127533
3648	-530.7413	-560.4062	29.66492	6.429387	0.181822	0.132934	0.428181	0.257063	2.314164	0.8926131
3654	-532.775	-563.1932	30.41813	4.44859	0.194881	0.286516	0.324054	0.194549	2.32031	0.9541049
3660	-532.5582	-564.1692	31.61099	1.643409	0.0426175	0.490567	0.457018	0.00979785	2.33343	1.399354
3666	-534.5509	-567.1052	32.5543	0.5793045	0.193243	0.348331	0.346103	0.112323	2.315735	1.474899
3672	-532.0252	-564.1356	32.11049	1.108423	0.0908363	0.407874	0.464019	0.0372706	2.850626	0.9222051
3678	-537.4186	-569.2438	31.82525	2.065506	0.0611727	0.373684	0.398418	0.166725	2.383777	0.8569475
3684	-537.758	-570.0924	32.33445	1.369516	0.0439707	0.10727	0.708273	0.140486	2.3623	0.9446747
3690	-535.5831	-563.98	28.39696	9.375881	0.10582	0.304232	0.251854	0.338094	2.073424	1.405064
3696	-542.3037	-572.7994	30.49573	3.931923	0.11352	0.509268	0.268736	0.108475	2.156905	1.262945
3702	-535.4339	-565.5459	30.112	5.339429	0.20862	0.584309	0.148827	0.0582444	2.490692	0.4480902
3708	-535.4242	-565.3239	29.89969	5.584766	0.342349	0.206063	0.063168	0.38842	2.519621	0.7415867
3714	-532.4765	-563.5455	31.06894	2.465829	0.188943	0.33263	0.452316	0.0261107	2.983168	0.3575705
3720	-532.2707	-559.5701	27.29931	11.25682	0.250155	0.116422	0.598853	0.0345698	2.983168	0.1567698
3726	-536.599	-566.2344	29.63538	4.465329	0.165435	0.471999	0.26297	0.0995957	2.602238	1.388038
3732	-528.8956	-559.6232	30.72757	4.465329	0.280666	0.225024	0.36954	0.12477	2.196539	0.7086563
3738	-530.7508	-558.3212	27.5704	10.48342	0.398509	0.405657	0.172672	0.0231614	1.682895	2.055116
3744	-538.2076	-567.6985	29.49082	3.509554	0.347702	0.241367	0.277554	0.133377	1.722173	2.418451
3750	-535.0781	-566.411	31.33294	1.846342	0.00861613	0.52495	0.392355	0.074079	1.881203	1.812106
3756	-526.2846	-559.3253	33.04071	1.205322	0.00985268	0.576388	0.325907	0.0878524	1.895029	0.8446932
3762	-532.6039	-563.0787	30.47486	1.217172	0.00434748	0.389698	0.561314	0.0446403	2.228118	2.497551
3768	-532.4842	-562.4209	29.93674	1.177201	0.00253435	0.835574	0.0765876	0.0853043	1.632279	3.208673
3774	-531.7101	-564.1731	32.46304	1.557487	0.0133842	0.52486	0.218447	0.243309	2.111389	0.8992231
3780	-538.051	-567.1433	29.09236	8.108292	0.0981747	0.284864	0.484908	0.132054	2.277765	0.9416982
3786	-530.7312	-562.6611	31.92988	1.972321	0.0964568	0.733413	0.138004	0.0321267	2.246011	0.9706223
3792	-526.9721	-558.8098	31.83767	1.972321	0.060841	0.421728	0.492101	0.0253298	1.916362	1.344457
3798	-535.728	-565.201	29.473	3.828953	0.0755656	0.523794	0.123526	0.277115	1.623518	2.385233
3804	-546.0433	-572.5647	26.52144	12.32412	0.0540344	0.374547	0.373263	0.198155	1.773935	2.385233
3810	-552.2273	-582.9035	30.67619	1.818408	0.170538	0.453457	0.181929	0.194076	3.853942	0.6602966
3816	-546.7884	-576.9998	30.21143	1.818408	0.19615	0.453968	0.317269	0.032614	4.327879	0.3817615
3822	-535.1982	-563.7007	28.50258	10.7931	0.266447	0.325823	0.0637143	0.344016	2.278176	0.7436086
3828	-535.7164	-563.3854	27.66901	15.61221	0.223437	0.105341	0.58353	0.0876922	1.810754	1.029247
3834	-536.4757	-565.4706	28.99487	5.665206	0.191592	0.255385	0.484099	0.068924	2.544905	1.526097
3840	-531.8667	-562.817	30.95035	4.271853	0.287752	0.495989	0.0939732	0.122286	2.133694	0.5106305
3846	-536.6794	-563.4689	26.78946	17.55105	0.183921	0.317019	0.36741	0.13165	2.043342	1.286876
3852	-536.1181	-568.1358	32.01765	2.0294	0.101748	0.383624	0.444602	0.0700266	1.764903	1.286876
3858	-528.0158	-560.2744	32.25857	0.9866157	0.224741	0.340924	0.395115	0.0392191	2.75982	0.9882358
3864	-537.7487	-567.3278	29.57909	7.083408	0.237256	0.0391335	0.658271	0.0653399	2.079624	0.9882358
3870	-535.0171	-563.2355	28.21839	7.083408	0.422086	0.156866	0.304806	0.116242	1.879382	2.159579
3876	-538.2955	-563.9523	25.65678	20.35734	0.35949	0.0586047	0.126479	0.455426	2.335798	1.576313
3882	-539.0352	-567.8923	28.85717	5.020793	0.378939	0.276679	0.0237556	0.320626	2.072832	2.131691
3888	-539.8367	-564.7527	24.91597	9.38084	0.149941	0.489703	0.105442	0.254914	2.048574	3.632164
3894	-540.5752	-572.6347	32.05952	1.605905	0.191013	0.423981	0.189289	0.195717	2.530744	0.8321646
3900	-548.0503	-577.4924	29.44215	4.704147	0.0343691	0.506076	0.225942	0.233613	3.286028	0.8321646
3906	-541.9746	-569.868	27.89339	4.562367	0.393377	0.0575245	0.136598	0.412501	2.266353	2.745531
3912	-533.2569	-565.1737	31.91674	1.365316	0.12532	0.406009	0.298446	0.170224	2.117966	1.513124
3918	-526.9073	-559.2952	32.38791	1.365316	0.0828423	0.615075	0.169134	0.132949	1.731089	1.449498
3924	-526.7728	-555.7819	29.00917	5.670259	0.00938236	0.901211	0.0615464	0.0278601	1.785554	2.043619
3930	-530.7899	-562.4047	31.61477	3.219883	0.0118622	0.792729	0.187924	0.00748455	1.838735	0.8650633
3936	-532.9763	-564.4076	31.43135	2.231622	0.0219817	0.474113	0.358981	0.144924	2.621874	0.8983517
3942	-534.9695	-565.7734	30.8039	1.205457	0.0900398	0.441121	0.334	0.134839	1.659689	2.65293
3948	-526.4698	-557.7113	31.24151	0.4048828	0.138955	0.580909	0.067481	0.212656	1.03026	3.254832
3954	-532.304	-560.3548	28.05077	5.375112	0.480549	0.359339	0.0854509	0.0746613	0.9065735	3.254832
3960	-538.8654	-565.181	26.31561	5.481869	0.314634	0.483086	0.165759	0.0365211	1.709056	3.773174
3966	-534.0786	-564.287	30.20841	2.202545	0.324285	0.227295	0.323349	0.125071	0.9329624	2.960975
3972	-529.5252	-559.3269	29.80166	6.42681	0.380074	0.266398	0.20694	0.146588	1.442535	1.529945
3978	-527.3109	-558.3243	31.01341	3.256702	0.63562	0.0704435	0.204226	0.0897109	1.659471	1.529945
3984	-535.1202	-565.4833	30.36307	4.482748	0.159391	0.444896	0.109853	0.285861	1.679954	1.529945
3990	-536.1318	-565.653	29.52129	6.907474	0.317442	0.271803	0.0671129	0.343642	2.277255	0.9041587
3996	-536.9276	-565.5405	28.61298	6.907474	0.180179	0.0369844	0.262579	0.520258	1.717312	2.046798
4002	-536.4896	-565.3043	28.8147	10.50166	0.0908963	0.255099	0.596322	0.0576826	1.465495	1.316726
4008	-538.7873	-565.4211	26.63381	15.44953	0.443798	0.215349	0.292158	0.0486944	1.522603	2.051422
4014	-536.2648	-563.9813	27.7165	7.638986	0.082545	0.100743	0.672534	0.144179	1.706681	2.472114
4020	-530.9503	-561.11	30.15966	3.191626	0.0385919	0.440295	0.411966	0.109147	1.489866	2.254011
4026	-531.0933	-558.3825	27.28921	6.989331	0.264861	0.267928	0.400792	0.0664182	1.946558	2.722544
4032	-537.5358	-566.5165	28.98066	5.519736	0.33869	0.223868	0.334883	0.102558	2.073672	1.910322
4038	-547.8445	-576.2817	28.43723	5.519736	0.0633246	0.0811646	0.726502	0.129009	2.673415	1.872047
4044	-540.2251	-571.7069	31.48174	1.590145	0.32279	0.332386	0.329349	0.0154743	2.509982	1.397104
4050	-534.6164	-564.4455	29.8291	3.897871	0.21883	0.39774	0.338529	0.0449006	1.379252	2.291648
4056	-525.876	-555.3211	29.44506	2.104733	0.147373	0.415585	0.432112	0.00492959	1.655319	3.027996
4062	-534.2725	-560.7791	26.50663	2.104733	0.123665	0.197644	0.674555	0.00413655	1.420436	4.850216
4068	-532.4481	-562.0271	29.57908	3.219658	0.28341	0.0046402	0.653209	0.0587405	2.34181	2.06695
4074	-536.4277	-564.2638	27.83615	16.01203	0.498752	0.0025336	0.382417	0.116297	1.596116	1.001297
4080	-528.1501	-559.5538	31.4037	2.196244	0.125834	0.0890277	0.686966	0.0981722	1.531314	1.824222
4086	-532.0215	-563.5301	31.50867	1.621213	0.0971192	0.489012	0.374359	0.0395095	1.755091	1.902465
4092	-529.3919	-561.18	31.78815	2.151923	0.256589	0.377374	0.261653	0.104384	2.098782	1.120504
4098	-534.7385	-563.2082	28.46973	7.800175	0.143496	0.548362	0.136043	0.172099	1.881885	1.832222
4104	-535.6645	-564.97	29.30554	7.044732	0.348531	0.0184515	0.308169	0.324849	2.282505	1.069873
4110	-529.144	-559.1401	29.99604	6.53755	0.194129	0.496148	0.102951	0.206772	2.042735	0.767846
4116	-534.0185	-563.932	29.91344	6.53755	0.304078	0.487895	0.122314	0.0857131	1.847741	1.07479
4122	-529.9564	-558.8615	28.90511	7.169759	0.0136775	0.723966	0.164097	0.0982595	1.466402	1.959392
4128	-533.6541	-564.4295	30.77541	3.913696	0.0502006	0.79611	0.0441017	0.109588	1.384211	1.646754
4134	-529.8308	-556.7747	26.94392	17.00638	0.0834828	0.234651	0.439412	0.242454	2.029876	1.250241
4140	-531.2367	-560.9167	29.68003	6.365831	0.365371	0.372927	0.171754	0.0899477	2.474614	0.6816866
4146	-527.9794	-558.62	30.64059	4.611542	0.319263	0.492718	0.109244	0.0787752	1.77546	1.186706
4152	-531.3647	-561.9738	30.60907	3.865079	0.191844	0.721408	0.0290443	0.0577036	2.452707	0.9133685
4158	-529.431	-559.2897	29.85867	3.865079	0.0951951	0.70478	0.0542614	0.145763	1.833043	1.987028
4164	-527.595	-557.4496	29.85457	2.878735	0.0926411	0.704162	0.057561	0.145636	1.672603	2.4499
4170	-534.1815	-566.6338	32.45224	1.368128	0.0912021	0.532374	0.143605	0.232818	2.498354	0.5162604
4176	-537.0416	-565.2387	28.19709	9.972043	0.128671	0.341288	0.201573	0.328468	2.557317	1.02278
4182	-532.2289	-564.4364	32.20752	1.640805	0.364347	0.230117	0.294415	0.111122	2.397268	0.7744255
4188	-528.6991	-558.5966	29.8975	6.110387	0.378276	0.570479	0.0214558	0.0297895	1.802089	1.266616
4194	-536.442	-565.5973	29.15527	8.030191	0.154967	0.500919	0.0513777	0.292736	1.802089	1.334582
4200	-541.8671	-567.5794	25.71235	22.14312	0.216294	0.647635	0.0687856	0.0672861	1.606531	1.861082
4206	-542.3589	-566.8779	24.51897	22.14312	0.158466	0.230088	0.0903417	0.521104	1.228924	2.861701
4212	-536.9527	-564.9053	27.95258	12.35549	0.326998	0.0669943	0.431051	0.174956	1.527259	1.585091
4218	-536.2749	-563.4471	27.17215	10.87327	0.423157	0.132188	0.208044	0.236611	0.9590588	2.703732
4224	-534.6607	-563.1484	28.48773	7.324139	0.500551	0.200656	0.00966991	0.289123	1.5546	2.142781
4230	-543.9985	-570.3263	26.32779	1.779575	0.216396	0.362305	0.337248	0.0840506	0.2914031	5.709775
4236	-542.0448	-563.5985	21.55374	2.101162	0.131547	0.343219	0.435883	0.0893511	0.5557302	8.011229
4242	-534.4446	-564.1716	29.72702	5.182978	0.302987	0.254233	0.0135705	0.429209	1.749754	1.714846
4248	-539.0476	-567.1309	28.08328	5.182978	0.619448	0.22018	0.00569078	0.154681	2.610917	2.239627
4254	-535.0524	-561.8521	26.79974	6.543938	0.351557	0.54199	0.00377747	0.102675	1.08379	3.619578
4260	-531.3966	-562.0685	30.67194	1.477961	0.0942635	0.81371	0.00326557	0.0887612	1.263796	2.825064
4266	-529.21	-557.7456	28.5356	4.996982	0.219875	0.496714	0.00402865	0.279383	1.270755	2.842563
4272	-534.9699	-563.7643	28.79446	7.23845	0.174189	0.427106	0.00346409	0.395241	1.270755	2.14657
4278	-542.8726	-570.9886	28.11603	8.829155	0.156744	0.418025	0.247053	0.178178	1.451335	2.14657
4284	-537.4027	-567.6705	30.2678	1.555599	0.0716091	0.683552	0.1387	0.10614	1.11499	3.117465
4290	-531.9168	-562.1362	30.21935	1.661929	0.0367043	0.694896	0.152046	0.116353	1.074572	3.117465
4296	-531.0783	-560.7894	29.71101	4.723277	0.0252373	0.61595	0.278811	0.0800024	1.525088	2.016419
4302	-537.3025	-564.9841	27.68158	1.908965	0.176289	0.376051	0.342996	0.104665	1.279998	4.352192
4308	-539.3245	-567.6613	28.33682	2.373537	0.311771	0.194532	0.217705	0.275992	1.113951	3.881896
4314	-536.3051	-565.2198	28.91463	6.849253	0.0272631	0.386388	0.420063	0.166286	1.526935	1.986308
4320	-537.282	-564.7046	27.42268	12.98838	0.30813	0.13514	0.195991	0.360739	2.469736	1.145456
4326	-537.4364	-563.4862	26.04981	12.98838	0.31204	0.108803	0.257074	0.322082	3.474025	1.446372
4332	-532.3876	-563.2988	30.9112	3.080526	0.21575	0.537407	0.109568	0.137275	1.974722	1.446372
4338	-534.9426	-563.0294	28.08681	13.43343	0.139177	0.0452719	0.593809	0.221742	1.788969	1.072537
4344	-531.772	-558.4921	26.72009	3.490548	0.179722	0.105314	0.665725	0.0492388	1.120168	4.410423
4350	-530.4164	-561.5099	31.09351	2.386423	0.0357205	0.129162	0.816471	0.0186468	1.513034	1.957194
4356	-531.3175	-561.9633	30.64578	4.016044	0.0270205	0.276216	0.617612	0.0791521	1.748382	1.434805
4362	-532.8279	-563.4586	30.63068	4.016044	0.0914667	0.296664	0.254434	0.357435	2.20631	1.063802
4368	-531.3221	-558.3037	26.98163	16.71661	0.438073	0.176073	0.0696527	0.316202	1.547488	1.631993
4374	-528.6224	-560.2947	31.67228	1.292626	0.00752902	0.528068	0.443445	0.0209576	1.761842	1.981152
4380	-529.6491	-562.2964	32.64734	1.241641	0.0432253	0.638256	0.30324	0.0152789	1.952593	1.149752
4386	-544.0696	-573.5147	29.44512	3.097675	0.438769	0.306577	0.211422	0.0432322	2.8874	1.837778
4392	-530.9174	-560.1643	29.24692	1.484331	0.0767874	0.736737	0.136091	0.0503851	1.313825	3.635975
4398	-531.0388	-559.9873	28.94857	5.630517	0.438117	0.413464	0.0274564	0.120963	1.291471	2.411693
4404	-540.1016	-564.0743	23.97274	17.50119	0.142974	0.456592	0.0740771	0.326357	1.033717	3.737521
4410	-537.9623	-564.515	26.55274	14.21932	0.486082	0.157589	0.0510876	0.305242	1.411898	2.334467
4416	-544.7385	-569.6375	24.89905	17.12834	0.524157	0.274335	0.0286949	0.172814	1.639381	2.87302
4422	-538.8238	-565.0826	26.25875	4.569217	0.148864	0.675183	0.0229054	0.153047	1.094045	4.38109
4428	-538.8242	-567.6893	28.86506	2.904821	0.185547	0.563238	0.198948	0.0522666	0.8935598	3.505312
4434	-536.7347	-566.1056	29.3708	2.774218	0.0034037	0.839621	0.0977594	0.0592162	1.279505	3.026404
4440	-538.472	-568.565	30.09294	2.50798	0.0033893	0.836071	0.0973461	0.063194	1.767725	2.388839
4446	-539.4322	-565.3552	25.923	8.223597	0.0975424	0.638484	0.0743405	0.189633	1.742125	3.421466
4452	-545.9957	-576.3046	30.30886	3.570057	0.306888	0.169474	0.324094	0.199544	2.225927	1.503523
4458	-542.6131	-571.8112	29.19818	4.683532	0.404662	0.0912173	0.336372	0.167748	2.784177	1.506481
4464	-542.0954	-569.7736	27.67824	4.683532	0.614749	0.0582029	0.231176	0.0958721	1.351747	3.387879
4470	-536.4677	-565.9789	29.51116	4.683532	0.350411	0.302847	0.159439	0.187303	2.384774	1.570507
4476	-537.4735	-568.4039	30.93043	2.33272	0.149338	0.652475	0.16084	0.0373468	3.240286	0.6136269
4482	-540.9717	-572.9558	31.98405	1.216391	0.102862	0.563843	0.186257	0.147038	2.269748	1.450967
4488	-542.5447	-574.8404	32.29562	0.6378157	0.107543	0.589503	0.0676946	0.235259	3.034069	1.039295
4494	-538.7864	-562.932	24.14558	24.82149	0.287227	0.439943	0.0475488	0.225281	3.209308	0.07961087
4500	-535.144	-563.4795	28.33552	5.519431	0.108079	0.582397	0.0793986	0.230125	3.209308	0.08026023
4506	-533.4601	-562.1124	28.65228	4.091691	0.408192	0.266214	0.214433	0.111161	3.52988	0.08026023
4512	-531.4014	-561.5546	30.15322	1.818044	0.384612	0.0797701	0.482779	0.0528399	3.429866	0.08026023
4518	-540.0846	-568.6963	28.61167	5.063248	0.123715	0.0649372	0.771182	0.0401662	3.270457	0.09592358
4524	-536.0359	-564.9454	28.9095	5.063248	0.350403	0.171577	0.371893	0.106127	3.238853	0.1354933
4530	-532.4982	-561.3902	28.89194	5.063248	0.0381514	0.504067	0.418229	0.0395528	3.255426	0.1353085
4536	-532.3443	-561.2034	28.8591	5.063248	0.00606691	0.792755	0.185054	0.0161241	3.225325	0.1242844
4542	-538.1788	-570.0225	31.84366	1.819807	0.00635033	0.199978	0.744536	0.0491362	2.659273	0.7087647
4548	-534.9062	-566.0174	31.11114	0.9167344	0.0373756	0.609874	0.303846	0.0489045	1.730112	2.59489
4554	-543.6963	-574.0594	30.36319	3.297189	0.16563	0.720006	0.0424077	0.0719556	2.022915	1.72055
4560	-537.8017	-567.6241	29.82239	2.413516	0.127425	0.780722	0.0459838	0.0458692	1.610408	2.69474
4566	-539.8491	-565.3976	25.54851	16.05146	0.170619	0.619003	0.0967293	0.113648	1.999583	2.37061
4572	-538.4567	-570.0441	31.58747	1.336576	0.542964	0.00303708	0.404478	0.0495207	2.654531	1.374329
4578	-535.7005	-567.5395	31.83894	1.336576	0.438764	0.00245423	0.426786	0.131996	1.833764	1.791528
4584	-536.8755	-564.5137	27.63819	14.19008	0.560146	0.0663243	0.0774081	0.296121	2.183272	0.969887
4590	-529.2441	-558.588	29.34394	5.532711	0.640973	0.00330404	0.100875	0.254848	1.254875	2.207823
4596	-530.5956	-562.8626	32.26696	2.381001	0.605643	0.00401052	0.110694	0.279653	1.524291	1.060139
4602	-536.5383	-566.9549	30.41663	5.134265	0.443475	0.00678293	0.295452	0.25429	1.736118	1.214832
4608	-535.1374	-565.6436	30.50615	3.206871	0.226152	0.0816539	0.629327	0.0628673	1.911208	1.734797
4614	-533.2009	-563.6297	30.42888	4.00784	0.279108	0.236181	0.398651	0.0860601	2.589754	0.8804444
4620	-534.7632	-564.0666	29.30337	4.662786	0.411726	0.348403	0.0697645	0.170107	3.010938	1.25315
4626	-538.4023	-564.1463	25.744	10.12462	0.223879	0.34037	0.068156	0.367595	2.098944	2.995525
4632	-532.9032	-563.6757	30.77253	3.82361	0.38705	0.0886312	0.483739	0.0405803	2.189643	1.037574
4638	-533.7487	-564.3289	30.58026	3.733759	0.333552	0.0963669	0.525959	0.0441221	2.674444	0.757041
4644	-536.2108	-565.6699	29.45904	4.364095	0.121624	0.724989	0.0413148	0.112072	2.068556	1.93225
4650	-537.5729	-568.8791	31.30625	3.148554	0.0676514	0.683069	0.0014197	0.24786	1.92735	1.128569
4656	-539.1962	-567.1111	27.91486	8.913401	0.142189	0.0915872	0.12865	0.637574	1.73846	2.074186
4662	-535.6111	-563.7725	28.1614	10.26351	0.60125	0.139872	0.218608	0.0402695	2.565103	0.2124976
4668	-537.5948	-568.7963	31.20154	2.80152	0.17458	0.665124	0.150736	0.0095609	2.565103	0.2941045
4674	-538.6792	-567.8782	29.199	5.598639	0.299697	0.425125	0.258765	0.016413	2.928434	0.1818031
4680	-539.5822	-569.4229	29.84076	4.507333	0.432395	0.102985	0.436908	0.0277123	3.004056	0.2875569
4686	-532.5888	-563.3468	30.75801	3.248326	0.45837	0.0490987	0.463154	0.029377	2.514238	1.039308
4692	-541.1119	-562.8939	21.78203	60.22338	0.182137	0.0247082	0.504081	0.289073	1.891235	1.886263
4698	-540.2769	-561.3714	21.09451	76.57448	0.150052	0.475147	0.27015	0.10465	1.88916	1.688534
4704	-529.2846	-558.629	29.34444	6.519666	0.212495	0.374496	0.330527	0.0824819	1.637263	1.695762
4710	-536.4774	-565.1945	28.71702	5.208118	0.172258	0.404847	0.333729	0.0891665	1.682672	2.420381
4716	-539.4138	-570.7132	31.29943	0.8986771	0.205056	0.329224	0.391104	0.074616	1.839717	2.420381
4722	-536.2321	-566.1609	29.92879	2.333239	0.291737	0.39825	0.215218	0.0947944	2.000349	2.420381
4728	-538.5383	-569.9348	31.39652	0.7542753	0.235467	0.329359	0.320657	0.114517	1.893121	2.420381
4734	-549.6853	-571.4464	21.76112	9.657972	0.539102	0.113226	0.32754	0.0201318	0.1868847	6.384105
4740	-546.9566	-573.4541	26.49757	7.256013	0.833535	0.0941673	0.0681117	0.0041864	0.1056345	4.211612
4746	-539.625	-564.1199	24.49483	7.256013	0.714496	0.185564	0.0931832	0.00675659	0.1819539	5.288682
4752	-540.7709	-569.8463	29.07541	1.276701	0.264302	0.566555	0.162019	0.00712367	0.3062965	4.415392
4758	-539.9343	-568.4843	28.54995	1.956861	0.099704	0.587222	0.215951	0.0971229	0.2630335	4.415392
4764	-538.8757	-566.8315	27.95582	2.446126	0.148164	0.761568	0.0186552	0.071613	0.5074133	4.415392
4770	-547.7544	-578.0257	30.2713	1.530095	0.213847	0.506668	0.222218	0.057266	2.546218	2.247324
4776	-543.7583	-567.6678	23.90946	4.292799	0.311322	0.224471	0.340266	0.123941	1.339121	5.622807
4782	-547.456	-574.9851	27.52912	2.446126	0.141471	0.67051	0.0854225	0.102596	0.4078555	4.710909
4788	-549.9303	-574.3293	24.39898	5.169897	0.227094	0.12112	0.487094	0.164691	1.080741	5.278279
4794	-549.5349	-577.9135	28.37868	5.12366	0.205015	0.0824018	0.599589	0.112994	1.487681	2.772938
4800	-535.6531	-560.3796	24.72646	14.03127	0.196354	0.0598159	0.609715	0.134115	1.21666	3.578191
4806	-533.9273	-558.9287	25.00136	31.67656	0.132387	0.236077	0.244566	0.386969	1.830918	1.333782
4812	-532.7875	-559.8217	27.0342	15.53304	0.0621405	0.110811	0.249376	0.577672	2.110367	1.334198
4818	-537.7604	-559.25	21.48965	42.42289	0.116714	0.144094	0.0254278	0.713763	2.299963	2.676089
4824	-533.5075	-560.9235	27.41601	7.273903	0.0314847	0.0623421	0.754509	0.151665	1.914072	2.604956
4830	-534.7657	-566.2144	31.44876	2.475836	0.253293	0.135603	0.541335	0.0697696	2.258756	1.078523
4836	-546.0652	-575.9292	29.86402	5.696225	0.130796	0.199754	0.488035	0.181414	2.579343	0.6079393
4842	-538.1714	-568.0934	29.92205	5.696225	0.400408	0.0463282	0.511189	0.0420747	2.465172	0.7219516
4848	-532.5643	-562.4616	29.89732	5.838402	0.229539	0.0265582	0.664459	0.079444	2.232522	0.9706889
4854	-542.0458	-566.5122	24.46639	11.02264	0.610662	0.0706551	0.238417	0.0802656	2.17176	3.570669
4860	-543.0299	-568.8305	25.80061	19.14326	0.229869	0.0837796	0.0598357	0.626516	2.206346	1.705784
4866	-541.9746	-571.7311	29.75646	5.983207	0.203991	0.151508	0.163966	0.480535	2.383352	0.899724
4872	-539.9599	-568.5104	28.55057	7.793358	0.183497	0.155408	0.168188	0.492907	2.513021	1.309307
4878	-542.2302	-571.1395	28.90923	7.894627	0.0500371	0.18081	0.195678	0.573474	2.133287	1.300302
4884	-535.972	-564.2694	28.29736	9.830596	0.0348306	0.121495	0.595102	0.248573	1.847012	1.556892
4890	-533.5993	-564.4302	30.83097	3.184182	0.137348	0.293684	0.364101	0.204867	1.847078	1.556892
4896	-530.5678	-560.506	29.93819	5.839063	0.277862	0.594136	0.085202	0.0427998	1.694739	1.403308
4902	-527.8135	-557.7308	29.91729	4.921873	0.202055	0.410857	0.361681	0.025407	2.400343	1.151433
4908	-528.6115	-556.7858	28.17432	4.921873	0.203677	0.414157	0.356555	0.0256111	1.378735	3.015018
4914	-532.2049	-563.3099	31.10497	1.925069	0.00970787	0.953908	0.0272611	0.00912322	2.003327	1.843014
4920	-532.2822	-560.9464	28.66423	3.277437	0.0372881	0.884498	0.0697543	0.00845939	1.295304	3.258785
4926	-533.7039	-563.3853	29.68135	6.072926	0.221404	0.219378	0.414178	0.145039	2.167236	1.151641
4932	-535.2425	-564.819	29.57648	5.732125	0.161005	0.132854	0.677005	0.0291369	2.069826	1.425439
4938	-535.7547	-565.697	29.94232	5.732125	0.0863101	0.146142	0.600535	0.167013	2.506264	0.4782404
4944	-535.4036	-563.9634	28.55979	5.83687	0.200438	0.135816	0.613691	0.0500553	2.586421	1.760466
4950	-536.0043	-561.9584	25.95411	9.105996	0.433932	0.214073	0.238638	0.113357	2.167941	2.995952
4956	-537.8912	-564.2569	26.36575	11.73973	0.531097	0.186056	0.207407	0.0754402	1.072281	2.995952
4962	-540.0782	-571.2085	31.13034	2.132348	0.242707	0.296819	0.429467	0.0310062	1.579084	2.008038
4968	-550.5873	-574.1838	23.59653	26.13435	0.45646	0.159509	0.218191	0.16584	1.081312	3.174845
4974	-540.983	-569.69	28.70707	5.504874	0.312266	0.54131	0.0206864	0.125737	1.529348	2.445861
4980	-528.8602	-560.1705	31.31031	3.083172	0.265306	0.665879	0.0666787	0.00213645	2.404546	0.5045588
4986	-535.0289	-560.4475	25.41864	30.05325	0.620298	0.179294	0.199657	0.000751342	2.283204	0.4915316
4992	-530.7708	-560.8329	30.0621	5.71243	0.213279	0.0285997	0.515616	0.242506	2.389613	0.4487705
4998	-535.515	-564.2095	28.69446	9.36407	0.252836	0.306537	0.153144	0.287484	2.550494	0.4487705
5004	-528.4592	-556.9395	28.48035	9.36407	0.224005	0.158771	0.448818	0.168407	2.550494	0.2373623
5010	-528.3702	-555.3813	27.01105	13.658	0.177225	0.185082	0.606267	0.0314265	2.925016	0.215088
5016	-526.3124	-555.6614	29.349	5.776224	0.0693154	0.33685	0.514935	0.0788994	2.925016	0.2688459
5022	-531.3759	-561.4852	30.1093	6.071759	0.428376	0.321732	0.176541	0.073352	2.193601	0.4181415
5028	-528.4201	-559.3566	30.93643	3.720989	0.228271	0.363459	0.360236	0.0480346	2.409162	0.4181415
5034	-525.474	-556.4219	30.94786	3.720989	0.147476	0.53485	0.219332	0.0983419	2.409162	0.5438836
5040	-527.9266	-558.7024	30.77586	3.901222	0.252744	0.281458	0.218017	0.247782	2.108033	1.074154
5046	-533.0377	-562.4372	29.39952	2.461831	0.133227	0.4335	0.337596	0.0956765	2.442621	2.419989
5052	-527.376	-559.3029	31.9269	1.020124	0.210632	0.383161	0.394821	0.0113854	3.16096	0.8771372
5058	-530.6046	-561.7652	31.16055	1.020124	0.148848	0.462942	0.373388	0.0148213	4.038105	0.7297769
5064	-533.6366	-565.0126	31.376	1.034454	0.14745	0.290448	0.539508	0.0225949	1.947788	2.215298
5070	-535.3971	-562.9662	27.56904	13.23772	0.270147	0.331133	0.382693	0.0160274	1.947788	1.409852
5076	-533.8583	-560.3878	26.52958	11.32192	0.547988	0.135311	0.117736	0.198965	1.958137	2.413164
5082	-533.4009	-563.6444	30.24353	3.908726	0.353129	0.132449	0.0758702	0.438552	1.734666	1.776709
5088	-531.2368	-561.3724	30.1356	4.533944	0.146948	0.716953	0.031572	0.104528	2.69303	0.8028744
5094	-541.0405	-568.0632	27.02264	12.57533	0.280915	0.585358	0.0603549	0.0733719	1.711235	2.065502
5100	-545.8056	-573.2291	27.42349	6.675446	0.202386	0.191047	0.0501508	0.556416	1.597616	2.91981
5106	-547.6575	-577.6657	30.00816	5.182761	0.268548	0.0718418	0.0401735	0.619436	2.394868	0.9635205
5112	-535.8599	-568.7423	32.88241	0.89944	0.280481	0.448141	0.217903	0.0534755	1.941655	1.245233
5118	-531.0528	-559.0193	27.96645	6.347291	0.22768	0.404926	0.319756	0.0476379	1.638235	2.636373
5124	-531.9773	-564.1579	32.18058	1.07628	0.0341766	0.50638	0.39987	0.0595735	1.48034	1.966607
5130	-534.927	-565.877	30.95006	0.6377449	0.043017	0.653768	0.222989	0.0802263	1.525711	2.99559
5136	-536.8437	-562.6328	25.78908	2.710391	0.0500114	0.626894	0.282973	0.0401223	0.6568885	5.442113
5142	-538.3209	-566.3612	28.04027	1.14235	0.285872	0.430708	0.143694	0.139726	0.803391	4.788135
5148	-537.1836	-559.4483	22.26464	12.58828	0.053601	0.602034	0.123884	0.220481	0.8679454	5.339574
5154	-531.3271	-558.9947	27.6676	7.400062	0.351347	0.194102	0.31669	0.137861	2.236413	2.216159
5160	-532.5232	-558.4337	25.91047	19.05683	0.469281	0.271915	0.202598	0.0562065	1.351676	2.216159
5166	-531.9598	-562.9656	31.00585	2.363809	0.0628848	0.480132	0.357737	0.0992464	1.222517	2.216159
5172	-531.6047	-561.4973	29.89256	2.853874	0.0850987	0.388371	0.484106	0.0424237	1.158419	2.754177
5178	-539.2268	-566.3101	27.08329	11.89458	0.011195	0.666139	0.2499	0.0727656	1.244919	2.42736
5184	-530.3219	-561.5305	31.20862	3.791286	0.128219	0.758758	0.0344522	0.0785704	1.697517	1.105782
5190	-537.5423	-566.8154	29.27312	3.791286	0.117598	0.190371	0.594881	0.0971502	1.626262	2.521267
5196	-534.2885	-561.7919	27.50344	10.60508	0.0661984	0.573143	0.0681719	0.292487	1.508701	2.192415
5202	-533.077	-563.4263	30.34932	4.297769	0.2591	0.432351	0.0281531	0.280396	2.622206	0.308154
5208	-530.4962	-559.6991	29.20297	7.310502	0.194001	0.292591	0.106461	0.406946	2.622206	0.3555809
5214	-539.0587	-563.0023	23.94363	45.5376	0.206216	0.461035	0.167751	0.164999	2.25435	0.4753711
5220	-532.0458	-560.7251	28.67931	10.3651	0.70072	0.117078	0.00660945	0.175592	2.269957	0.384926
5226	-535.3076	-562.8264	27.51878	14.9391	0.33677	0.262976	0.00584538	0.394408	2.427119	0.527956
5232	-527.1512	-556.7737	29.62249	7.729554	0.128426	0.765075	0.0129183	0.0935804	2.115984	0.527956
5238	-528.0548	-559.4009	31.34613	3.384954	0.0517101	0.751835	0.0131036	0.183351	2.195648	0.4859137
5244	-536.2047	-567.7845	31.57989	2.919477	0.0798633	0.610186	0.0997202	0.21023	2.195648	0.6493777
5250	-539.1846	-570.352	31.16741	3.124167	0.193121	0.22252	0.241137	0.343222	1.915426	1.270151
5256	-541.9492	-571.7662	29.81704	4.307955	0.185622	0.379208	0.109232	0.325938	1.850291	1.855463
5262	-540.9704	-570.9684	29.99806	2.561985	0.372373	0.164196	0.462885	0.000546117	1.70709	2.464318
5268	-543.7241	-572.5547	28.83056	2.665685	0.405241	0.307423	0.286741	0.000594322	1.009578	3.544985
5274	-533.8363	-564.5652	30.72891	1.711141	0.036866	0.561631	0.400127	0.00137589	1.361998	2.610024
5280	-544.9367	-571.332	26.39525	0.4651519	0.0311907	0.291765	0.537692	0.139351	0.7052377	6.129545
5286	-544.6742	-570.5293	25.85515	1.29424	0.0470099	0.439742	0.303221	0.210027	0.6325807	6.008343
5292	-546.1644	-572.3863	26.22193	1.103179	0.0463571	0.543718	0.29901	0.110914	0.4461288	6.008343
5298	-543.1991	-571.2154	28.01634	2.317846	0.0177041	0.450368	0.509901	0.0220272	0.3461835	4.521478
5304	-542.0702	-570.273	28.20286	9.91408	0.195739	0.196442	0.60376	0.00405963	2.573586	1.0164
5310	-552.2944	-580.1904	27.89606	13.97469	0.0977055	0.346033	0.451632	0.104629	2.038632	0.8958904
5316	-548.3646	-578.9059	30.54131	2.247991	0.0336688	0.481635	0.339066	0.14563	2.815146	1.495915
5322	-544.6262	-570.6359	26.00964	6.112637	0.197977	0.0530425	0.565505	0.183476	2.23269	3.50353
5328	-544.0153	-573.2338	29.21847	1.941638	0.165404	0.276572	0.403767	0.154257	2.229222	2.892311
5334	-533.5552	-561.0924	27.53718	5.405272	0.193339	0.446805	0.0539821	0.305874	1.730297	3.063214
5340	-531.6082	-558.8145	27.20629	11.05708	0.245542	0.41896	0.0685578	0.26694	1.714311	2.177998
5346	-530.0004	-559.5227	29.52223	4.234307	0.154494	0.475081	0.0677281	0.302697	1.587155	2.248101
5352	-528.1345	-557.9775	29.84299	3.557732	0.0458372	0.44855	0.0824822	0.42313	1.441177	2.356932
5358	-536.5316	-567.2611	30.72954	3.427908	0.0439501	0.361731	0.188609	0.40571	1.213454	1.97439
5364	-540.5718	-565.9355	25.36371	4.384286	0.280771	0.450971	0.106361	0.161897	1.07614	4.940762
5370	-539.512	-566.2921	26.78011	2.434971	0.0517303	0.483889	0.223469	0.240911	0.7523303	4.940762
5376	-535.3914	-565.198	29.80652	2.434971	0.0669241	0.585606	0.0685567	0.278913	1.365635	2.844912
5382	-536.4876	-566.5643	30.07663	2.249371	0.196684	0.627807	0.0717878	0.103722	1.223646	2.844912
5388	-535.733	-567.1504	31.41749	1.059569	0.286305	0.369856	0.173543	0.170295	1.162185	2.66792
5394	-538.8285	-566.3299	27.50141	13.73048	0.187544	0.286091	0.305635	0.22073	1.760035	1.523632
5400	-534.173	-564.1985	30.0255	4.440954	0.195383	0.357023	0.217638	0.229956	1.510948	1.901768
5406	-532.1348	-561.5466	29.41184	3.766992	0.188907	0.471627	0.100505	0.23896	1.237136	2.684063
5412	-532.0906	-561.7976	29.70703	2.648	0.176565	0.399631	0.201409	0.222395	1.328843	2.842352
5418	-541.0658	-564.8476	23.78177	33.12347	0.307312	0.279622	0.350554	0.0625114	1.625781	2.222944
5424	-527.6225	-558.0426	30.42014	1.590456	0.0996216	0.177018	0.701983	0.0213777	1.487445	2.783738
5430	-528.5892	-556.7449	28.15569	8.088858	0.045368	0.106021	0.565489	0.283122	1.800927	2.037322
5436	-534.0725	-556.4396	22.36706	29.98453	0.121701	0.249113	0.329493	0.299693	1.658779	3.282993
5442	-531.736	-562.6161	30.88009	3.710734	0.0856414	0.577645	0.216651	0.120062	2.073426	1.100906
5448	-530.9624	-558.8999	27.93744	9.964092	0.145533	0.252938	0.0631817	0.538347	1.674384	1.906513
5454	-534.0396	-560.9429	26.90334	18.23947	0.247886	0.198499	0.0577485	0.495866	2.109717	1.022151
5460	-536.831	-562.566	25.73506	18.23947	0.332532	0.234033	0.179118	0.254318	2.094816	1.932086
5466	-537.1472	-567.466	30.31887	4.75082	0.311448	0.28657	0.192473	0.20951	2.198212	1.037485
5472	-532.1547	-563.1241	30.96943	3.833835	0.510357	0.211355	0.0217045	0.256583	1.63733	1.340858
5478	-537.8314	-564.0972	26.26578	15.08445	0.455142	0.188488	0.0193563	0.337014	1.978134	2.040595
5484	-536.5081	-566.3509	29.84286	2.924366	0.426801	0.137776	0.119394	0.316029	2.793863	1.697847
5490	-536.8304	-565.0958	28.26534	6.514895	0.470854	0.0804953	0.142837	0.305813	2.993487	1.495094
5496	-541.4183	-571.2534	29.83512	3.627371	0.300993	0.0857454	0.380068	0.233194	3.292833	0.9750528
5502	-550.0308	-574.7437	24.71293	27.89588	0.191521	0.394347	0.0716959	0.342436	3.189653	0.3513129
5508	-539.8355	-570.1826	30.34707	2.693882	0.0746024	0.401106	0.314157	0.210135	3.50853	0.3102028
5514	-535.3695	-563.5486	28.17915	10.89353	0.038275	0.475211	0.229993	0.256521	2.328653	1.030695
5520	-532.3533	-559.9616	27.60834	11.34498	0.0810331	0.129811	0.736828	0.0523275	2.201727	1.517121
5526	-533.1138	-562.1048	28.99104	3.808487	0.346165	0.116497	0.465301	0.0720374	1.788738	2.590081
5532	-535.373	-563.8713	28.49834	4.535572	0.207145	0.413107	0.296225	0.0835233	1.926378	2.590081
5538	-532.7795	-560.9809	28.20143	7.751886	0.175637	0.507224	0.265236	0.0519033	3.14064	1.080798
5544	-529.6818	-560.8538	31.17196	2.321619	0.392727	0.15565	0.335566	0.116057	2.359619	1.320064
5550	-530.3804	-560.1509	29.77048	4.276198	0.42431	0.110912	0.387467	0.0773106	2.045769	1.763068
5556	-533.6206	-561.4079	27.78737	4.276198	0.190806	0.125291	0.509935	0.173968	1.572373	3.305603
5562	-541.5925	-571.5877	29.9952	1.706576	0.0243519	0.513933	0.281453	0.180262	2.594788	2.298871
5568	-545.573	-576.9092	31.33616	0.7861605	0.0216008	0.307769	0.510732	0.159898	2.051447	2.337113
5574	-533.1559	-562.6368	29.48094	6.741062	0.0483219	0.500503	0.315683	0.135492	2.177667	1.102414
5580	-547.1592	-576.0322	28.87303	4.364883	0.253102	0.252366	0.374053	0.120479	1.698092	2.548762
5586	-548.7029	-577.6357	28.93274	8.950717	0.478947	0.275644	0.120624	0.124785	1.701889	1.371176
5592	-537.157	-562.8602	25.70319	3.821022	0.174989	0.195965	0.486189	0.142856	1.616494	4.604572
5598	-533.7258	-562.5269	28.80115	0.7539398	0.0723035	0.615375	0.280044	0.0322778	1.236838	4.338147
5604	-541.5985	-565.8259	24.2274	1.343522	0.16882	0.596236	0.128116	0.106828	1.464547	6.416678
5610	-539.3162	-569.1419	29.82578	0.5933563	0.176191	0.622269	0.0921532	0.109386	1.102509	3.928228
5616	-533.968	-564.2956	30.32757	1.679	0.131074	0.559958	0.193503	0.115465	1.309146	2.903505
5622	-535.6188	-566.2797	30.66092	1.088199	0.146883	0.58188	0.141845	0.129392	1.504171	2.903505
5628	-535.6387	-564.928	29.28927	8.871286	0.191751	0.374452	0.26488	0.168916	1.598704	1.181642
5634	-534.2318	-564.541	30.30921	2.874318	0.196008	0.532222	0.0991039	0.172666	1.099586	2.525676
5640	-533.7506	-561.4432	27.69261	1.830478	0.321227	0.502645	0.116586	0.0595417	0.5645144	4.782021
5646	-530.6127	-560.435	29.8223	1.947983	0.517994	0.285219	0.119968	0.0768198	0.424479	3.599756
5652	-530.9672	-561.9622	30.99493	1.947983	0.263218	0.564964	0.132483	0.0393342	1.2693	2.38525
5658	-541.5129	-569.3198	27.80692	1.66097	0.369933	0.297386	0.295278	0.0374038	0.7354736	4.698763
5664	-535.4923	-561.9227	26.43035	5.598025	0.194274	0.585956	0.168185	0.0515853	1.136646	4.00881
5670	-537.2304	-565.2801	28.04969	6.121243	0.136357	0.23358	0.431937	0.198125	2.723285	1.941401
5676	-538.9162	-572.1476	33.23142	0.8998998	0.154364	0.356016	0.476144	0.0134754	1.804394	1.057335
5682	-545.2836	-571.1523	25.86873	16.01132	0.26538	0.451931	0.0665303	0.216158	2.772128	1.645413
5688	-543.8804	-568.2813	24.40087	16.01132	0.26538	0.451931	0.0665303	0.216158	2.007632	3.074108
5694	-536.406	-563.4841	27.07807	4.966546	0.198537	0.3381	0.349996	0.113367	1.369546	3.654114
5700	-534.6864	-563.5129	28.82656	7.242324	0.404098	0.0885292	0.350679	0.156694	2.314202	1.391348
5706	-537.7686	-566.9908	29.22216	7.242324	0.371287	0.126309	0.417113	0.0852907	2.270178	1.096469
5712	-542.8759	-571.4839	28.60803	4.395015	0.455415	0.050022	0.456102	0.038461	3.054248	1.830573
5718	-536.2836	-562.4102	26.12661	16.94442	0.586784	0.0858932	0.169819	0.157503	3.054248	0.1782093
5724	-537.8176	-563.8557	26.0381	16.94442	0.551865	0.0379314	0.245255	0.164948	3.054248	0.1560389
5730	-531.728	-560.3148	28.58673	7.110032	0.34642	0.345021	0.235817	0.0727415	2.881486	0.1560389
5736	-525.5214	-556.0062	30.48483	2.601876	0.244689	0.465539	0.117581	0.172191	3.051242	0.1560389
5742	-527.5969	-556.3702	28.77338	6.430215	0.161328	0.306939	0.478238	0.0534949	3.059842	0.1888844
5748	-527.6972	-559.6365	31.93938	1.054409	0.117889	0.493552	0.349468	0.0390909	3.059842	0.2256491
5754	-536.66	-563.7364	27.07641	13.04668	0.0362613	0.346107	0.354247	0.263385	3.059842	0.2440595
5760	-541.5053	-563.8295	22.32421	45.73186	0.216088	0.216623	0.523874	0.043414	3.235483	0.1271578
5766	-541.9484	-567.7435	25.79505	17.45869	0.243209	0.0399904	0.65816	0.0586408	3.235483	0.1629971
5772	-536.9185	-567.1224	30.20395	2.785445	0.514667	0.0580437	0.250107	0.177183	3.149535	0.1421386
5778	-537.3098	-567.4887	30.17883	4.044351	0.025751	0.0135336	0.920337	0.0403779	3.01663	0.4968067
5784	-537.8302	-568.6279	30.79768	3.979197	0.223466	0.010787	0.733563	0.0321836	2.263411	0.8470943
5790	-544.2367	-573.8233	29.58659	6.175542	0.455684	0.147036	0.20226	0.195021	2.096689	1.259791
5796	-538.8145	-567.4573	28.6428	6.175542	0.529746	0.0466466	0.0839665	0.339641	1.092927	2.594859
5802	-538.9858	-568.3326	29.34684	2.82261	0.416624	0.242485	0.178835	0.162056	1.294347	3.013781
5808	-542.5567	-574.6987	32.14197	1.277598	0.304431	0.238805	0.417593	0.0391715	1.483213	1.861338
5814	-543.3257	-573.9486	30.6229	2.103997	0.234015	0.414871	0.321002	0.030111	1.128206	2.633014
5820	-553.8214	-580.1044	26.28299	17.94173	0.315318	0.402657	0.0181467	0.263879	1.336059	2.106115
5826	-556.8032	-577.7962	20.99301	34.22659	0.456578	0.488436	0.036829	0.0181572	0.5192386	4.460716
5832	-542.4106	-568.9951	26.58447	6.216799	0.510843	0.225027	0.198494	0.0656372	0.5009785	4.146659
5838	-533.3807	-559.9735	26.59276	5.440386	0.363894	0.447956	0.141395	0.046756	0.9144375	4.079394
5844	-535.7629	-563.3946	27.63168	3.526849	0.0206559	0.418887	0.516736	0.0437219	0.7857207	4.072062
5850	-537.9383	-564.9317	26.9934	3.627783	0.09391	0.501996	0.397823	0.00627116	1.221982	4.156155
5856	-537.2792	-565.6241	28.34481	0.8514289	0.11406	0.263436	0.505576	0.116929	1.76619	4.239048
5862	-534.1814	-560.9274	26.74604	14.08875	0.172957	0.358499	0.291235	0.177308	1.470491	2.190064
5868	-534.1238	-564.6897	30.56592	4.673965	0.258758	0.337227	0.327676	0.0763392	2.063071	0.960062
5874	-538.2902	-567.7376	29.44738	3.472024	0.278598	0.102108	0.504353	0.114941	2.537212	1.930125
5880	-536.5422	-563.1321	26.58982	13.32716	0.419615	0.0585572	0.485088	0.0367392	3.123424	0.137249
5886	-536.0571	-564.7932	28.73608	5.954986	0.27184	0.713877	0.00514638	0.00913607	3.059238	0.137249
5892	-537.8106	-567.1082	29.29759	4.285245	0.623109	0.204981	0.0677831	0.104126	3.187559	0.1325599
5898	-536.3167	-567.8069	31.49025	1.029768	0.287369	0.355044	0.260996	0.096591	3.187559	0.1325599
5904	-532.5385	-563.9579	31.41936	1.187887	0.148307	0.429862	0.307886	0.113944	3.187559	0.1486511
5910	-532.5235	-562.6591	30.13565	2.61035	0.129276	0.417261	0.292789	0.160674	3.187559	0.1173818
5916	-534.036	-564.0517	30.01574	2.61035	0.0492643	0.517151	0.147693	0.285892	3.187559	0.1007018
5922	-533.2845	-563.5668	30.28233	2.696554	0.14831	0.158554	0.452228	0.240908	3.187559	0.154861
5928	-533.2848	-563.6146	30.32982	2.696554	0.083699	0.42914	0.313566	0.173595	3.140063	0.154861
5934	-538.297	-569.945	31.64802	2.653399	0.233466	0.299911	0.425673	0.0409502	2.318547	0.5841579
5940	-538.6615	-569.4227	30.76115	1.080359	0.217358	0.357119	0.339717	0.0858059	2.529107	2.20778
5946	-536.6204	-568.2199	31.59951	1.767533	0.332857	0.33968	0.244268	0.0831953	2.287844	1.364979
5952	-543.1921	-574.9249	31.73274	0.6937958	0.0230373	0.709317	0.142339	0.125306	2.909828	1.554531
5958	-539.408	-569.6975	30.28947	1.465779	0.0109608	0.578149	0.21768	0.19321	2.203086	2.488537
5964	-535.569	-565.6678	30.09881	2.500083	0.0135778	0.72742	0.0909301	0.168072	1.608595	2.488537
5970	-535.0594	-565.5716	30.51222	1.348355	0.0957858	0.615611	0.23394	0.054664	1.990655	2.547051
5976	-532.4179	-561.1094	28.69144	2.439751	0.0972917	0.279438	0.539461	0.0838086	1.101316	3.658798
5982	-530.9333	-559.5943	28.66104	4.627284	0.255448	0.351674	0.359579	0.0332988	1.326557	2.832291
5988	-538.4058	-564.672	26.26622	12.81081	0.348081	0.116572	0.489973	0.0453739	1.672697	2.540022
5994	-535.1209	-565.6037	30.48284	2.14516	0.100255	0.270146	0.379597	0.250002	2.548971	1.782684
6000	-537.6196	-565.3718	27.75217	12.30605	0.181991	0.620129	0.183831	0.0140494	2.256218	1.178105
6006	-537.8122	-566.4577	28.64545	6.14181	0.00976535	0.624482	0.352611	0.013141	1.760755	2.178527
6012	-532.0295	-563.3814	31.35183	2.154767	0.0354762	0.581107	0.369641	0.0137757	1.522948	1.885855
6018	-541.9598	-571.1041	29.14427	4.777808	0.235116	0.260492	0.383776	0.120616	1.853236	2.157255
6024	-532.3995	-560.4501	28.05066	10.17168	0.00813241	0.0423081	0.838666	0.110893	2.242948	1.374451
6030	-534.3719	-563.9859	29.61402	4.777808	0.444157	0.10413	0.396171	0.0555415	1.974169	1.760212
6036	-535.5685	-563.8729	28.30436	3.363854	0.24814	0.12555	0.559344	0.0669663	1.613602	3.254598
6042	-538.2185	-564.3122	26.09367	18.34864	0.158927	0.482677	0.325984	0.0324114	2.21234	1.586093
6048	-531.2188	-560.5755	29.35676	6.050974	0.438036	0.0822432	0.436338	0.0433834	2.838507	0.2860049
6054	-528.6378	-560.2116	31.57374	2.719963	0.030754	0.852754	0.105957	0.0105349	2.346218	0.5974677
6060	-532.2808	-565.0224	32.7416	0.6810505	0.02589	0.717884	0.249673	0.00655331	2.879487	0.5729889
6066	-537.1648	-564.7575	27.59267	13.12206	0.083309	0.648545	0.244669	0.0234771	2.717993	0.4198404
6072	-530.3864	-559.4799	29.09358	6.764505	0.0963501	0.81772	0.0421765	0.0437531	2.717993	0.9444879
6078	-532.5571	-562.8531	30.29608	3.066211	0.0639177	0.441219	0.291927	0.202936	2.501188	1.519623
6084	-535.6048	-562.2888	26.68392	18.05553	0.189499	0.298408	0.402429	0.109663	2.131729	1.228517
6090	-533.5632	-562.9321	29.3689	5.039797	0.203008	0.0691134	0.462757	0.265122	3.145352	0.9096754
6096	-535.0078	-566.2057	31.19796	1.689042	0.348422	0.117234	0.474022	0.0603222	3.41365	0.7022873
6102	-530.4287	-561.2321	30.8033	3.204267	0.344866	0.117874	0.476609	0.0606513	2.773059	0.7078036
6108	-525.6937	-557.309	31.61528	2.687193	0.0634636	0.198278	0.614888	0.12337	2.340472	0.5315413
6114	-530.4597	-560.9273	30.46761	2.687193	0.181385	0.0838953	0.598457	0.136262	2.352286	1.672662
6120	-530.5019	-561.5975	31.09562	2.971628	0.014461	0.784407	0.164544	0.0365874	1.547938	1.672662
6126	-528.6303	-559.8725	31.24217	1.943443	0.126171	0.673614	0.145856	0.0543584	1.182526	2.285352
6132	-527.7482	-557.4499	29.70174	3.422864	0.337844	0.12761	0.471007	0.0635386	1.755276	2.293733
6138	-534.2079	-564.5489	30.34098	2.847434	0.195517	0.621379	0.0698001	0.113304	1.195724	2.45601
6144	-536.3738	-563.7361	27.36228	3.816163	0.200481	0.48795	0.0849103	0.226659	2.086806	3.387671
6150	-531.5012	-559.3704	27.86922	3.976756	0.044456	0.530824	0.178145	0.246575	1.172857	3.57752
6156	-528.9684	-559.1705	30.20215	3.976756	0.0610205	0.653496	0.0886225	0.196861	1.861573	1.692451
6162	-529.2949	-559.2308	29.93585	4.97792	0.122599	0.714577	0.0253756	0.137449	2.811414	0.5904679
6168	-533.9915	-563.204	29.21256	5.416257	0.129212	0.585324	0.0444057	0.241058	1.87415	1.916988
6174	-535.2716	-564.4386	29.16701	2.95587	0.205879	0.54371	0.0264902	0.22392	2.631793	2.247493
6180	-530.8273	-562.5575	31.73019	2.324968	0.105339	0.667157	0.0994224	0.128081	1.840735	1.286259
6186	-533.7586	-564.733	30.9744	3.481138	0.11772	0.752132	0.109162	0.0209868	1.697087	1.436495
6192	-533.6512	-564.5242	30.873	3.481138	0.2683	0.527283	0.18779	0.0166269	1.94515	1.321406
6198	-533.1408	-564.6769	31.53613	1.110366	0.0185055	0.390218	0.569338	0.0219379	1.77849	2.173076
6204	-540.7355	-570.5111	29.7756	4.345225	0.311578	0.273126	0.349113	0.0661832	2.731832	1.214723
6210	-538.0504	-566.3814	28.33097	1.755282	0.173331	0.283441	0.488157	0.0550706	1.45718	3.950885
6216	-533.4033	-560.0963	26.69299	5.977898	0.314576	0.506132	0.0793461	0.0999468	2.526225	2.955753
6222	-529.2213	-558.3404	29.11912	7.868172	0.148593	0.650309	0.141953	0.0591454	2.414891	0.8406744
6228	-535.2635	-563.5149	28.25144	9.741739	0.253111	0.440158	0.113985	0.192746	2.70519	0.874277
6234	-542.312	-569.9764	27.66438	8.932734	0.27064	0.47064	0.0526255	0.206094	2.783849	1.517762
6240	-540.675	-569.0756	28.40057	4.721648	0.103116	0.672326	0.00645846	0.2181	1.948222	2.584558
6246	-540.7134	-569.459	28.74559	4.371037	0.0234308	0.730041	0.00970554	0.236822	1.764969	2.584558
6252	-537.7092	-562.2728	24.56359	14.13567	0.014479	0.359027	0.362652	0.263841	1.873464	3.27635
6258	-531.8215	-560.3742	28.55264	6.105997	0.251049	0.45957	0.150297	0.139083	2.034274	2.069186
6264	-543.3404	-569.3833	26.04293	24.64235	0.505232	0.171338	0.123901	0.199528	1.585791	1.381691
6270	-536.4864	-565.1929	28.70641	8.415627	0.161997	0.231802	0.326964	0.279236	1.434317	1.84584
6276	-537.2334	-565.0182	27.78483	4.318661	0.13488	0.0917095	0.562784	0.210627	0.7654498	3.765272
6282	-537.5768	-567.595	30.01825	3.110578	0.328257	0.182975	0.230611	0.258156	1.106066	2.614317
6288	-535.9742	-565.5385	29.56431	3.730744	0.209465	0.109424	0.452365	0.228747	1.216759	2.614317
6294	-544.4372	-574.3236	29.88636	6.294261	0.0727008	0.479404	0.283464	0.164431	2.340721	0.5633102
6300	-526.7199	-558.9324	32.21256	1.486229	0.0977308	0.524291	0.195347	0.182631	2.164733	1.152329
6306	-535.8134	-564.8307	29.01729	8.326183	0.0780864	0.585779	0.115251	0.220884	1.495327	1.602899
6312	-533.2064	-561.5118	28.3054	10.24139	0.09311	0.020978	0.530834	0.355078	2.587353	0.7867867
6318	-535.1924	-565.5292	30.33675	4.611596	0.38017	0.189955	0.39285	0.0370245	2.301175	0.9801287
6324	-529.897	-559.7821	29.88516	5.925553	0.215882	0.594943	0.0732139	0.115961	1.660665	1.444553
6330	-533.5989	-561.7941	28.19516	10.64168	0.31874	0.48097	0.138171	0.0621194	1.976845	1.374268
6336	-537.3273	-563.5681	26.24079	10.40886	0.0461098	0.530958	0.0106169	0.412316	2.497873	2.39954
6342	-532.3335	-561.8905	29.55699	4.725616	0.221241	0.487245	0.00454749	0.286967	1.749341	1.968841
6348	-540.248	-569.8724	29.62437	4.402904	0.0964673	0.372927	0.40548	0.125126	1.965103	1.877872
6354	-540.8371	-571.497	30.65991	2.024387	0.575229	0.102931	0.229667	0.0921726	2.41758	1.812533
6360	-539.6152	-569.3917	29.77659	5.705015	0.165474	0.106173	0.633278	0.095075	2.320638	1.05476
6366	-540.4291	-569.2003	28.77119	8.076997	0.0449609	0.651911	0.203066	0.100062	2.196514	1.314552
6372	-534.3484	-565.4819	31.13345	1.103716	0.0726522	0.588004	0.311836	0.0275083	2.758632	1.790843
6378	-532.074	-561.7367	29.66263	2.647516	0.28183	0.144185	0.54003	0.0339559	2.709918	1.997901
6384	-535.1526	-566.1438	30.9912	1.884096	0.479692	0.299609	0.150141	0.0705585	1.407793	2.330861
6390	-536.6596	-569.1128	32.45327	1.3737	0.117516	0.562121	0.184296	0.136067	1.843979	1.303557
6396	-537.6018	-563.8496	26.24783	12.71261	0.0471788	0.595115	0.213652	0.144054	1.789484	2.492286
6402	-541.491	-569.2601	27.76902	4.217475	0.187352	0.575724	0.148103	0.0888208	1.848654	3.169822
6408	-543.3144	-568.7061	25.39175	6.212651	0.177412	0.496919	0.141151	0.184517	1.400227	4.313946
6414	-540.0254	-569.1077	29.08232	6.934037	0.222186	0.471578	0.112358	0.193878	1.850473	1.625802
6420	-542.2753	-570.5343	28.25898	13.41858	0.105454	0.109295	0.440126	0.345125	1.767841	0.924161
6426	-541.4682	-570.8581	29.38997	5.396368	0.157175	0.410151	0.27246	0.160214	2.003696	1.710662
6432	-532.8018	-563.137	30.33526	5.877456	0.211323	0.413975	0.235954	0.138748	1.760854	0.9895975
6438	-539.3607	-567.0597	27.69897	11.19281	0.141046	0.230402	0.0366986	0.591853	2.0064	1.621267
6444	-533.7463	-560.0264	26.28007	15.79791	0.0354045	0.466868	0.441838	0.0558895	1.710989	2.116317
6450	-534.4059	-562.5559	28.15	12.75105	0.0564532	0.342826	0.471906	0.128815	1.846488	1.099016
6456	-531.2101	-562.2513	31.04123	1.66714	0.0994207	0.569808	0.103914	0.226858	1.210506	2.532512
6462	-533.9207	-565.0833	31.16255	2.052302	0.348447	0.421386	0.0534751	0.176692	1.253433	2.23843
6468	-525.4396	-557.5625	32.1229	2.096389	0.212751	0.620068	0.12302	0.0441611	1.466083	1.401606
6474	-532.0609	-560.8417	28.78078	3.161147	0.209824	0.303827	0.335953	0.150397	1.137143	3.322658
6480	-531.7793	-559.5397	27.76035	6.099741	0.628686	0.13203	0.0538124	0.185471	1.11043	3.1364
6486	-536.6166	-562.7616	26.14503	12.57904	0.542419	0.013423	0.284138	0.160021	1.942957	2.479333
6492	-540.317	-565.084	24.76704	11.88213	0.0419483	0.21176	0.533134	0.213157	1.228448	3.822192
6498	-544.0499	-568.3965	24.34664	7.792424	0.0508344	0.616949	0.118443	0.213774	1.420172	4.584428
6504	-539.3404	-565.5662	26.22577	7.792424	0.223546	0.384703	0.139669	0.252083	0.9279782	3.796697
6510	-538.81	-564.9999	26.18992	12.24349	0.328105	0.200601	0.162254	0.30904	1.00787	3.069363
6516	-543.2281	-567.6679	24.43981	19.9065	0.0664863	0.00309164	0.471757	0.458665	1.392477	3.016527
6522	-534.3533	-559.5805	25.22724	14.83249	0.34099	0.00165568	0.359152	0.298203	1.505542	3.016527
6528	-538.792	-567.2308	28.43881	7.712421	0.231832	0.00309075	0.24418	0.520897	1.100534	2.384043
6534	-541.1363	-564.5306	23.39424	18.07484	0.725507	0.00155363	0.0595021	0.213438	0.8426876	4.121414
6540	-537.4619	-564.9996	27.53762	9.648711	0.809831	0.00199664	0.0764688	0.111704	0.9549217	2.678898
6546	-537.3304	-562.4005	25.07014	10.32916	0.474915	0.00117091	0.188786	0.335127	0.7925892	4.117896
6552	-537.549	-562.4476	24.89859	9.900348	0.0449141	0.16403	0.537455	0.253601	1.077619	4.117896
6558	-538.484	-566.1091	27.62512	6.242669	0.49822	0.0822986	0.232156	0.187326	1.134844	3.17034
6564	-538.709	-562.9163	24.20734	12.67305	0.224479	0.36043	0.217418	0.197672	0.8787992	4.237716
6570	-542.5656	-572.9501	30.3845	4.002101	0.104777	0.415822	0.257065	0.222336	2.605229	0.9162811
6576	-532.9084	-562.0901	29.18167	6.218886	0.580279	0.0721686	0.141181	0.206372	1.214235	2.166426
6582	-531.1081	-560.0462	28.93818	4.105506	0.531	0.131772	0.0524991	0.28473	1.139507	2.927388
6588	-533.1614	-562.7221	29.56072	7.713599	0.436205	0.117147	0.206811	0.239837	1.914061	0.9627635
6594	-535.8971	-567.1321	31.235	3.092467	0.451298	0.0404604	0.226488	0.281753	1.835212	1.295714
6600	-536.0875	-567.1126	31.02507	2.703893	0.0454174	0.666488	0.17981	0.108284	2.35399	1.236828
6606	-540.4473	-566.014	25.56666	8.996686	0.0236466	0.849828	0.0872774	0.0392475	1.46982	3.653646
6612	-538.058	-565.3836	27.32561	8.681299	0.250629	0.284492	0.378418	0.0864608	1.37356	2.720941
6618	-534.3162	-561.9843	27.6681	16.35273	0.324815	0.377786	0.185347	0.112053	1.668289	1.033114
6624	-535.4541	-565.2561	29.80206	5.185451	0.381107	0.433252	0.0460455	0.139596	1.880072	1.566361
6630	-532.1584	-560.8711	28.71266	5.802329	0.335351	0.381235	0.0405173	0.242897	1.425652	2.432929
6636	-532.4159	-561.515	29.09917	3.477432	0.355128	0.403718	0.0429068	0.198247	1.234706	2.96939
6642	-536.067	-560.5533	24.48631	15.67902	0.519197	0.0314591	0.0689586	0.380385	1.387166	3.427507
6648	-538.2206	-565.9186	27.69809	4.561871	0.258483	0.118173	0.226908	0.396437	0.862818	3.693344
6654	-535.8733	-566.1887	30.31533	3.680956	0.428674	0.147933	0.163659	0.259734	1.669771	1.853405
6660	-539.263	-567.4342	28.1712	10.44167	0.54851	0.0139201	0.106203	0.331367	1.828403	1.544554
6666	-534.3427	-564.1058	29.76312	7.302824	0.601264	0.17743	0.0823034	0.139002	1.725694	1.080974
6672	-532.2991	-561.3566	29.05743	9.181139	0.551178	0.0803126	0.0925628	0.275946	1.837996	1.095577
6678	-534.5193	-563.4192	28.89986	7.068381	0.566821	0.0542883	0.192361	0.186529	1.057979	2.25337
6684	-537.4751	-562.7669	25.29186	7.068381	0.510737	0.119126	0.265458	0.104679	2.055989	3.822619
6690	-528.0811	-557.0664	28.98528	5.035272	0.231969	0.343821	0.40578	0.0184301	2.477611	1.768819
6696	-539.2565	-569.4106	30.15412	2.966457	0.0945993	0.378184	0.444593	0.0826244	2.804906	1.442452
6702	-532.0269	-562.7822	30.75535	3.307731	0.0736779	0.558149	0.310474	0.0576993	2.635094	0.8803708
6708	-532.1679	-563.3041	31.13613	0.6943183	0.0693499	0.469849	0.320091	0.14071	2.132325	2.473548
6714	-539.0115	-565.431	26.41943	18.09823	0.0769073	0.458496	0.384168	0.080429	2.43939	1.185414
6720	-530.9013	-561.72	30.81873	3.091413	0.299238	0.281079	0.296552	0.123131	2.469477	1.109406
6726	-536.3484	-567.7111	31.36271	2.888423	0.431191	0.345805	0.0715191	0.151485	1.967884	1.179921
6732	-529.9893	-560.8906	30.90133	3.014728	0.166805	0.153153	0.504917	0.175125	2.707574	0.8216267
6738	-532.0133	-559.8533	27.83995	5.445117	0.536362	0.223536	0.0553315	0.184771	2.841836	2.177168
6744	-532.8449	-562.452	29.60703	5.621377	0.347458	0.462934	0.00709272	0.182516	1.699409	1.707746
6750	-533.179	-561.4155	28.23645	8.569758	0.407445	0.247238	0.0181407	0.327176	1.738142	1.92738
6756	-530.5788	-559.4027	28.8239	6.2252	0.366895	0.283231	0.0145591	0.335315	2.275333	1.689158
6762	-535.1218	-559.2447	24.12293	13.66646	0.23411	0.259946	0.198195	0.307748	2.385104	3.292362
6768	-532.9188	-560.9158	27.99706	6.11808	0.163427	0.148776	0.511662	0.176135	2.150306	2.350389
6774	-529.3264	-559.8527	30.52628	4.858229	0.297472	0.173388	0.446646	0.0824943	1.730653	1.227938
6780	-537.9819	-558.1611	20.17919	19.7052	0.2734	0.0113131	0.654955	0.0603316	0.7994751	5.784993
6786	-536.18	-563.0428	26.86284	3.475207	0.292616	0.0118381	0.504583	0.190963	1.230099	4.272371
6792	-535.5511	-562.2038	26.65273	3.890121	0.15441	0.0295809	0.613763	0.202247	1.221022	4.272371
6798	-532.3648	-559.1057	26.74086	5.585912	0.076924	0.298328	0.523993	0.100756	1.547905	3.596024
6804	-527.7789	-558.0965	30.31765	3.984441	0.0745611	0.00609173	0.846369	0.0729781	2.024063	1.486721
6810	-534.293	-563.161	28.86801	8.324154	0.08326	0.00172025	0.315093	0.599926	1.775834	1.506628
6816	-537.0603	-565.8318	28.77148	8.324154	0.322294	0.0465489	0.290453	0.340704	2.38243	1.089524
6822	-539.4113	-567.6827	28.27141	10.03396	0.182267	0.0219132	0.69496	0.10086	2.580699	0.9038738
6828	-534.0411	-563.2242	29.18304	4.978112	0.216785	0.0188854	0.598935	0.165395	3.290818	0.9809153
6834	-536.5914	-565.5367	28.94531	4.847502	0.473612	0.0412589	0.123791	0.361338	3.420008	1.138147
6840	-536.6097	-566.3488	29.73912	4.017705	0.187793	0.446993	0.260602	0.104612	3.420008	0.6745136
6846	-537.7129	-568.3821	30.66922	3.910379	0.0968318	0.480615	0.312904	0.109649	2.475609	0.7837731
6852	-541.3229	-569.4409	28.11798	6.745715	0.0993501	0.803159	0.08448	0.0130105	2.470664	1.911864
6858	-540.5801	-571.1276	30.54754	2.684397	0.0850531	0.687581	0.156811	0.0705546	2.054992	1.826133
6864	-538.0232	-567.2366	29.21347	4.332204	0.0977932	0.521282	0.197449	0.183475	3.360231	1.162873
6870	-536.026	-563.4465	27.42049	12.3875	0.0928745	0.778017	0.0914947	0.0376141	2.939347	0.7987866
6876	-534.3227	-560.0001	25.6774	19.98258	0.271543	0.0350951	0.267509	0.425854	1.897178	1.911132
6882	-532.0089	-562.1787	30.16986	5.353448	0.142066	0.113885	0.574476	0.169573	2.371508	0.6960806
6888	-533.3792	-561.5683	28.1891	6.934561	0.31588	0.0764428	0.342044	0.265633	3.471621	1.036832
6894	-535.5231	-566.0615	30.53841	4.359354	0.609327	0.0397903	0.334931	0.0159518	2.455214	0.6730407
6900	-535.9081	-566.0837	30.17561	3.536803	0.220829	0.38559	0.349602	0.0439796	1.928216	1.824814
6906	-536.9217	-565.9387	29.01698	3.402702	0.551385	0.295504	0.08763	0.0654805	1.767746	2.720844
6912	-534.3184	-563.3186	29.00021	6.278674	0.257675	0.369074	0.0604474	0.312803	2.017428	1.732734
6918	-531.4332	-560.0618	28.62861	6.278674	0.695002	0.0450105	0.0488661	0.211121	2.389034	1.732734
6924	-534.4588	-562.3152	27.85642	5.06494	0.578941	0.0796547	0.237686	0.103719	1.901064	2.85442
6930	-538.3438	-569.2893	30.94545	1.281384	0.0169695	0.37983	0.442863	0.160338	1.990069	2.313066
6936	-533.8363	-561.7072	27.87087	7.858928	0.404988	0.214269	0.290789	0.0899536	1.878216	2.220168
6942	-537.7412	-569.546	31.8048	1.186695	0.170728	0.0903279	0.565693	0.173251	1.982501	1.808296
6948	-537.3023	-567.4354	30.13308	4.990641	0.289559	0.273812	0.421878	0.0147508	2.264261	1.050923
6954	-533.8879	-565.8924	32.0045	0.8990347	0.16879	0.455087	0.371174	0.00494873	2.56402	1.448983
6960	-538.4764	-566.2213	27.74495	8.239179	0.0114759	0.269168	0.507529	0.211827	3.274799	1.230391
6966	-539.0123	-569.7038	30.69144	3.602248	0.125244	0.395185	0.291078	0.188494	2.681299	0.3570292
6972	-538.1981	-569.3754	31.17727	3.602248	0.0852384	0.171243	0.648822	0.0946958	2.117157	0.7988929
6978	-530.5148	-563.2567	32.74185	1.281521	0.0440862	0.584236	0.335577	0.0361001	2.287108	0.4797096
6984	-530.1525	-561.4721	31.31957	3.456598	0.0266941	0.435182	0.481836	0.0562879	1.978386	0.8914012
6990	-530.6346	-562.6053	31.97066	1.663402	0.222751	0.330275	0.40022	0.0467535	2.152311	1.242306
6996	-529.1431	-560.1689	31.02585	2.473984	0.174169	0.153777	0.55395	0.118104	2.620528	1.135416
7002	-534.9163	-566.1926	31.27627	2.473984	0.282379	0.137231	0.239051	0.341339	2.805548	0.5924504
7008	-526.3587	-558.0258	31.66717	2.416737	0.046435	0.634166	0.256728	0.0626714	2.319733	0.8243791
7014	-531.4559	-561.2722	29.81639	1.241135	0.0283769	0.643335	0.270365	0.0579234	2.209472	2.899519
7020	-534.5015	-564.3018	29.80038	1.765517	0.0160076	0.369439	0.532177	0.0823762	2.083872	2.710295
7026	-528.0931	-559.0304	30.93733	3.17647	0.00932326	0.692417	0.250282	0.0479781	1.979991	1.37871
7032	-530.6803	-560.413	29.73267	1.698933	0.020688	0.317482	0.555368	0.106462	1.204713	3.310645
7038	-532.1973	-563.6395	31.44212	1.771927	0.0822739	0.30525	0.568587	0.043889	1.494947	2.03904
7044	-530.2519	-556.773	26.52118	6.163959	0.0878018	0.32576	0.539601	0.0468379	1.265578	3.756498
7050	-535.0148	-562.1012	27.08634	5.3014	0.48604	0.0219493	0.0301447	0.461866	1.283001	3.616845
7056	-532.0183	-561.946	29.92765	1.739694	0.268634	0.0156061	0.601553	0.114207	1.966665	2.716834
7062	-534.4533	-563.3743	28.92104	7.686634	0.236924	0.163428	0.212835	0.386812	1.424235	1.861534
7068	-533.3715	-561.7921	28.4206	7.263455	0.184454	0.123597	0.524541	0.167408	1.314248	2.353589
7074	-529.4438	-559.4316	29.98782	3.349516	0.488343	0.00339973	0.386816	0.121441	1.923641	2.024483
7080	-530.7871	-559.9449	29.15779	7.340613	0.610563	0.00499778	0.246626	0.137813	2.091557	1.278204
7086	-532.5539	-560.9627	28.40888	6.917069	0.164497	0.0119258	0.588501	0.235076	2.650766	1.537346
7092	-533.8835	-561.845	27.96154	9.010276	0.264745	0.155314	0.266274	0.313667	1.186795	2.381833
7098	-536.2407	-568.2395	31.99877	2.336991	0.232043	0.281689	0.399363	0.0869061	2.052819	0.8114017
7104	-533.2301	-564.8584	31.62825	2.894351	0.294616	0.011461	0.445899	0.248024	2.199661	0.5122974
7110	-535.0336	-565.6992	30.66559	2.054218	0.462753	0.00750456	0.482754	0.0469888	2.636152	1.638995
7116	-531.447	-561.8818	30.43486	2.954134	0.366755	0.00594774	0.351676	0.275621	3.141678	0.9035048
7122	-535.2159	-561.6506	26.43479	14.9355	0.291727	0.0819751	0.279734	0.346564	3.293169	0.9088844
7128	-535.2168	-567.0327	31.81584	2.034867	0.0525727	0.597457	0.187813	0.162157	1.796125	1.419003
7134	-532.9008	-563.4698	30.56895	3.770777	0.134148	0.383434	0.233665	0.248754	2.591309	0.8560779
7140	-530.3254	-561.1777	30.85228	3.600333	0.386706	0.0977662	0.348155	0.167372	2.13922	1.119635
7146	-532.751	-563.1436	30.39252	5.954497	0.723335	0.0302805	0.194545	0.0518392	1.537182	1.119635
7152	-538.6849	-568.2383	29.55343	5.871313	0.0796597	0.711974	0.065469	0.142898	2.281745	1.22999
7158	-532.3312	-562.4031	30.07193	2.549854	0.218134	0.512263	0.181422	0.0881812	1.713757	2.418694
7164	-533.2667	-564.1431	30.87641	3.984483	0.32039	0.539657	0.0640885	0.0758645	1.844353	1.182869
7170	-542.1676	-572.0879	29.92032	3.984483	0.066002	0.27215	0.429165	0.232683	1.650999	2.026871
7176	-538.4504	-567.1865	28.73606	2.301297	0.291229	0.354392	0.131428	0.222951	1.650999	3.367656
7182	-537.3432	-567.8046	30.46143	2.301297	0.281764	0.416888	0.2894	0.0119474	1.630498	2.331332
7188	-535.7692	-563.8011	28.03191	8.548857	0.433184	0.014601	0.51504	0.037175	1.690162	2.099539
7194	-535.8473	-563.2935	27.44619	8.548857	0.194656	0.00935669	0.649758	0.14623	1.457351	2.61942
7200	-532.6804	-562.167	29.48652	5.975904	0.445343	0.0652395	0.230545	0.258872	2.383745	1.165166
7206	-533.5506	-562.1918	28.64119	4.368123	0.209997	0.312866	0.432048	0.0450887	2.130381	2.422329
7212	-544.8255	-573.8375	29.01201	2.719722	0.383762	0.00701156	0.551278	0.0579476	1.023003	3.411055
7218	-542.1933	-569.7426	27.5493	4.285929	0.385927	0.00140923	0.554389	0.0582745	1.626274	3.411055
7224	-540.1003	-570.5863	30.48599	5.006802	0.66755	0.174126	0.0331584	0.125166	1.292869	1.551411
7230	-537.7824	-562.7651	24.98265	3.094248	0.531931	0.268145	0.026422	0.173502	0.6232787	5.774533
7236	-540.3234	-565.0926	24.76915	3.094248	0.230623	0.335195	0.242464	0.191719	0.8367768	5.774533
7242	-544.8097	-574.0107	29.20099	3.094248	0.38704	0.0170399	0.429082	0.166838	1.794981	2.699271
7248	-545.2015	-573.7407	28.53925	2.728837	0.477662	0.0210187	0.295526	0.205794	1.918944	3.158043
7254	-537.8654	-568.4041	30.53868	5.194417	0.168229	0.436781	0.193457	0.201532	1.522048	1.27049
7260	-529.8803	-557.9818	28.10154	9.654469	0.557692	0.100061	0.0147342	0.327513	1.55559	1.932532
7266	-543.1902	-566.3716	23.18138	31.51507	0.0609039	0.0633099	0.339677	0.536109	1.461027	2.810304
7272	-533.8976	-560.944	27.0464	7.933498	0.354274	0.602326	0.0276585	0.0157422	1.09094	3.196484
7278	-538.5809	-566.5111	27.93019	7.933498	0.597883	0.0163464	0.309746	0.0760247	1.482292	2.419712
7284	-530.4964	-558.6413	28.1449	4.882242	0.238316	0.448901	0.290175	0.0226083	1.701579	2.848619
7290	-536.1108	-565.7771	29.66623	5.37373	0.226984	0.145218	0.580261	0.0475374	1.836708	1.639419
7296	-534.2261	-564.9519	30.72588	2.563325	0.30651	0.379889	0.289855	0.0237461	1.622615	2.050221
7302	-534.028	-564.9048	30.87678	2.563325	0.352608	0.294529	0.343283	0.00957929	2.22514	1.525792
7308	-537.0118	-568.4975	31.48571	3.223317	0.318983	0.364131	0.289064	0.0278213	1.961846	0.8697586
7314	-535.7674	-563.7288	27.9614	5.744705	0.364276	0.275144	0.130815	0.229766	2.470962	2.260472
7320	-546.2953	-572.9025	26.60718	18.68913	0.170828	0.550465	0.0970934	0.181614	1.656447	1.575199
7326	-547.6866	-575.8095	28.12291	10.85076	0.0887064	0.325229	0.0889353	0.497129	1.730771	1.575199
7332	-535.083	-565.2774	30.19446	3.93739	0.149083	0.452886	0.118281	0.279749	2.056204	1.571996
7338	-537.1905	-567.646	30.45546	4.917998	0.286248	0.327542	0.114769	0.271442	1.995731	1.029568
7344	-547.1157	-575.6793	28.56359	2.723182	0.0363561	0.64484	0.260189	0.0586148	1.370366	3.468899
7350	-547.4972	-576.1843	28.68713	2.723182	0.105258	0.679062	0.0797184	0.135962	1.24682	3.468899
7356	-543.2766	-573.5353	30.25865	1.605557	0.319545	0.265326	0.242012	0.173117	1.157601	3.07241
7362	-540.5865	-569.1881	28.60161	3.792387	0.0485394	0.726919	0.202345	0.0221969	2.647374	2.300326
7368	-534.3445	-564.1207	29.77622	3.792387	0.0297211	0.657754	0.130562	0.181963	1.45126	2.314049
7374	-536.0464	-566.9796	30.93314	1.930273	0.0361954	0.196216	0.501279	0.26631	1.456695	2.314049
7380	-530.654	-560.3129	29.65887	1.250908	0.0286062	0.593845	0.315464	0.0620853	1.457876	3.434142
7386	-527.969	-559.2124	31.24341	1.21837	0.0256641	0.527765	0.390871	0.0556999	1.489023	2.478413
7392	-534.1837	-564.0226	29.83887	1.298725	0.0276966	0.490366	0.421827	0.0601111	1.285081	3.404093
7398	-539.8061	-566.45	26.64386	7.829924	0.164032	0.519033	0.271583	0.0453522	1.173983	3.404093
7404	-535.7219	-565.2215	29.49967	5.001266	0.440815	0.0800683	0.443242	0.0358744	1.47704	2.106655
7410	-532.8584	-564.4582	31.59975	1.593143	0.256964	0.102587	0.521521	0.118928	2.857961	0.9912594
7416	-538.3572	-567.6759	29.31866	5.631865	0.364444	0.0640247	0.271394	0.300137	2.062359	1.651664
7422	-537.3687	-569.4504	32.08165	1.525185	0.0501291	0.532816	0.329985	0.0870702	2.153153	1.245797
7428	-542.9406	-570.3411	27.4005	7.981794	0.00955573	0.646399	0.238414	0.105631	1.466699	2.748452
7434	-535.589	-566.0095	30.42053	1.139743	0.0154742	0.511282	0.386077	0.0871669	1.633521	2.940392
7440	-531.9837	-561.3057	29.32199	3.231693	0.179372	0.1896	0.483505	0.147523	1.995252	2.450416
7446	-535.9022	-563.3931	27.49092	9.870768	0.0937663	0.519621	0.18396	0.202652	2.886801	1.371346
7452	-529.6555	-558.564	28.90849	8.27425	0.0403978	0.223871	0.192124	0.543607	1.720475	1.529074
7458	-535.8251	-563.5213	27.69619	7.249076	0.0893817	0.261962	0.492401	0.156255	1.635465	2.609135
7464	-534.1349	-562.7348	28.59993	4.602712	0.0436245	0.182281	0.438238	0.335856	1.763135	2.609135
7470	-535.5432	-565.3101	29.76684	4.602712	0.0551612	0.151806	0.368358	0.424675	1.763135	1.855154
7476	-537.2947	-567.0151	29.72033	6.383353	0.113034	0.114828	0.690137	0.0820009	2.141578	1.032346
7482	-534.3335	-564.9479	30.61442	3.558731	0.0136397	0.581348	0.323909	0.0811037	2.691815	0.8141191
7488	-536.1962	-565.5472	29.35096	5.125426	0.226636	0.176014	0.532861	0.0644885	3.309709	0.3748883
7494	-532.1895	-562.515	30.32549	5.125426	0.186453	0.145902	0.534488	0.133157	2.366656	0.5581356
7500	-529.9448	-560.3251	30.38032	4.942794	0.300477	0.140955	0.415303	0.143264	2.390592	0.5581356
7506	-528.7147	-558.1721	29.45739	6.864787	0.473783	0.145322	0.236523	0.144372	2.534214	0.6502052
7512	-532.0454	-558.8896	26.84425	12.17099	0.502446	0.0714048	0.250832	0.175317	1.857729	2.146893
7518	-532.7329	-561.8489	29.11604	6.402162	0.487182	0.0907429	0.0597987	0.362276	1.920199	1.68741
7524	-533.8523	-562.6946	28.84228	5.932214	0.578902	0.0312573	0.115596	0.274244	1.597292	2.208693
7530	-540.9184	-570.0888	29.17036	4.52829	0.0592438	0.518628	0.0520168	0.370112	2.580134	1.725902
7536	-529.1785	-559.7422	30.56367	2.449924	0.00601068	0.775842	0.106594	0.111553	2.336631	1.725902
7542	-536.115	-566.7706	30.65568	2.449924	0.286435	0.265767	0.341554	0.106245	1.97842	1.90957
7548	-531.2635	-561.9555	30.69198	3.533574	0.0700676	0.642587	0.189521	0.0978244	2.734816	0.3810432
7554	-536.5614	-566.7972	30.2358	3.183956	0.113583	0.500927	0.231849	0.153641	3.13142	0.2094942
7560	-539.4741	-565.995	26.52087	9.897911	0.385365	0.379154	0.191667	0.0438137	3.596964	0.08059713
7566	-536.3856	-563.3406	26.95498	8.376125	0.213073	0.183826	0.518052	0.0850488	3.596964	0.08059713
7572	-538.1817	-564.0902	25.90848	12.37499	0.0908892	0.130994	0.716712	0.0614041	3.596964	0.08059713
7578	-531.5704	-561.0948	29.52433	2.675324	0.247959	0.114994	0.629167	0.00788055	3.596964	0.09579882
7584	-533.846	-563.1893	29.34328	2.866569	0.24145	0.405618	0.31109	0.0418422	3.605291	0.0897938
7590	-531.3113	-560.7002	29.38891	2.563904	0.257086	0.16226	0.572047	0.00860632	3.605291	0.07534092
7596	-529.2224	-557.4806	28.25824	4.689262	0.326795	0.0919193	0.571836	0.00945043	3.588302	0.07534092
7602	-524.4081	-552.8211	28.41303	4.689262	0.501885	0.0398262	0.447028	0.011261	3.588302	0.09069675
7608	-525.5745	-553.7974	28.22296	6.01641	0.255974	0.170788	0.462312	0.110926	3.368553	0.1081274
7614	-525.8002	-554.4538	28.65361	4.344674	0.318397	0.166404	0.328479	0.18672	3.566698	0.09757145
7620	-525.5869	-553.8988	28.31196	5.587903	0.152085	0.780704	0.0178585	0.0493519	3.365918	0.09757145
7626	-528.0156	-555.9485	27.93296	6.914955	0.0731522	0.822594	0.00883749	0.0954158	3.334517	0.1085639
7632	-530.617	-559.7421	29.1251	4.156673	0.159051	0.245013	0.45198	0.143957	3.334517	0.1179155
7638	-532.8117	-563.7376	30.92591	1.35395	0.0697148	0.669076	0.19811	0.0630988	3.334517	0.1144413
7644	-537.5897	-566.9382	29.34843	3.021524	0.133946	0.498911	0.082658	0.284486	3.396033	0.07864428
7650	-534.2962	-560.2384	25.94216	12.61376	0.296178	0.351889	0.228266	0.123666	3.39573	0.07051515
7656	-536.121	-564.8775	28.75647	4.300348	0.225707	0.374133	0.040381	0.359779	3.534986	0.1038769
7662	-543.7685	-572.7517	28.98317	4.096412	0.460394	0.0320742	0.400833	0.106699	3.273106	1.509005
7668	-546.0397	-571.3768	25.33705	6.692796	0.357685	0.00246615	0.556696	0.0831534	2.680363	3.51072
7674	-541.2272	-570.6976	29.47045	4.122874	0.151754	0.405471	0.416641	0.0261333	3.058624	1.286213
7680	-537.1106	-568.7044	31.59374	2.934627	0.170641	0.428607	0.158082	0.24267	2.208932	0.4778947
7686	-538.6361	-569.5701	30.93393	2.031099	0.202749	0.218153	0.566764	0.0123343	2.208932	1.763684
7692	-536.7972	-568.1074	31.3102	2.031099	0.426533	0.0865116	0.483239	0.0037158	2.989236	0.3004379
7698	-538.8286	-569.3978	30.56924	3.671324	0.387917	0.358879	0.237789	0.0154144	2.794179	0.6161319
7704	-545.2191	-573.2881	28.06892	10.76775	0.319517	0.170145	0.481213	0.0291252	2.63108	0.8597493
7710	-530.7113	-560.1889	29.47757	4.532745	0.325604	0.137542	0.494646	0.0422072	1.811439	2.038964
7716	-534.8618	-562.0114	27.14964	7.641711	0.526858	0.0115949	0.425221	0.0363255	1.921939	2.68964
7722	-536.0694	-563.2941	27.2248	7.375108	0.40348	0.0224479	0.247691	0.326381	1.884789	2.719924
7728	-536.6608	-565.3578	28.69703	7.55605	0.357781	0.0981732	0.221184	0.322862	2.479586	1.279615
7734	-542.2377	-571.7783	29.5406	7.55605	0.278117	0.353977	0.222083	0.145822	2.254823	0.4813089
7740	-539.1561	-569.1577	30.00166	6.371094	0.394024	0.21097	0.323244	0.0717618	2.20113	0.4602912
7746	-534.5617	-562.4685	27.90677	5.657981	0.435773	0.0687684	0.416093	0.0793655	1.989134	2.619633
7752	-544.8337	-574.4112	29.57753	1.257172	0.126563	0.136983	0.478898	0.257556	1.256555	3.595526
7758	-541.6486	-568.1785	26.52993	10.64199	0.247206	0.244717	0.316835	0.191241	1.136586	3.02077
7764	-541.4772	-572.6412	31.16402	2.52674	0.212385	0.30564	0.226525	0.25545	1.902498	1.569749
7770	-540.9959	-570.4122	29.41636	6.655512	0.503947	0.246602	0.232199	0.0172518	1.870834	1.435212
7776	-534.4245	-563.136	28.71142	7.275695	0.0620244	0.855254	0.0770005	0.00572093	1.555104	2.005731
7782	-529.685	-559.1827	29.49778	3.758964	0.0732288	0.863303	0.0368106	0.0266574	1.336272	2.572367
7788	-531.2379	-560.8274	29.58948	4.596969	0.0383398	0.894678	0.0485658	0.0184165	1.804351	1.949291
7794	-532.2097	-564.2393	32.02964	1.520863	0.047577	0.814869	0.120781	0.0167737	1.249573	1.949291
7800	-532.8549	-561.3309	28.47593	9.180803	0.227279	0.264755	0.361292	0.146674	2.00173	1.441817
7806	-536.1443	-562.12	25.97561	15.68245	0.188099	0.128481	0.66623	0.0171898	1.204724	2.643971
7812	-527.5759	-557.491	29.91513	3.036801	0.17594	0.687845	0.06793	0.0682858	1.204693	2.643971
7818	-533.0642	-560.0696	27.00541	9.307902	0.304035	0.333497	0.34054	0.021927	1.54486	2.701515
7824	-527.7034	-560.8074	33.10396	0.5647542	0.11539	0.57712	0.286974	0.0205161	1.532722	1.657512
7830	-527.218	-557.2335	30.01542	4.80885	0.133417	0.667281	0.175581	0.0237212	1.476822	1.817201
7836	-530.4766	-560.4088	29.93213	2.079428	0.212571	0.375917	0.398149	0.0133635	1.111185	3.073224
7842	-537.0678	-561.379	24.31118	42.79085	0.39512	0.234308	0.362242	0.00832944	1.729981	1.081036
7848	-531.4132	-562.155	30.74177	4.156653	0.467686	0.201931	0.30468	0.0257036	1.545994	1.46297
7854	-532.7932	-561.2206	28.42736	6.482202	0.233875	0.156837	0.575211	0.0340771	1.647992	2.310363
7860	-537.5327	-565.9268	28.39406	8.471814	0.429701	0.516036	0.0253009	0.0289623	2.208695	1.503925
7866	-537.5859	-566.8196	29.23369	6.070328	0.270636	0.278914	0.0159351	0.434515	1.943487	1.675214
7872	-533.0467	-561.2104	28.16376	9.3587	0.604185	0.169907	0.00496004	0.220948	1.628849	1.896252
7878	-533.0753	-562.4335	29.35817	6.083089	0.306769	0.444249	0.00546665	0.243515	1.49602	1.896252
7884	-534.9989	-561.1259	26.12703	10.505	0.0587809	0.857524	0.00548971	0.0782052	1.71956	2.93365
7890	-537.1226	-569.7682	32.64561	0.8372968	0.0421368	0.549611	0.293561	0.114692	1.979265	1.454676
7896	-537.5874	-567.3959	29.80848	1.976922	0.262458	0.463738	0.066913	0.206891	1.921384	2.704209
7902	-534.7032	-565.965	31.26184	2.741897	0.231049	0.408242	0.178576	0.182132	2.221857	1.125146
7908	-534.6237	-561.8296	27.20588	7.379241	0.709193	0.108348	0.0508669	0.131592	1.459803	2.988229
7914	-530.2573	-559.9442	29.68693	5.499004	0.15393	0.29602	0.390909	0.159141	2.087114	1.39887
7920	-531.8525	-561.0155	29.16294	7.218001	0.226159	0.189051	0.182353	0.402436	2.395883	1.041699
7926	-531.1079	-560.7553	29.6474	3.147345	0.249178	0.191039	0.527159	0.0326244	2.395883	2.013551
7932	-527.6798	-559.2214	31.54164	1.190059	0.0542051	0.58865	0.23222	0.124925	1.939478	2.013551
7938	-534.353	-565.7975	31.4445	1.345701	0.0610845	0.217717	0.587571	0.133628	2.330069	1.714495
7944	-534.581	-567.2194	32.63841	0.8773652	0.0579115	0.678388	0.193619	0.070082	2.763506	0.6146514
7950	-531.9598	-555.767	23.80717	32.60817	0.0609632	0.292991	0.47435	0.171696	2.886445	1.363028
7956	-527.1407	-557.9335	30.79276	3.891911	0.0118366	0.61221	0.350021	0.0259328	2.466773	0.5841095
7962	-533.7301	-563.846	30.11586	5.098859	0.281095	0.0514101	0.63867	0.0288251	2.488012	0.7666771
7968	-531.2954	-559.6716	28.3762	5.098859	0.624334	0.114186	0.150186	0.111294	2.233814	2.316475
7974	-534.7277	-564.2376	29.50991	4.341176	0.349056	0.377724	0.162441	0.110779	2.839881	1.345707
7980	-533.2865	-561.4771	28.19059	9.452267	0.349522	0.252685	0.236504	0.161288	2.620514	1.103057
7986	-532.365	-560.3943	28.02931	10.90121	0.232955	0.355995	0.297014	0.114036	2.672133	0.8163272
7992	-531.7289	-563.5848	31.85591	1.520869	0.123637	0.596309	0.0280162	0.252038	2.470044	1.171195
7998	-525.03	-554.3402	29.31017	6.647787	0.141587	0.682885	0.0320838	0.143444	2.790261	0.4494619
8004	-528.0332	-555.9565	27.9233	11.71626	0.33815	0.377977	0.0177584	0.266115	2.716313	0.4494619
8010	-529.6348	-560.1271	30.49233	4.006348	0.157878	0.139445	0.567015	0.135663	2.716644	0.4494619
8016	-539.2049	-569.675	30.47011	4.006348	0.334706	0.431777	0.117437	0.11608	2.716644	0.6270971
8022	-536.0665	-567.9787	31.91222	2.086348	0.37965	0.359019	0.158293	0.103038	2.456337	0.4891837
8028	-532.5775	-562.4898	29.91224	4.151957	0.308375	0.235285	0.283137	0.173203	2.159111	1.624777
8034	-531.1437	-560.9388	29.79504	3.896762	0.16887	0.0857161	0.488	0.257414	2.041237	1.878597
8040	-533.8489	-564.0939	30.24496	3.334099	0.228601	0.607364	0.0131068	0.150928	2.552373	1.402253
8046	-539.3645	-566.5304	27.1659	4.732873	0.309311	0.22828	0.222104	0.240306	2.364303	3.078824
8052	-542.9047	-571.6244	28.7197	8.639575	0.302823	0.250839	0.211073	0.235265	1.645154	1.641626
8058	-540.6155	-570.4647	29.84918	3.144621	0.332002	0.278311	0.0236423	0.366045	1.859574	2.233427
8064	-536.0424	-564.3624	28.31998	2.515417	0.333671	0.00716691	0.507788	0.151373	1.020121	3.89052
8070	-534.4959	-561.7982	27.30233	6.723375	0.0944475	0.107696	0.647486	0.15037	1.604518	2.978356
8076	-534.2438	-563.2998	29.05602	6.882888	0.243609	0.0851473	0.398713	0.272531	1.961996	1.576762
8082	-534.1645	-563.0429	28.87837	6.882888	0.209954	0.073384	0.567207	0.149455	1.978485	1.692873
8088	-530.9662	-560.7063	29.7401	6.42066	0.420551	0.212906	0.296294	0.0702492	2.086162	1.053459
8094	-529.2157	-561.0184	31.80277	2.351234	0.126253	0.502762	0.298721	0.0722645	1.747578	1.288246
8100	-531.6033	-562.3667	30.7634	4.065484	0.129074	0.513997	0.28305	0.0738794	2.320375	0.7598888
8106	-537.6998	-565.7424	28.0426	4.759335	0.360541	0.130494	0.410795	0.09817	2.849572	2.230816
8112	-543.7718	-573.6271	29.85529	2.886623	0.276932	0.149636	0.462827	0.110604	1.672043	2.446757
8118	-533.3155	-563.8203	30.50479	3.307867	0.204652	0.371585	0.342027	0.0817362	3.079411	0.5246887
8124	-534.0741	-565.0818	31.00767	2.797075	0.366367	0.167688	0.352828	0.113117	2.879831	0.480291
8130	-535.8396	-565.8015	29.96195	3.320139	0.221137	0.408783	0.280237	0.089844	3.578122	0.3739543
8136	-545.8653	-573.2041	27.33874	10.24292	0.212809	0.032656	0.645277	0.109258	3.578122	0.3119125
8142	-534.8876	-563.9071	29.01948	5.997599	0.415637	0.0503272	0.146838	0.387199	3.148499	0.8607226
8148	-535.5056	-565.5977	30.09219	4.036224	0.454358	0.173008	0.0499217	0.322713	2.901473	0.8928226
8154	-531.3236	-561.1115	29.78787	5.23971	0.291532	0.469373	0.0320315	0.207064	2.848588	0.5871646
8160	-537.2751	-566.1308	28.85575	5.665991	0.226515	0.512448	0.034971	0.226066	2.649782	1.551228
8166	-542.341	-570.6094	28.26845	8.319146	0.0423224	0.520918	0.206957	0.229803	2.287649	1.572729
8172	-538.9186	-567.5834	28.66479	3.050015	0.352014	0.17629	0.25635	0.215346	1.911934	2.969688
8178	-538.0711	-566.236	28.16491	3.161807	0.298672	0.101357	0.425406	0.174565	1.570278	3.429687
8184	-538.8293	-568.5142	29.68496	1.043026	0.119413	0.668209	0.0559195	0.156458	1.38701	3.576465
8190	-532.8573	-563.7222	30.86486	2.056738	0.0746447	0.694121	0.0776342	0.1536	1.549627	2.237275
8196	-537.6722	-565.8928	28.22063	7.438065	0.472675	0.193184	0.290802	0.0433386	1.638081	2.237275
8202	-544.8619	-572.4018	27.53991	6.583857	0.121697	0.464453	0.243955	0.169895	1.733113	2.786938
8208	-540.9425	-570.5949	29.65242	1.935304	0.411803	0.0701338	0.513502	0.004561	1.087996	3.316846
8214	-532.9248	-562.3932	29.4684	1.935304	0.284025	0.450903	0.261926	0.00314577	1.039459	3.453283
8220	-532.0365	-558.4563	26.4198	4.201987	0.308165	0.479442	0.20898	0.00341314	0.8830857	4.506946
8226	-543.6165	-571.6001	27.98353	1.505958	0.259212	0.4133	0.308729	0.0187588	1.546545	4.215969
8232	-537.758	-563.6775	25.91943	6.805204	0.521022	0.302546	0.153522	0.0229105	1.010798	4.113718
8238	-540.0552	-567.301	27.24586	3.249668	0.19786	0.644879	0.153583	0.00367756	0.8969755	4.315456
8244	-547.7603	-575.23	27.46969	4.239357	0.354025	0.180685	0.304889	0.160402	2.469669	2.971364
8250	-537.4684	-566.9034	29.43506	4.239357	0.523333	0.175877	0.0636787	0.237112	2.053392	1.998507
8256	-536.5547	-568.285	31.73028	1.997515	0.17862	0.39563	0.314206	0.111544	2.001456	1.347078
8262	-536.919	-563.9274	27.0084	18.28592	0.0711622	0.503727	0.223974	0.201137	2.051778	0.9668162
8268	-535.2773	-565.266	29.98867	4.774546	0.451077	0.17187	0.219225	0.157828	2.27887	1.250201
8274	-532.7723	-564.1135	31.34117	3.212256	0.27752	0.206603	0.326154	0.189723	2.298238	0.4858695
8280	-529.1948	-561.3506	32.15581	1.744685	0.197033	0.190594	0.550405	0.0619675	2.197369	0.9708797
8286	-528.555	-561.6279	33.0729	0.5846448	0.0485621	0.590541	0.315591	0.0453057	1.84333	1.435468
8292	-530.6473	-563.3006	32.65329	1.084195	0.0275313	0.403085	0.433939	0.135445	1.724118	1.453232
8298	-529.4271	-558.9591	29.53199	4.029044	0.0737236	0.478531	0.358256	0.089489	1.488449	2.369178
8304	-530.772	-557.7816	27.00957	11.84797	0.420937	0.141143	0.131894	0.306026	1.762352	2.150412
8310	-534.7353	-559.8727	25.13741	25.63969	0.180076	0.575393	0.210065	0.0344663	1.801537	1.789793
8316	-533.0774	-563.2465	30.16906	3.271375	0.127138	0.135499	0.659177	0.0781862	2.361788	1.627775
8322	-529.2881	-558.7048	29.41674	6.776032	0.258229	0.27521	0.318102	0.148459	1.87776	1.396552
8328	-534.2997	-563.7483	29.4486	7.947617	0.252506	0.26911	0.226343	0.25204	2.148108	0.7176903
8334	-532.3971	-562.2349	29.83776	5.800719	0.451966	0.224407	0.0722159	0.251411	2.584466	0.5130189
8340	-527.5006	-557.9458	30.44514	3.933854	0.261259	0.295281	0.237112	0.206348	2.782822	0.4003112
8346	-522.0521	-552.5707	30.51862	3.933854	0.229567	0.0499199	0.635528	0.084985	2.613236	0.2939535
8352	-526.8177	-557.555	30.73727	3.115761	0.258204	0.0731786	0.650501	0.0181168	2.797562	0.2672415
8358	-524.3251	-554.6247	30.29957	3.919825	0.200316	0.547573	0.231275	0.0208359	2.797562	0.2672415
8364	-519.259	-550.7279	31.46893	1.901995	0.0946373	0.682414	0.196982	0.0259668	2.797562	0.2281052
8370	-523.5172	-554.1638	30.64662	2.983177	0.161697	0.608636	0.185301	0.0443667	2.827074	0.2053195
8376	-524.0913	-553.0659	28.97453	6.063881	0.313706	0.503236	0.115648	0.0674109	2.905297	0.1643917
8382	-532.2864	-554.288	22.00169	56.81421	0.443448	0.375772	0.130444	0.0503365	2.905297	0.1643917
8388	-531.7923	-560.787	28.99471	6.116273	0.417221	0.439639	0.0450373	0.0981025	2.905297	0.1746578
8394	-528.9665	-559.3649	30.39838	2.953424	0.179842	0.43531	0.34975	0.0350983	2.905297	0.1533425
8400	-528.1864	-557.4259	29.23958	5.21922	0.179461	0.231198	0.375334	0.214006	2.9305	0.1533425
8406	-535.5347	-564.7756	29.24087	5.21922	0.117808	0.526352	0.284327	0.0715132	2.964933	0.1615485
8412	-539.0133	-567.3044	28.29105	3.923892	0.197875	0.337028	0.327422	0.137675	1.565928	3.114048
8418	-534.7106	-563.4366	28.72605	1.696898	0.0826826	0.752495	0.0254049	0.139417	1.12157	3.943864
8424	-536.9811	-562.8868	25.90573	14.04644	0.0884976	0.805418	0.0524706	0.053614	1.268218	2.846887
8430	-539.2996	-568.4581	29.15855	6.740293	0.374258	0.219892	0.318661	0.0871896	2.232037	1.330639
8436	-537.8712	-565.2728	27.40156	10.40379	0.0391576	0.066902	0.582775	0.311165	1.589284	2.239623
8442	-533.76	-560.3318	26.57184	6.118611	0.420075	0.157325	0.155326	0.267275	0.8057854	4.001164
8448	-532.9429	-557.434	24.49104	17.49025	0.406606	0.143307	0.0970024	0.353085	1.824873	2.968585
8454	-536.6553	-562.0783	25.42304	17.49025	0.447385	0.115365	0.319777	0.117473	1.750597	2.442113
8460	-531.9205	-562.5054	30.58483	4.018899	0.275118	0.565979	0.0456623	0.11324	2.143264	1.161443
8466	-538.7344	-567.7586	29.02416	4.415879	0.205753	0.267317	0.305612	0.221318	2.829584	1.689969
8472	-534.684	-566.61	31.92603	1.172081	0.0788509	0.53035	0.291696	0.0991033	3.185467	0.6088499
8478	-539.0502	-570.5285	31.47832	1.301521	0.0301735	0.72396	0.110585	0.135282	3.139649	1.083335
8484	-541.0482	-570.5992	29.55103	7.373422	0.0268015	0.643054	0.184174	0.145971	1.911736	1.083335
8490	-535.9657	-567.7167	31.75106	1.180735	0.0407093	0.63513	0.21503	0.109131	2.711298	1.313893
8496	-529.7556	-560.8802	31.12465	3.045613	0.0570557	0.48862	0.301373	0.152952	1.947781	1.316336
8502	-538.797	-570.026	31.22904	2.939121	0.302036	0.533096	0.0243257	0.140542	2.133858	1.124091
8508	-536.8581	-566.294	29.43591	3.152856	0.0552241	0.714848	0.0414689	0.188459	1.98516	2.413688
8514	-535.3538	-564.8241	29.47028	6.577481	0.404384	0.0944049	0.30366	0.197551	1.831472	1.445463
8520	-536.469	-564.2344	27.76538	8.432649	0.359062	0.0380782	0.452539	0.150321	2.227601	1.942721
8526	-539.1268	-565.785	26.65813	8.065457	0.0347085	0.227251	0.602036	0.136004	2.413185	2.606874
8532	-530.4541	-561.0573	30.60312	2.094423	0.102613	0.524452	0.200575	0.172359	2.213969	1.954545
8538	-533.5047	-563.5996	30.09489	3.806589	0.0935159	0.477955	0.271451	0.157078	2.42071	1.423303
8544	-533.2898	-563.1344	29.84462	3.806589	0.354553	0.166176	0.208134	0.271137	2.375571	1.642682
8550	-537.7006	-567.9149	30.21432	2.084906	0.253312	0.154527	0.459074	0.133086	1.363686	2.747919
8556	-540.0039	-569.2798	29.27596	2.918281	0.166734	0.264521	0.501464	0.067281	1.745807	2.747919
8562	-539.4359	-567.1069	27.67103	3.602989	0.183433	0.291012	0.435155	0.0904007	1.146225	3.81962
8568	-539.5205	-564.2441	24.72358	10.76974	0.18319	0.290627	0.420722	0.105461	1.064813	4.095847
8574	-541.2145	-571.5601	30.34557	2.018291	0.384188	0.0585907	0.538347	0.0188738	2.671358	1.857284
8580	-543.103	-574.2131	31.11012	2.018291	0.214246	0.475015	0.300214	0.0105251	2.534854	1.403017
8586	-536.5496	-568.0565	31.50697	2.689217	0.2092	0.519979	0.246628	0.0241931	2.145646	0.9968965
8592	-535.2857	-566.8864	31.60074	0.9068611	0.146134	0.363226	0.45429	0.0363494	2.463807	1.807493
8598	-538.7276	-569.2038	30.47626	1.741256	0.0577943	0.492512	0.233016	0.216678	2.523218	2.013933
8604	-531.119	-563.1906	32.07163	0.6454742	0.107963	0.306212	0.444574	0.141251	1.962231	2.013933
8610	-532.1947	-564.3202	32.12545	1.392588	0.108249	0.451768	0.384049	0.0559344	2.494224	1.002717
8616	-534.1818	-562.9608	28.77904	1.242274	0.261324	0.21138	0.500478	0.0268177	1.914551	3.684984
8622	-532.2177	-563.0089	30.79123	1.322519	0.320572	0.297457	0.336837	0.0451337	1.990441	2.386878
8628	-536.9736	-567.0746	30.101	4.607096	0.228169	0.141602	0.429158	0.201071	1.990441	1.450335
8634	-531.6933	-563.5816	31.88827	2.315843	0.0395481	0.75827	0.038502	0.16368	2.260039	0.6875563
8640	-532.7559	-563.6583	30.90247	3.17174	0.0312799	0.678544	0.115471	0.174705	1.988783	1.401209
8646	-530.66	-561.5756	30.91559	2.512928	0.260438	0.22001	0.331529	0.188024	1.473722	2.045219
8652	-533.8531	-564.167	30.31389	3.570147	0.280663	0.391717	0.0787352	0.248885	2.100192	1.592647
8658	-532.4788	-561.9041	29.42532	8.25658	0.352207	0.0891181	0.414636	0.144039	2.000256	0.8248907
8664	-540.7543	-568.4906	27.73624	8.25658	0.468279	0.24074	0.266395	0.0245857	3.838269	0.5103412
8670	-536.5647	-565.969	29.40426	7.95058	0.384645	0.0672761	0.501771	0.0463085	2.085927	0.8622277
8676	-534.9602	-564.3106	29.35043	7.955057	0.0782354	0.585855	0.14936	0.186549	1.82266	1.174694
8682	-537.4006	-567.748	30.34742	5.571833	0.08168	0.543955	0.262655	0.111711	2.048033	0.7837942
8688	-532.418	-561.6918	29.27379	7.149283	0.00765813	0.948248	0.0240292	0.0200644	2.120015	1.211201
8694	-541.8078	-574.2257	32.41785	1.134761	0.0265222	0.869118	0.00616021	0.0981993	2.746384	0.5442629
8700	-543.6127	-574.6227	31.00995	1.613885	0.0775079	0.418915	0.418263	0.0853141	2.642256	1.635782
8706	-544.4756	-575.071	30.5954	1.613885	0.114929	0.347259	0.346719	0.191093	4.091677	0.677932
8712	-541.1787	-570.8211	29.64241	7.365563	0.11575	0.40671	0.406077	0.0714631	2.181617	0.6437994
8718	-538.494	-571.6359	33.14184	0.7003035	0.0391737	0.457955	0.458141	0.0447302	2.107813	1.052573
8724	-538.134	-564.7887	26.65472	8.900739	0.273455	0.248712	0.394756	0.0830765	1.32841	3.114337
8730	-533.3436	-559.9183	26.57468	9.58612	0.0757033	0.528932	0.349117	0.0462474	1.214777	3.114337
8736	-527.9803	-558.7036	30.72333	2.750781	0.0732597	0.52407	0.356848	0.0458223	1.873129	1.801248
8742	-542.1783	-571.1989	29.02051	1.703541	0.065307	0.307539	0.349158	0.277996	1.06652	3.803307
8748	-538.2605	-567.8488	29.58825	1.691851	0.0203712	0.198942	0.535968	0.244719	1.433007	3.264591
8754	-537.1713	-567.699	30.52768	3.276285	0.0343687	0.661889	0.127607	0.176135	2.014319	1.617702
8760	-538.3779	-568.4683	30.09035	3.322827	0.0450196	0.647922	0.247135	0.0599242	1.247719	2.404731
8766	-541.6023	-569.2772	27.67492	4.488997	0.102868	0.673505	0.158376	0.065251	1.997439	3.060501
8772	-544.2717	-577.5035	33.23183	0.789222	0.193285	0.254444	0.472676	0.0795946	2.039124	0.9366461
8778	-541.9599	-569.009	27.04903	0.7717114	0.106712	0.374969	0.381434	0.136885	2.039124	4.860551
8784	-539.0079	-566.3742	27.36628	1.752968	0.23996	0.0500458	0.674505	0.0354885	2.567282	3.868584
8790	-534.6527	-561.3685	26.71576	3.912042	0.39811	0.0926344	0.44497	0.064286	1.855123	3.868584
8796	-540.0354	-567.7735	27.73807	3.891925	0.233887	0.348787	0.168736	0.248589	1.572485	3.446041
8802	-539.6822	-564.8141	25.1319	4.382585	0.1072	0.293067	0.470945	0.128788	1.611729	4.77189
8808	-536.7448	-561.835	25.09022	4.382585	0.461434	0.14841	0.278158	0.111998	1.653402	4.77189
8814	-536.8068	-565.1435	28.33671	7.188634	0.412363	0.0943503	0.483959	0.00932761	2.046423	1.947292
8820	-538.5807	-568.3461	29.7654	4.724341	0.255436	0.45139	0.280712	0.0124615	2.046423	1.618369
8826	-541.8174	-570.3402	28.52282	3.092774	0.0178339	0.640166	0.33467	0.00732998	1.408426	3.33831
8832	-533.9263	-563.2869	29.36061	4.04218	0.0500951	0.78176	0.160392	0.00775319	1.554831	2.43136
8838	-547.1324	-569.1273	21.9949	15.53145	0.375449	0.421006	0.194159	0.00938547	1.368109	4.872799
8844	-539.7021	-564.3418	24.6397	4.397172	0.210444	0.23598	0.338522	0.215054	2.05721	4.794132
8850	-537.2341	-569.3724	32.13828	1.343419	0.12393	0.33372	0.331658	0.210693	1.743511	1.639574
8856	-535.281	-562.3463	27.06528	7.673711	0.524266	0.174694	0.112481	0.188559	1.546695	2.962599
8862	-532.2697	-560.4798	28.21012	5.530982	0.347683	0.467698	0.132463	0.0521555	1.397544	2.827431
8868	-536.7064	-566.2223	29.51591	2.840462	0.203271	0.260245	0.0774435	0.45904	1.710537	2.651606
8874	-533.3273	-563.3457	30.01835	2.840462	0.0173373	0.493719	0.226076	0.262868	1.883837	2.226332
8880	-531.9243	-560.1892	28.2649	10.85363	0.0854902	0.348928	0.275027	0.290556	1.543619	1.607599
8886	-541.897	-565.5959	23.69886	17.3522	0.359133	0.339065	0.226379	0.0754225	1.125242	3.857644
8892	-537.1754	-564.5371	27.36178	3.981433	0.170194	0.568616	0.195917	0.0652734	1.83939	3.483476
8898	-536.266	-561.8011	25.53508	9.070095	0.0532394	0.633807	0.246351	0.0666028	1.335041	3.737647
8904	-539.6577	-570.2162	30.5585	3.723593	0.213302	0.533486	0.164663	0.0885489	2.119707	1.329538
8910	-536.5366	-565.7665	29.22992	5.845615	0.00945389	0.482809	0.354697	0.153039	2.557464	1.278053
8916	-533.6068	-563.7142	30.1074	4.848299	0.0106244	0.529185	0.288203	0.171988	2.309929	1.090648
8922	-530.8489	-562.372	31.52309	1.247923	0.0672627	0.340448	0.472769	0.11952	2.217373	1.800943
8928	-534.4193	-566.598	32.17868	1.123268	0.0300396	0.665402	0.262637	0.0419204	2.22558	1.403393
8934	-535.4294	-566.4605	31.03106	1.743078	0.0638189	0.402662	0.431621	0.101899	2.321534	1.772906
8940	-541.9108	-573.2851	31.37432	0.65405	0.110279	0.57599	0.275283	0.0384486	3.162078	1.662128
8946	-540.9223	-572.5338	31.61147	0.65405	0.094285	0.492454	0.344169	0.0690923	2.266352	2.110931
8952	-542.3013	-570.6669	28.36558	5.07132	0.230829	0.561089	0.178164	0.0299185	2.325557	2.272153
8958	-542.5989	-564.7373	22.13836	5.07132	0.358141	0.230415	0.246222	0.165222	1.227267	6.457134
8964	-536.8079	-566.6294	29.82153	4.122054	0.152625	0.404042	0.349745	0.0935882	2.216716	1.659125
8970	-539.0644	-571.2593	32.19486	0.5355373	0.153197	0.401642	0.337469	0.107692	1.822862	2.100468
8976	-536.4025	-565.1549	28.75233	8.328942	0.362832	0.317778	0.264645	0.0547443	2.003849	1.420184
8982	-533.2713	-561.1514	27.88017	6.251868	0.44117	0.238966	0.251304	0.0685611	1.593957	2.738294
8988	-532.3611	-561.8865	29.52537	3.647722	0.172745	0.65196	0.139692	0.0356024	1.391658	2.557182
8994	-534.2708	-565.5464	31.27557	1.996168	0.161104	0.608025	0.103455	0.127415	1.717519	1.88487
9000	-536.1123	-568.2894	32.1771	1.878966	0.159851	0.581108	0.0988751	0.160166	1.815805	1.20673
9006	-529.7491	-563.2558	33.50674	0.7271416	0.13556	0.743692	0.0346807	0.0860678	1.828364	0.9380412
9012	-530.9278	-561.6855	30.75762	3.876391	0.028926	0.894507	0.0109357	0.0656309	1.823769	1.34368
9018	-529.7351	-562.3777	32.64262	1.506707	0.0428926	0.759467	0.151634	0.0460061	1.612003	1.242493
9024	-536.3005	-565.847	29.54658	1.506707	0.0428926	0.759467	0.151634	0.0460061	1.485826	3.349435
9030	-532.3881	-562.1038	29.71566	3.700875	0.0032602	0.903404	0.0386103	0.0547253	1.671053	2.242669
9036	-533.8164	-559.7749	25.9585	12.34525	0.157545	0.686732	0.0845351	0.0711879	1.530127	2.88053
9042	-538.2333	-566.7061	28.47277	10.80978	0.496673	0.13011	0.0318167	0.341401	1.6576	1.373504
9048	-536.5471	-566.4273	29.8802	6.42539	0.256929	0.0723113	0.439823	0.230937	1.790131	1.19258
9054	-543.3203	-570.4588	27.13854	5.506539	0.163396	0.174688	0.507442	0.154474	2.149225	3.026326
9060	-534.3731	-565.8759	31.50281	3.415574	0.309961	0.331384	0.189926	0.168729	2.021644	0.519363
9066	-537.5999	-567.9354	30.33547	3.303183	0.224538	0.457185	0.189175	0.129102	3.030055	0.2361273
9072	-538.5007	-569.1874	30.68668	2.769134	0.395557	0.326916	0.18521	0.0923161	2.19422	1.591289
9078	-537.0801	-567.321	30.24091	2.769134	0.0926518	0.125528	0.743972	0.037849	1.759205	2.191759
9084	-534.9043	-565.4654	30.56111	2.423369	0.179746	0.404981	0.218668	0.196605	1.927701	2.019056
9090	-535.1755	-562.797	27.62152	10.02922	0.182928	0.540371	0.0501899	0.226511	1.805185	2.019056
9096	-535.9137	-564.6075	28.69379	5.70511	0.0808736	0.141664	0.611372	0.166091	1.928483	2.14778
9102	-538.8436	-566.1572	27.31362	9.000421	0.07582	0.791982	0.0159423	0.116256	1.91527	2.33251
9108	-534.5984	-565.4639	30.86548	2.36714	0.0866757	0.506498	0.0490609	0.357766	1.480245	2.138501
9114	-536.5784	-565.4424	28.86397	6.574964	0.0330298	0.681912	0.0150897	0.269968	1.90644	1.829349
9120	-544.4328	-574.8067	30.37389	2.786891	0.172169	0.16859	0.590029	0.0692117	1.756815	2.099367
9126	-555.7387	-580.221	24.48234	10.3759	0.456781	0.150687	0.208907	0.183625	1.686674	3.9361
9132	-539.1529	-566.4255	27.27255	2.66179	0.234785	0.566547	0.0629952	0.135673	1.906743	3.927949
9138	-541.1111	-569.4989	28.38779	7.381959	0.250471	0.319532	0.0627876	0.36721	2.612542	1.463539
9144	-538.9491	-569.5475	30.59843	0.9078018	0.0354784	0.36545	0.458612	0.140459	2.237197	2.604032
9150	-537.2175	-567.9377	30.72015	1.205975	0.016754	0.700347	0.21657	0.0663289	2.124462	2.415242
9156	-532.5176	-564.4316	31.91404	1.030627	0.0132382	0.600082	0.33427	0.0524099	2.592838	1.394074
9162	-541.2211	-568.8104	27.58928	5.344751	0.01014	0.497032	0.477283	0.0155451	2.94613	2.298033
9168	-533.8007	-564.5033	30.70255	0.8469251	0.0481162	0.555235	0.364353	0.0322952	3.490493	1.761194
9174	-532.5354	-563.9009	31.36546	0.7951118	0.0626665	0.504097	0.39774	0.0354965	3.897017	0.9391063
9180	-537.8255	-564.1759	26.35043	9.211073	0.175227	0.155013	0.650586	0.0191741	2.435924	2.572708
9186	-540.2737	-567.1617	26.88806	18.16021	0.292747	0.258977	0.416241	0.0320337	1.721414	1.381235
9192	-534.5095	-566.9882	32.4787	0.9817388	0.0239308	0.341135	0.458525	0.176409	2.702698	0.2817725
9198	-532.3134	-564.5844	32.27098	0.9817388	0.0426783	0.482259	0.382401	0.0926615	2.907278	0.2797614
9204	-526.322	-557.6779	31.35592	2.504013	0.109244	0.618671	0.162111	0.109973	2.664973	0.3506351
9210	-536.6646	-567.1659	30.50127	2.504013	0.228513	0.405967	0.193692	0.171828	3.03359	0.1421231
9216	-536.1712	-566.0929	29.92166	4.50681	0.0193946	0.872227	0.0328599	0.0755182	2.81979	0.2319837
9222	-537.7506	-568.6596	30.90903	4.50681	0.0162711	0.954023	0.0103116	0.0193947	2.05195	0.4254072
9228	-530.5752	-561.8575	31.28238	2.918422	0.00785513	0.725464	0.110387	0.156294	2.475285	0.3509603
9234	-528.9296	-558.8215	29.89191	6.200598	0.178824	0.328857	0.324119	0.1682	1.655598	1.361977
9240	-528.8953	-559.1661	30.27087	3.523979	0.345895	0.0303314	0.600205	0.0235688	1.879708	1.797328
9246	-536.7409	-569.5365	32.79552	0.8375665	0.0739838	0.785346	0.0652524	0.0754181	2.357751	1.005872
9252	-532.0139	-562.8249	30.81099	2.138406	0.188282	0.512489	0.290234	0.00899547	2.281927	1.743446
9258	-534.7945	-563.297	28.50257	5.257476	0.123875	0.296272	0.437766	0.142086	2.061848	2.302731
9264	-535.2611	-565.1251	29.864	5.257476	0.303727	0.517069	0.134094	0.0451102	2.344845	1.120244
9270	-540.7881	-569.878	29.08998	4.490921	0.287138	0.157278	0.142495	0.413089	1.590258	2.443548
9276	-544.0374	-571.4	27.36259	4.490921	0.326073	0.314485	0.10348	0.255962	1.656505	3.446001
9282	-546.7145	-569.7297	23.01522	9.992341	0.0800453	0.406023	0.152764	0.361168	0.9470014	5.232329
9288	-535.5924	-566.4283	30.8359	1.716368	0.0355925	0.358223	0.396913	0.209271	1.43648	2.49454
9294	-538.3315	-569.1381	30.80667	1.359738	0.0684164	0.351101	0.389021	0.191462	1.388946	2.73029
9300	-535.5884	-563.8769	28.28851	8.87655	0.163999	0.0827123	0.697429	0.0558604	2.901781	0.8854195
9306	-536.1765	-562.4086	26.23208	18.2764	0.180153	0.298257	0.368574	0.153016	1.829983	1.768668
9312	-539.083	-561.2461	22.16314	18.05878	0.112365	0.47597	0.231814	0.179851	1.626242	4.376603
9318	-534.9196	-560.746	25.8264	18.19271	0.0982674	0.761162	0.0489241	0.0916461	1.609534	2.197369
9324	-539.5275	-566.4641	26.9366	14.07566	0.314179	0.38231	0.0092819	0.294229	2.190756	1.569385
9330	-541.3505	-567.5109	26.16033	13.75913	0.209415	0.455441	0.0102493	0.324894	1.576618	2.538003
9336	-539.3582	-568.8491	29.49084	5.688511	0.361596	0.0936773	0.0460562	0.49867	1.795258	1.703195
9342	-535.9251	-560.2361	24.31098	20.76316	0.087164	0.374967	0.476873	0.0609966	1.891274	2.711126
9348	-527.0436	-557.6169	30.57336	2.064642	0.144787	0.456489	0.393001	0.0057231	1.809057	2.254146
9354	-530.1684	-560.0134	29.84497	2.990749	0.281399	0.386632	0.327121	0.00484729	1.902155	2.267198
9360	-530.9613	-558.8312	27.86988	4.676697	0.19866	0.106088	0.693922	0.00133005	1.581608	3.140816
9366	-535.3169	-566.0468	30.72991	4.57153	0.180699	0.108466	0.709475	0.00135986	1.540663	1.322958
9372	-538.4224	-568.8019	30.37954	4.722051	0.130999	0.494159	0.0264746	0.348368	1.825563	1.320563
9378	-535.7941	-564.7033	28.90916	4.722051	0.277621	0.192145	0.0267853	0.503448	1.96435	2.253594
9384	-534.4296	-564.2956	29.86605	4.722051	0.296989	0.343456	0.0600915	0.299464	2.19664	1.432419
9390	-542.7202	-574.7766	32.05637	1.759541	0.173273	0.575648	0.102118	0.148961	2.450341	0.7763547
9396	-542.7969	-570.3329	27.536	9.822775	0.198839	0.563818	0.117185	0.120159	3.124753	1.146978
9402	-537.3231	-565.9364	28.61325	5.630884	0.207804	0.23558	0.350259	0.206357	2.012149	2.164983
9408	-536.0398	-565.6135	29.57374	7.42122	0.290916	0.292858	0.0250868	0.391139	1.703974	1.232409
9414	-535.4299	-564.7186	29.28878	7.040496	0.0616323	0.463919	0.0151394	0.459309	2.294129	1.076036
9420	-534.4112	-564.1243	29.71314	4.480995	0.0494976	0.524854	0.0171279	0.40852	2.028448	1.747569
9426	-531.5244	-561.1998	29.67543	4.480995	0.102905	0.568596	0.0132187	0.315281	2.64872	1.313538
9432	-534.0403	-564.9193	30.87897	2.90009	0.392752	0.492759	0.0504511	0.0640383	2.474081	1.154025
9438	-533.6287	-562.6415	29.01276	7.642513	0.137325	0.560732	0.039931	0.262012	2.610786	0.8189699
9444	-531.7164	-560.864	29.14762	7.642513	0.15537	0.634411	0.0976171	0.112602	2.610786	0.5726543
9450	-534.3567	-564.2389	29.8822	4.839413	0.165123	0.532435	0.132237	0.170204	2.63169	1.001896
9456	-532.6599	-562.2438	29.58394	4.839413	0.130306	0.724941	0.0104384	0.134315	2.522734	1.357312
9462	-535.0449	-565.2336	30.18877	3.105939	0.373179	0.37456	0.0478444	0.204416	2.446695	1.621176
9468	-535.4885	-563.2424	27.75393	8.341778	0.290682	0.468464	0.186784	0.0540702	1.579677	2.389713
9474	-535.6504	-564.835	29.18458	8.341778	0.483739	0.158698	0.0539981	0.303564	1.715814	1.303109
9480	-536.7851	-564.5409	27.75581	8.051341	0.434613	0.472708	0.0567707	0.0359078	1.709519	2.362941
9486	-534.5581	-562.7022	28.14417	8.051341	0.496409	0.189912	0.0402264	0.273452	3.121298	1.063879
9492	-534.0714	-562.2166	28.14523	8.051341	0.350704	0.0977373	0.327133	0.224426	2.807945	1.332653
9498	-532.3371	-561.1816	28.84448	8.051341	0.397653	0.0792806	0.263652	0.259414	2.496328	0.9904524
9504	-526.5879	-556.4877	29.89978	5.620418	0.307302	0.367169	0.125057	0.200472	2.141646	1.137096
9510	-528.5213	-558.6946	30.17326	5.620418	0.03476	0.485166	0.160966	0.319108	2.130151	0.8752294
9516	-527.0521	-559.2462	32.19407	1.334599	0.0316885	0.62133	0.247301	0.0996807	1.486545	1.787282
9522	-529.5282	-559.8011	30.27286	1.141208	0.170803	0.545906	0.180275	0.103016	1.527614	3.091537
9528	-531.7998	-559.0014	27.20166	9.2569	0.500611	0.248464	0.155108	0.0958174	1.16711	2.821108
9534	-537.8385	-566.2804	28.4419	9.2569	0.309859	0.496129	0.0872703	0.106742	1.808697	1.595095
9540	-543.0546	-575.2802	32.22562	1.327208	0.0325351	0.416098	0.120386	0.430981	2.291382	1.153483
9546	-541.3807	-573.0374	31.65672	1.245094	0.00388129	0.393256	0.551449	0.051414	2.935773	1.153483
9552	-546.29	-572.0436	25.75363	9.628821	0.00416499	0.27343	0.525914	0.196491	2.179927	3.021248
9558	-541.1594	-570.9964	29.83702	2.885845	0.0043372	0.293132	0.632475	0.0700564	1.771192	2.396099
9564	-536.4474	-562.0708	25.62344	6.248946	0.15246	0.144861	0.642153	0.060526	0.3717062	4.754171
9570	-537.8828	-565.9972	28.11436	3.123143	0.0234871	0.692879	0.0403887	0.243246	0.3873279	4.153424
9576	-536.5433	-563.8097	27.2664	4.462644	0.437978	0.355434	0.131721	0.0748662	0.537745	4.153424
9582	-541.132	-569.9522	28.82019	7.692295	0.187624	0.0706025	0.671511	0.0702619	2.868175	0.7001397
9588	-538.6576	-569.6176	30.95995	3.027681	0.140943	0.290699	0.504438	0.0639195	1.554583	1.740182
9594	-537.7002	-568.7734	31.07318	3.361311	0.562794	0.106026	0.316192	0.0149873	1.096484	1.845912
9600	-537.494	-568.9627	31.46871	3.40592	0.526372	0.26653	0.173161	0.0339376	1.219291	1.455522
9606	-538.5041	-567.368	28.86389	1.99463	0.0832754	0.416863	0.446781	0.0530797	0.2067613	4.253624
9612	-536.3891	-565.7938	29.40468	1.564565	0.158448	0.709973	0.0305841	0.100995	0.3845483	4.040065
9618	-541.4809	-569.9769	28.496	2.89106	0.0173136	0.767547	0.104037	0.111102	0.343497	4.040065
9624	-534.2455	-564.7076	30.46211	3.568908	0.417745	0.0809332	0.490068	0.0112538	1.884796	1.641752
9630	-540.3101	-568.6536	28.34349	5.97815	0.469536	0.201901	0.318016	0.0105472	1.35901	2.661661
9636	-533.876	-565.9209	32.04486	0.9600683	0.048805	0.35676	0.550264	0.0441711	1.110356	2.370705
9642	-526.5399	-554.5918	28.05195	8.366799	0.454173	0.110234	0.427917	0.00767572	1.386298	2.318456
9648	-528.7393	-555.4686	26.72932	9.595176	0.453982	0.105457	0.433218	0.00734305	1.516299	2.838669
9654	-529.2063	-557.9156	28.70936	3.367244	0.492193	0.135651	0.289314	0.0828424	1.255161	3.225955
9660	-526.4184	-557.4982	31.07979	3.367244	0.109797	0.525559	0.271033	0.0936109	1.405384	1.621768
9666	-529.9135	-558.6803	28.76673	7.985677	0.246998	0.0168717	0.690373	0.0457576	1.074697	2.134271
9672	-537.5951	-565.3872	27.79214	3.904197	0.450357	0.0852995	0.388439	0.0759047	0.8115676	3.852023
9678	-541.0377	-566.8098	25.77207	9.391107	0.654456	0.0970917	0.145886	0.102566	0.8086529	3.852023
9684	-535.1128	-560.2586	25.14588	9.391107	0.742398	0.113515	0.0241718	0.119915	1.031282	4.082911
9690	-535.2699	-560.0933	24.82339	10.78328	0.306534	0.533718	0.0267991	0.132949	0.9842879	4.082911
9696	-541.0684	-569.1132	28.04476	4.537915	0.336249	0.350328	0.0262735	0.28715	1.245626	3.273841
9702	-539.6285	-570.113	30.48452	3.854714	0.34694	0.271066	0.124149	0.257845	1.727887	1.630445
9708	-540.0236	-569.7163	29.69271	3.854714	0.339692	0.321033	0.0965595	0.242715	2.663244	1.525361
9714	-544.3164	-573.6502	29.33374	4.881977	0.442836	0.0947593	0.183667	0.278738	2.48524	1.561992
9720	-543.1255	-572.3878	29.26222	4.881977	0.616586	0.129828	0.0783571	0.175229	3.489621	0.6790422
9726	-544.2647	-572.0284	27.76366	7.612352	0.359835	0.247684	0.149489	0.242991	3.158611	1.465417
9732	-546.489	-574.9913	28.50231	5.060662	0.033605	0.832392	0.0505718	0.083431	2.615214	1.996605
9738	-540.6875	-573.202	32.51445	1.060975	0.0309931	0.767696	0.0466412	0.15467	2.603855	0.7883703
9744	-530.1364	-561.1499	31.01346	1.060975	0.0180264	0.684734	0.294283	0.00295642	2.456901	2.102894
9750	-533.9695	-565.2947	31.32521	0.7039826	0.0250769	0.634297	0.334185	0.00644068	2.733335	1.95601
9756	-534.2645	-565.5191	31.2546	0.7039826	0.0875301	0.55943	0.346364	0.0066754	3.555267	1.420343
9762	-538.6079	-566.944	28.33611	4.530432	0.17246	0.577875	0.242769	0.0068955	2.811489	2.132668
9768	-538.5104	-568.6438	30.13333	4.530432	0.44326	0.191389	0.357337	0.00801404	2.475549	1.045669
9774	-537.1026	-568.2966	31.19408	3.282145	0.0243571	0.375493	0.5734	0.02675	2.388095	0.4116091
9780	-531.0458	-562.8574	31.81156	1.422916	0.0243571	0.375493	0.5734	0.02675	2.611377	1.160872
9786	-543.1267	-574.9546	31.82793	1.766286	0.0787497	0.61486	0.219904	0.0864862	2.736166	0.6750589
9792	-534.6483	-564.7149	30.06661	4.324505	0.222847	0.392189	0.350724	0.0342409	2.098265	1.494601
9798	-537.2137	-565.4646	28.2509	5.990296	0.254846	0.392939	0.311982	0.0402332	2.319687	2.108895
9804	-540.5389	-570.4187	29.8798	3.586363	0.211079	0.381508	0.217522	0.189891	2.637782	1.509838
9810	-537.4611	-568.1799	30.71886	4.939253	0.0206665	0.479023	0.323299	0.177011	1.940305	0.7859009
9816	-534.2542	-566.6239	32.36979	2.052486	0.062933	0.660668	0.127021	0.149379	2.021352	0.5372575
9822	-539.2066	-570.2006	30.99403	3.432914	0.155932	0.500803	0.166751	0.176514	2.402592	0.2940322
9828	-535.8822	-565.2632	29.38105	7.429677	0.220599	0.575001	0.00280566	0.201595	2.356936	0.308707
9834	-537.088	-567.3629	30.27488	4.896771	0.331771	0.534347	0.00260245	0.131279	2.445789	0.3288723
9840	-528.0084	-559.8717	31.86329	1.843021	0.0843051	0.815841	0.00222287	0.0976306	2.445789	0.2267611
9846	-529.5422	-560.7333	31.19117	2.863765	0.274431	0.641954	0.00679364	0.0768217	2.528512	0.2882403
9852	-527.9609	-558.25	30.28909	4.781835	0.32713	0.448452	0.132843	0.091574	2.471735	0.3190121
9858	-526.6389	-556.6897	30.05077	6.238278	0.0677871	0.646365	0.153861	0.131988	2.168673	0.3777949
9864	-529.0522	-561.4799	32.42766	0.528399	0.1658	0.680888	0.139823	0.0134886	1.355493	2.257426
9870	-526.7746	-556.1805	29.40593	2.659495	0.31579	0.401324	0.266641	0.0162447	1.016342	3.205584
9876	-525.3306	-555.4253	30.09475	2.053427	0.0971489	0.826763	0.042622	0.0334656	0.7452126	3.205584
9882	-545.5778	-572.0164	26.4386	5.984706	0.0390091	0.139237	0.299957	0.521797	0.5816045	4.233605
9888	-542.3266	-568.5055	26.17886	6.700279	0.111155	0.39675	0.401621	0.090474	1.123968	3.922088
9894	-538.6681	-566.7753	28.10715	3.290894	0.0790622	0.0730893	0.604099	0.243749	0.703413	3.922088
9900	-538.7037	-566.6629	27.95923	3.290894	0.247756	0.438779	0.234414	0.079051	0.8513327	3.922088
9906	-534.1957	-562.3015	28.10578	3.331456	0.217602	0.618932	0.154151	0.00931471	0.6819063	3.922088
9912	-538.7525	-567.5312	28.77868	2.805907	0.0285191	0.657149	0.174552	0.13978	0.9028466	3.585682
9918	-532.3456	-561.6513	29.3057	1.778666	0.0832746	0.249969	0.618833	0.047923	1.097178	3.585682
9924	-531.3913	-562.3505	30.95922	1.044872	0.178975	0.537236	0.180793	0.102997	1.118302	2.981865
9930	-535.6077	-565.5922	29.98446	2.495552	0.35029	0.123011	0.325114	0.201585	0.9201632	2.981865
9936	-537.5363	-568.1614	30.62506	5.508219	0.540073	0.232716	0.181457	0.0457536	1.590919	1.016273
9942	-533.5807	-562.7083	29.1276	9.467727	0.219518	0.0942552	0.514774	0.171453	1.770832	1.016273
9948	-530.6304	-562.7247	32.09427	2.472263	0.140581	0.671183	0.167545	0.0206904	1.534973	1.151658
9954	-535.0523	-564.4838	29.43152	1.581241	0.0452569	0.47264	0.429111	0.0529917	1.361026	3.452837
9960	-531.8093	-559.0668	27.2575	5.393795	0.00562253	0.861298	0.0341412	0.098938	0.8559147	3.742794
9966	-535.8276	-561.5496	25.72205	21.67232	0.10047	0.631461	0.233796	0.034274	1.110491	2.229291
9972	-535.4491	-566.6568	31.20771	3.26631	0.406753	0.508143	0.0570761	0.0280282	1.22921	1.697009
9978	-531.2754	-561.3982	30.12281	4.626338	0.37383	0.425724	0.184554	0.0158921	1.353125	1.88467
9984	-535.7197	-566.4097	30.68994	1.267812	0.154576	0.786054	0.044148	0.0152217	1.632924	2.703673
9990	-540.8772	-565.2722	24.39499	37.69687	0.262313	0.518389	0.104545	0.114753	1.525564	1.55657
9996	-529.4738	-560.9821	31.50835	3.216147	0.0813626	0.332237	0.514206	0.0721941	2.073185	0.6865769
10002	-537.7401	-562.6268	24.88677	36.36801	0.219269	0.435259	0.250891	0.0945806	2.080734	0.6943768
10008	-539.0045	-562.7135	23.709	36.36801	0.335453	0.308596	0.164687	0.191264	2.080734	1.743617
10014	-531.0637	-561.7648	30.70118	2.928065	0.240069	0.286344	0.273046	0.200541	1.969715	1.671958
10020	-532.5725	-563.9054	31.33292	2.760049	0.100754	0.585973	0.17406	0.139213	2.279967	0.9917132
10026	-534.085	-565.7267	31.64169	2.180712	0.0127235	0.4997	0.341743	0.145834	2.279967	1.069462
10032	-539.5396	-571.5388	31.99918	1.790304	0.0204698	0.668071	0.0768398	0.234619	2.587179	0.4375057
10038	-537.1995	-565.6147	28.41524	7.119026	0.0600586	0.709793	0.0758353	0.154313	3.385322	0.8146765
10044	-539.3832	-564.3766	24.99342	5.570712	0.149475	0.00632597	0.677042	0.167158	0.9464695	4.931422
10050	-536.9816	-567.221	30.23944	4.702252	0.20618	0.0891653	0.42767	0.276984	2.274518	1.061325
10056	-532.455	-562.9559	30.50084	1.357917	0.161904	0.385625	0.332383	0.120087	1.203634	3.028515
10062	-533.4899	-565.3451	31.85518	1.357917	0.0413205	0.410724	0.482677	0.0652793	2.66666	1.124429
10068	-529.7916	-559.5433	29.75176	0.8001434	0.0688503	0.648601	0.24325	0.039298	1.657219	3.524502
10074	-529.5816	-559.045	29.46337	0.9348672	0.0827648	0.577584	0.292411	0.0472401	2.198067	3.294982
10080	-531.3883	-562.8985	31.5102	1.295735	0.09183	0.761997	0.105278	0.0408945	2.182111	1.803715
10086	-525.6794	-557.5595	31.88007	1.657899	0.0507791	0.80817	0.115183	0.0258678	1.497501	1.803715
10092	-531.4724	-562.7043	31.23189	0.9439872	0.183795	0.574728	0.0354498	0.206028	1.266146	2.788619
10098	-532.8605	-563.0069	30.14638	2.518268	0.126382	0.666293	0.188293	0.0190306	1.765262	2.352211
10104	-536.3351	-567.1528	30.81764	2.518268	0.324951	0.560155	0.0988943	0.0159991	2.458603	1.416232
10110	-535.1812	-563.5004	28.3192	9.898704	0.421949	0.343748	0.208253	0.02605	1.985429	1.422414
10116	-538.9591	-570.9317	31.97261	0.3579649	0.250882	0.447853	0.274203	0.0270615	3.338075	1.291817
10122	-544.4842	-572.8097	28.32545	5.661456	0.0224424	0.0976512	0.840907	0.0389991	3.632102	1.196152
10128	-536.8665	-568.2316	31.36514	2.131278	0.242859	0.634297	0.08568	0.0371638	2.880587	0.7435108
10134	-533.5902	-564.9147	31.32456	2.131278	0.287173	0.320853	0.348029	0.043945	2.976789	0.6433583
10140	-538.1444	-565.9309	27.78647	10.31399	0.579417	0.236207	0.154835	0.0295402	3.072605	0.8065159
10146	-538.1006	-568.6725	30.57189	2.86802	0.0598523	0.656484	0.231293	0.052371	1.707526	1.967403
10152	-532.0898	-564.5604	32.47058	1.062355	0.0730324	0.592061	0.265408	0.0694986	2.519036	0.9399834
10158	-536.1777	-567.9802	31.80246	0.4977191	0.205264	0.553961	0.194035	0.0467406	2.286084	2.078997
10164	-531.3358	-562.1497	30.81392	2.65896	0.157189	0.474028	0.332989	0.0357935	2.250985	1.507086
10170	-536.6953	-565.9354	29.24004	4.40211	0.324887	0.200116	0.4349	0.0400967	3.213216	1.237741
10176	-546.0158	-575.0225	29.00668	6.389215	0.330397	0.533039	0.0705604	0.0660035	2.623739	1.237741
10182	-530.7604	-561.2884	30.52801	3.888931	0.257134	0.52697	0.136156	0.0797394	2.74429	0.5277646
10188	-535.8022	-565.3728	29.57061	6.075481	0.434881	0.270367	0.05147	0.243282	2.74429	0.5293133
10194	-535.5852	-565.3644	29.77923	6.075481	0.377965	0.171176	0.0750593	0.375799	1.94978	1.253197
10200	-531.6251	-560.8833	29.2582	6.075481	0.112983	0.447032	0.0387087	0.401276	2.138806	1.513596
10206	-532.7147	-562.0539	29.33919	6.99728	0.475271	0.130525	0.173061	0.221143	2.438873	0.8922267
10212	-531.9271	-560.2842	28.35712	5.068967	0.308762	0.141908	0.308901	0.240429	1.126216	3.018588
10218	-532.5677	-556.9394	24.37168	13.91803	0.375414	0.0213055	0.553103	0.0501773	1.240626	3.783257
10224	-531.5842	-558.8569	27.27265	9.505899	0.605542	0.0204796	0.0243163	0.349662	1.630097	2.448489
10230	-534.0999	-560.8945	26.79464	14.56192	0.12693	0.672854	0.0842751	0.115941	1.676239	1.958689
10236	-530.5714	-560.7621	30.19076	3.824577	0.303507	0.365304	0.0864788	0.24471	1.564079	1.958689
10242	-525.0945	-555.8159	30.72145	2.190394	0.16626	0.274272	0.425416	0.134051	1.442225	2.335527
10248	-533.2225	-563.6654	30.44294	2.492996	0.0298235	0.441488	0.425087	0.103601	1.511749	2.335527
10254	-526.9242	-554.2348	27.31066	2.324341	0.175518	0.659407	0.105641	0.0594347	0.7619353	4.681593
10260	-531.8208	-559.241	27.42018	3.505122	0.139361	0.55443	0.19596	0.110249	1.047078	4.050364
10266	-538.5538	-566.558	28.0042	5.348639	0.259084	0.234732	0.265768	0.240417	1.065873	3.194602
10272	-537.8051	-568.1893	30.38416	2.259839	0.0817176	0.822499	0.000685443	0.0950983	2.015192	2.152152
10278	-539.8648	-571.1022	31.23738	1.86539	0.154387	0.356387	0.309558	0.179667	1.885105	1.86485
10284	-532.4485	-562.3411	29.89258	6.156335	0.0536259	0.654618	0.229349	0.0624068	1.643391	1.384113
10290	-532.8174	-561.8128	28.99542	9.832802	0.145596	0.605716	0.137233	0.111455	1.786195	1.032722
10296	-532.2476	-564.3493	32.10171	2.111057	0.330627	0.394985	0.201708	0.0726795	1.975981	0.9655544
10302	-527.5896	-559.3115	31.72194	2.438165	0.340505	0.37691	0.207734	0.0748509	2.043387	1.047846
10308	-524.6819	-555.5103	30.82839	4.150891	0.613925	0.0940954	0.150163	0.141817	2.190226	0.792339
10314	-528.4537	-555.9834	27.5297	8.114381	0.185476	0.43909	0.0977701	0.277664	2.576123	1.932289
10320	-530.058	-558.9852	28.92711	5.5502	0.199856	0.395602	0.10535	0.299192	2.082397	1.932289
10326	-530.4457	-560.2245	29.7788	5.652851	0.306088	0.450032	0.158386	0.0854945	1.68774	1.583704
10332	-536.2143	-566.9453	30.73094	1.158517	0.04723	0.915413	0.00414447	0.0332124	2.482664	2.20851
10338	-538.4378	-567.7813	29.34357	3.721561	0.274411	0.296417	0.219102	0.21007	2.499026	1.935689
10344	-540.5248	-567.2716	26.74677	3.181239	0.322359	0.258364	0.216921	0.202356	1.885708	4.059739
10350	-538.3115	-567.5379	29.22633	3.768634	0.353835	0.312464	0.23556	0.0981407	2.807617	1.788047
10356	-533.0137	-561.636	28.62226	3.768634	0.483895	0.329089	0.106886	0.0801292	1.31348	3.114645
10362	-528.1351	-556.9651	28.82999	3.382592	0.10537	0.794372	0.0172351	0.0830228	1.31348	3.114645
10368	-524.7897	-554.4154	29.62566	2.66887	0.0100596	0.877525	0.0207016	0.0917134	1.715842	2.64728
10374	-527.6013	-556.4526	28.85134	6.49757	0.0321897	0.735412	0.153156	0.0792427	1.681975	2.008615
10380	-530.1848	-561.7313	31.54645	0.5126538	0.0662628	0.363471	0.544348	0.0259173	1.874068	2.497182
10386	-529.8673	-562.9524	33.08503	0.7450785	0.0414593	0.69736	0.194167	0.0670141	2.095749	1.072875
10392	-530.6237	-561.9342	31.31052	2.887897	0.0353819	0.701781	0.195398	0.067439	2.51515	0.5591308
10398	-529.3628	-561.6678	32.30496	1.804462	0.0616086	0.420816	0.340236	0.17734	2.143634	0.8067162
10404	-538.6532	-565.7383	27.08513	3.782518	0.0353465	0.448495	0.470155	0.0460041	1.308764	4.00806
10410	-531.2909	-561.63	30.33913	4.566099	0.0600551	0.758528	0.054665	0.126752	2.087486	1.195557
10416	-529.7953	-558.9877	29.1924	7.265103	0.173086	0.413771	0.290982	0.122162	2.040084	1.312481
10422	-542.2576	-573.8704	31.61282	2.747977	0.0715111	0.17095	0.601584	0.155955	1.646378	1.312481
10428	-533.0855	-562.3446	29.2591	2.595682	0.208908	0.330468	0.26457	0.196054	1.631962	2.950351
10434	-534.7457	-563.4746	28.72886	4.285	0.236101	0.373485	0.227062	0.163352	1.654161	2.688541
10440	-540.1033	-570.6017	30.49844	3.098302	0.349754	0.0848465	0.336364	0.229035	1.667351	1.950798
10446	-533.8686	-564.3788	30.51017	3.098302	0.308902	0.120828	0.218971	0.351299	1.546793	2.023511
10452	-533.8933	-563.3908	29.49757	4.739946	0.145346	0.406597	0.127142	0.320915	1.104894	2.420899
10458	-536.7256	-562.3081	25.58249	8.185022	0.27763	0.345259	0.188821	0.188291	1.138143	3.974571
10464	-531.3457	-560.121	28.77537	2.366868	0.108925	0.726464	0.0574656	0.107146	1.246649	3.554502
10470	-528.278	-556.9546	28.67663	2.366868	0.0900269	0.396532	0.497587	0.0158534	1.345386	3.554502
10476	-539.4428	-567.8062	28.36345	2.957898	0.438588	0.129846	0.0858456	0.345721	1.278502	3.554502
10482	-531.3043	-559.4998	28.19555	9.081418	0.349326	0.269145	0.0708063	0.310724	1.954034	1.703375
10488	-539.1494	-569.2598	30.11047	3.07576	0.364668	0.395215	0.197541	0.042576	3.488308	0.7871571
10494	-532.8612	-563.7758	30.91457	3.137993	0.230029	0.099859	0.653421	0.0166909	1.616528	1.682581
10500	-524.7797	-555.7147	30.93497	3.34061	0.136107	0.413906	0.402554	0.0474328	2.166499	1.148577
10506	-535.1738	-565.1512	29.97741	4.073902	0.204634	0.29446	0.406142	0.0947638	1.724195	1.909631
10512	-538.3203	-568.7774	30.45711	2.371216	0.321129	0.0920072	0.538734	0.0481298	2.746834	1.545669
10518	-540.0476	-571.4516	31.404	1.590119	0.342703	0.194936	0.440358	0.0220033	2.391671	1.545669
10524	-544.1215	-575.559	31.43751	0.8384186	0.325777	0.648426	0.00630905	0.0194883	3.04351	1.56143
10530	-540.0313	-572.6926	32.66133	0.6330043	0.251731	0.501045	0.0814702	0.165753	2.929449	0.7444931
10536	-535.7081	-567.6772	31.96912	0.6330043	0.108525	0.547495	0.264201	0.0797786	3.616642	0.7520496
10542	-535.2909	-567.7029	32.41195	0.6330043	0.106732	0.53845	0.259836	0.0949813	3.262417	0.5628764
10548	-540.8122	-573.7244	32.91217	0.3473248	0.222314	0.433509	0.267707	0.07647	2.331207	1.351896
10554	-538.0218	-570.7115	32.68973	1.095264	0.0131258	0.589951	0.292857	0.104066	1.807278	1.351896
10560	-533.8105	-567.2842	33.47379	0.5036831	0.0155949	0.556099	0.347946	0.0803594	1.360647	1.559234
10566	-532.9548	-564.6225	31.66763	3.20379	0.100455	0.445823	0.393139	0.0605828	1.885146	0.7460479
10572	-531.6808	-563.2058	31.52499	1.103772	0.082241	0.546304	0.321857	0.0495982	1.195708	2.553996
10578	-536.2161	-567.0913	30.87522	3.736979	0.408489	0.40138	0.129655	0.060476	1.383593	1.640947
10584	-536.2516	-567.9591	31.70753	1.887803	0.0559799	0.844528	0.0414399	0.0580518	1.717458	1.640947
10590	-539.0225	-566.9508	27.92833	12.33984	0.0305846	0.461408	0.476291	0.0317166	1.594013	1.556536
10596	-533.3922	-566.3298	32.93758	1.321136	0.0508524	0.783724	0.134429	0.0309942	2.008385	0.6705103
10602	-539.215	-569.7124	30.49746	4.908856	0.03205	0.36801	0.5409	0.0590405	1.855059	1.12541
10608	-537.5057	-569.2153	31.70966	1.721	0.204341	0.24191	0.499254	0.0544948	1.981415	1.543192
10614	-535.0418	-564.1774	29.13553	2.857452	0.0288809	0.811389	0.115011	0.0447188	1.637044	2.921818
10620	-537.1889	-567.1184	29.92944	3.086131	0.376697	0.0565048	0.358311	0.208487	3.353733	1.116804
10626	-539.7009	-568.94	29.2391	1.771318	0.118726	0.235853	0.541789	0.103633	2.569465	2.753778
10632	-535.7248	-565.9062	30.18134	2.888091	0.152062	0.538595	0.0254581	0.283885	3.053909	1.260867
10638	-529.7436	-560.8569	31.11328	2.888091	0.130811	0.267881	0.357097	0.244212	2.357688	1.052873
10644	-528.7069	-562.0183	33.31136	0.8823243	0.0481269	0.491955	0.358641	0.101276	1.920202	0.8723261
10650	-525.2661	-556.7646	31.49854	2.793164	0.0132275	0.76348	0.133681	0.089611	1.95112	1.126812
10656	-532.1012	-563.8392	31.73802	2.126982	0.00820981	0.58775	0.359926	0.0441139	1.548932	1.611104
10662	-529.6607	-561.8095	32.14877	2.230896	0.00914397	0.652382	0.143326	0.195148	1.758123	1.04956
10668	-528.8586	-560.4168	31.55813	0.865482	0.00624965	0.831325	0.0979592	0.0644664	1.459933	2.517753
10674	-532.3836	-560.3957	28.01206	11.78122	0.0143698	0.353366	0.543668	0.0885956	1.542458	1.627772
10680	-534.0907	-562.5656	28.47497	2.180568	0.0239006	0.587738	0.241005	0.147357	1.224032	3.816997
10686	-535.1667	-564.5605	29.39381	6.622075	0.0096587	0.478266	0.322704	0.189371	1.681271	1.602307
10692	-527.1831	-558.0134	30.83033	4.13642	0.076067	0.616221	0.0800692	0.227643	2.191812	0.7971372
10698	-532.6592	-562.385	29.72579	6.064014	0.130543	0.357569	0.268553	0.243334	1.916855	1.32727
10704	-532.2881	-562.8976	30.60945	2.857038	0.229985	0.328236	0.0866136	0.355166	1.748195	1.919287
10710	-530.4801	-561.7234	31.24339	3.303774	0.144563	0.129664	0.575145	0.150628	2.330752	0.5868711
10716	-530.6553	-561.4934	30.83806	3.303774	0.0318428	0.464176	0.446626	0.0573549	2.691164	0.3479364
10722	-541.036	-569.1884	28.15234	9.704193	0.270543	0.086753	0.452705	0.189999	2.28525	1.359737
10728	-540.0994	-568.7913	28.69191	9.123385	0.266248	0.129785	0.303992	0.299975	2.293167	1.02631
10734	-540.191	-570.7344	30.54335	4.366277	0.0887006	0.124841	0.380923	0.405536	2.442739	0.6811682
10740	-531.6058	-561.0704	29.46465	5.612649	0.205907	0.289803	0.36888	0.135409	3.019953	0.4250475
10746	-537.8026	-566.0625	28.25992	8.890801	0.58319	0.280797	0.050013	0.0859992	2.73169	1.08375
10752	-533.0268	-564.4669	31.44015	2.088016	0.146086	0.382369	0.374761	0.0967847	2.73169	0.2487116
10758	-527.1082	-559.2825	32.17434	1.759617	0.231454	0.558209	0.186307	0.0240306	2.414198	0.3859061
10764	-531.2229	-564.6664	33.44349	0.4506994	0.182952	0.384329	0.338592	0.094127	2.414198	0.4348041
10770	-540.8276	-567.8806	27.05296	9.919582	0.217269	0.3295	0.0657952	0.387435	1.67055	2.49017
10776	-541.8103	-571.6772	29.86682	6.334094	0.236043	0.321597	0.0642171	0.378143	1.834602	1.194675
10782	-540.6305	-569.1998	28.56931	2.432981	0.114471	0.369387	0.439035	0.0771076	2.710746	2.780114
10788	-535.2474	-568.1774	32.93	0.5159382	0.1616	0.343007	0.475215	0.0201776	1.976916	1.496213
10794	-535.8174	-561.5939	25.77648	6.183927	0.40102	0.17388	0.35243	0.07267	1.48794	4.051749
10800	-539.922	-569.4807	29.55866	3.587007	0.458458	0.185819	0.223279	0.132444	2.591259	1.774156
10806	-533.3351	-563.6172	30.2821	4.364559	0.301873	0.13706	0.505	0.0560669	1.692633	1.620637
10812	-545.7137	-571.217	25.50336	12.79422	0.240459	0.114056	0.200623	0.444861	2.910592	2.241938
10818	-534.7694	-564.4859	29.71653	1.850741	0.0507738	0.720622	0.0710524	0.157552	2.061847	2.733887
10824	-531.7597	-561.2774	29.51774	4.940608	0.0855758	0.644158	0.0635131	0.206753	2.861156	1.088689
10830	-538.3187	-564.819	26.50022	19.51361	0.0745723	0.814519	0.0147873	0.096121	2.291803	1.031705
10836	-531.2651	-562.6964	31.43132	2.601823	0.115543	0.716327	0.0315798	0.13655	2.094679	1.167238
10842	-531.6588	-560.4653	28.80644	8.663329	0.0665818	0.755981	0.033328	0.144109	1.986771	1.311777
10848	-531.5063	-559.9319	28.42562	8.663329	0.18669	0.31579	0.0934491	0.404071	2.236382	1.415394
10854	-545.0216	-577.5106	32.48895	0.6258099	0.145466	0.315846	0.356699	0.18199	2.757197	1.128642
10860	-539.7085	-569.1257	29.41713	4.030377	0.451877	0.135977	0.277366	0.13478	1.761923	2.267637
10866	-540.0902	-569.1827	29.09256	4.030377	0.323833	0.0974471	0.363936	0.214784	1.73684	2.489044
10872	-538.1471	-569.2583	31.1112	2.824131	0.114083	0.492129	0.3867	0.00708813	1.911328	1.460394
10878	-531.9048	-561.0301	29.12531	8.557135	0.201331	0.109806	0.488601	0.200261	2.080456	0.9707545
10884	-534.9407	-565.389	30.4483	2.845271	0.290185	0.161345	0.254216	0.294255	2.803954	1.268584
10890	-535.0358	-563.1841	28.14827	9.36503	0.37381	0.213219	0.1975	0.215471	3.075613	0.6239585
10896	-538.1101	-565.1765	27.06645	9.722177	0.442245	0.00792544	0.490334	0.0594951	3.470014	1.276109
10902	-536.7101	-565.2505	28.54034	6.08153	0.318999	0.00161891	0.628171	0.0512106	2.531319	1.746752
10908	-538.893	-566.3575	27.46456	6.08153	0.291824	0.0378447	0.316122	0.354209	3.381979	1.901846
10914	-540.5136	-570.0662	29.5526	5.327205	0.165373	0.229471	0.402945	0.202212	2.943448	0.7830417
10920	-535.4512	-565.763	30.31181	5.327205	0.246031	0.114824	0.599475	0.0396689	2.285927	0.5942884
10926	-532.2743	-560.6966	28.42223	6.878044	0.38496	0.248094	0.281236	0.08571	2.031693	1.971316
10932	-530.651	-559.7566	29.10565	4.672664	0.137226	0.497022	0.212394	0.153358	3.275475	1.192837
10938	-524.346	-555.757	31.41095	2.764278	0.149768	0.542445	0.231804	0.0759825	2.369853	0.7973696
10944	-524.4568	-556.2587	31.80187	2.030357	0.228787	0.0850392	0.547303	0.138871	2.562742	0.6666061
10950	-530.1764	-562.4689	32.29249	1.018729	0.0748595	0.205949	0.606668	0.112523	2.572222	1.104764
10956	-524.9979	-556.1635	31.16564	2.688251	0.0271512	0.514291	0.422638	0.03592	2.718073	0.332195
10962	-535.5796	-565.4881	29.90853	2.471566	0.0412475	0.0651238	0.83906	0.0545688	3.480314	0.1134957
10968	-528.8177	-560.8913	32.07358	0.8390354	0.00840583	0.808869	0.171673	0.0110519	2.925993	0.1587176
10974	-530.5083	-561.4414	30.93306	2.610966	0.14504	0.674802	0.170937	0.00922012	2.737403	0.1935128
10980	-532.7631	-563.3438	30.5807	3.065004	0.150429	0.19886	0.639818	0.0108924	2.909969	0.2306726
10986	-533.0416	-561.721	28.67945	7.578154	0.16872	0.706501	0.11579	0.00898894	2.874529	0.2306726
10992	-535.0045	-560.3142	25.30965	21.36211	0.640276	0.323997	0.0306407	0.00508608	2.971731	1.2313
10998	-536.9415	-563.2197	26.27813	13.01239	0.391475	0.595919	0.00949578	0.00310971	2.625966	1.886412
11004	-534.5036	-557.0574	22.55381	31.27333	0.614626	0.365583	0.0149086	0.00488232	1.802358	2.999457
11010	-523.5504	-554.5344	30.98403	1.456582	0.347152	0.322085	0.316431	0.014333	1.393226	2.565411
11016	-524.5214	-556.6424	32.12097	1.990995	0.387365	0.237016	0.356343	0.0192764	1.549376	1.399212
11022	-523.8056	-556.1851	32.37951	1.772033	0.182633	0.39483	0.373419	0.0491173	1.460558	1.399212
11028	-523.2933	-555.5389	32.24555	1.809811	0.133238	0.612564	0.126379	0.127819	1.824457	1.187
11034	-535.731	-563.6246	27.8936	0.8538702	0.20187	0.667385	0.0644232	0.0663212	1.557814	4.609461
11040	-534.6503	-560.3258	25.67549	6.02808	0.179552	0.170957	0.501047	0.148444	0.6614477	4.609461
11046	-530.5643	-553.8197	23.25537	12.17126	0.4581	0.125366	0.344323	0.0722114	1.285501	4.609461
11052	-526.8706	-559.7597	32.88916	0.7129831	0.136106	0.425435	0.342132	0.0963262	2.504061	0.8904302
11058	-526.9144	-558.0363	31.12195	3.866312	0.10652	0.481657	0.098885	0.312938	2.160315	0.5403278
11064	-529.7791	-561.2354	31.45631	0.8156256	0.114967	0.636234	0.237813	0.0109861	1.739467	2.438906
11070	-530.955	-558.0902	27.13523	18.4967	0.408246	0.211707	0.350247	0.0297999	1.852836	1.003843
11076	-538.8784	-566.1651	27.28671	18.4967	0.305112	0.66733	0.00971051	0.0178479	1.973172	0.6526831
11082	-532.7368	-559.7794	27.04261	2.220425	0.0650836	0.649939	0.121725	0.163252	1.165507	4.646537
11088	-526.611	-557.8335	31.22246	2.127055	0.337372	0.213313	0.399325	0.0499902	1.578269	1.949524
11094	-527.8191	-554.8027	26.98359	7.163895	0.216066	0.142776	0.601435	0.0397235	1.328819	3.241659
11100	-526.8192	-553.9092	27.09003	9.861701	0.439081	0.285022	0.139456	0.13644	1.473796	2.59923
11106	-526.8775	-558.2347	31.35723	0.4670951	0.0560144	0.479671	0.234695	0.229619	1.220684	3.03912
11112	-527.5404	-556.539	28.99867	4.156677	0.206376	0.509097	0.106398	0.178129	1.095262	2.90242
11118	-529.082	-557.8056	28.72361	5.988577	0.233563	0.576166	0.120415	0.0698559	1.068913	2.603627
11124	-532.6782	-562.6877	30.0095	4.814968	0.119735	0.302767	0.512004	0.0654937	2.120651	1.347286
11130	-530.7642	-561.8918	31.12768	3.366331	0.0657328	0.632115	0.0208174	0.281335	1.979302	1.130849
11136	-535.5328	-563.2934	27.76056	3.943232	0.123433	0.174209	0.548113	0.154245	1.998327	3.166554
11142	-525.6533	-556.6995	31.04626	3.752414	0.198195	0.382849	0.368221	0.0507347	1.69668	1.264594
11148	-530.8713	-557.7527	26.88135	17.29005	0.411869	0.372496	0.0744001	0.141236	1.979119	1.301813
11154	-524.6959	-556.1324	31.4365	2.205054	0.132593	0.646488	0.0946035	0.126316	1.905867	1.529196
11160	-535.5683	-564.622	29.0537	4.420372	0.343811	0.308388	0.187634	0.160167	2.527892	1.877638
11166	-533.405	-562.5209	29.11587	4.420372	0.166293	0.501516	0.179213	0.152978	1.923664	2.236011
11172	-535.1039	-564.2295	29.12558	8.32081	0.597799	0.241944	0.0864569	0.0738004	2.244218	0.8690323
11178	-531.4159	-560.6208	29.20488	8.32081	0.638921	0.0942011	0.11708	0.149798	1.992019	1.05013
11184	-540.6329	-571.9002	31.26729	2.717278	0.209739	0.364542	0.103771	0.321948	2.349229	1.015023
11190	-535.0452	-566.6932	31.648	2.398125	0.224542	0.127113	0.487017	0.161328	2.166849	1.026249
11196	-536.1751	-565.1902	29.01516	6.196389	0.167547	0.148334	0.484976	0.199142	2.308621	1.534143
11202	-537.3578	-567.8087	30.45092	3.381603	0.0831622	0.577	0.240719	0.0991191	2.337321	1.388638
11208	-536.5748	-567.1843	30.60953	3.381603	0.146486	0.397149	0.281772	0.174593	2.104954	1.445629
11214	-538.2974	-566.0904	27.79297	5.602147	0.390874	0.0814853	0.341014	0.186627	2.960386	2.088866
11220	-533.1993	-561.6858	28.48652	6.719618	0.255768	0.398971	0.223142	0.122119	3.268878	1.01796
11226	-537.7833	-567.768	29.98464	4.016581	0.0731231	0.29275	0.548214	0.0859132	2.899716	1.01796
11232	-537.721	-564.1833	26.46227	16.49188	0.318503	0.0712877	0.264661	0.345548	3.176895	0.4262767
11238	-542.4289	-567.226	24.79716	16.08974	0.456713	0.0657698	0.20711	0.270407	4.645699	0.2116473
11244	-537.6559	-566.0757	28.41977	3.554427	0.0854456	0.505645	0.0437634	0.365146	1.626026	3.116719
11250	-534.6314	-561.6671	27.03565	18.24246	0.115045	0.680808	0.0136882	0.190458	1.586028	1.360592
11256	-540.4496	-564.0271	23.57754	48.57597	0.12857	0.375355	0.283226	0.212849	1.543563	1.448503
11262	-535.4986	-560.8875	25.3889	13.62169	0.23528	0.167212	0.409217	0.18829	1.068206	3.327946
11268	-531.9909	-558.6003	26.60945	14.00957	0.0688227	0.43372	0.224059	0.273399	1.068206	2.54228
11274	-533.3863	-561.7415	28.35519	4.263737	0.07825	0.698546	0.100533	0.122671	1.432495	3.055247
11280	-534.8091	-563.8951	29.086	7.352223	0.543377	0.0382125	0.0706221	0.347789	1.370136	1.860595
11286	-536.2438	-567.9143	31.67049	1.457775	0.27526	0.157859	0.431419	0.135462	1.19112	2.259147
11292	-544.5751	-572.2709	27.69584	10.34928	0.258587	0.572829	0.0877755	0.0808087	2.834214	1.13903
11298	-544.8585	-573.796	28.93759	6.1628	0.312133	0.332	0.258325	0.097542	2.882175	1.147077
11304	-535.5916	-564.1493	28.5577	4.627712	0.454534	0.0979888	0.0394541	0.408023	1.483317	2.799698
11310	-535.9581	-564.2028	28.24474	9.762986	0.427803	0.225511	0.0862323	0.260454	1.81997	1.628301
11316	-535.4214	-561.1449	25.72347	14.96586	0.640084	0.0681262	0.068568	0.223222	1.332309	2.805532
11322	-536.8919	-562.8598	25.96791	10.31968	0.177472	0.722532	0.0234982	0.0764981	1.554009	3.156617
11328	-530.6753	-559.5679	28.89259	4.819484	0.379703	0.383242	0.156781	0.080273	1.236801	2.692933
11334	-530.1451	-560.1971	30.05199	1.31743	0.151721	0.515096	0.320107	0.0130763	1.542308	3.116192
11340	-529.9185	-562.0833	32.16481	1.086536	0.110176	0.553318	0.32246	0.0140466	1.681331	1.834108
11346	-534.1132	-565.0899	30.97676	3.509207	0.262689	0.323842	0.342934	0.070536	1.681331	1.435024
11352	-528.834	-560.1128	31.27876	2.313251	0.079323	0.440776	0.383896	0.0960055	1.860008	1.622526
11358	-538.7185	-568.0174	29.2989	2.770222	0.150361	0.575529	0.217628	0.0564823	1.839713	2.732407
11364	-536.4637	-567.4888	31.02516	2.563047	0.444124	0.216692	0.291756	0.0474277	2.560938	1.136524
11370	-531.7276	-561.9032	30.1756	2.897954	0.16666	0.531015	0.288143	0.014182	1.929232	2.071235
11376	-536.4606	-564.888	28.42742	1.839754	0.299467	0.365492	0.328619	0.00642273	2.052932	3.512498
11382	-532.012	-562.0009	29.98897	1.839754	0.244516	0.60804	0.081038	0.0664065	1.295826	3.037655
11388	-536.8051	-567.8335	31.02848	1.20084	0.31492	0.330649	0.274038	0.0803924	1.697905	2.492521
11394	-536.1095	-568.5792	32.46974	0.7463399	0.0736326	0.599285	0.308285	0.0187968	2.358961	1.370762
11400	-532.4191	-563.2952	30.87612	3.795542	0.080302	0.653567	0.245631	0.0204994	2.417585	0.3906547
11406	-541.1915	-571.1951	30.00366	3.795542	0.303374	0.564603	0.0578169	0.0742056	2.442832	1.480374
11412	-537.771	-563.2092	25.4382	8.061976	0.0758321	0.594187	0.00864082	0.32134	0.7350517	4.307556
11418	-538.4946	-564.1506	25.65601	6.804782	0.212039	0.293202	0.316301	0.178457	0.7382863	4.417367
11424	-540.4989	-567.4301	26.93122	3.408191	0.081479	0.83263	0.017316	0.0685747	0.9420158	4.417367
11430	-534.3979	-564.9592	30.56139	1.436159	0.000632518	0.819221	0.178642	0.00150361	1.587424	2.717347
11436	-528.393	-559.1187	30.72573	0.9259314	5.73959e-05	0.686084	0.302869	0.0109898	1.194044	3.147463
11442	-535.015	-561.6689	26.65395	14.09306	0.00483194	0.293366	0.664787	0.0370148	1.810003	2.02729
11448	-533.0484	-565.4855	32.43718	1.839681	0.0144382	0.648027	0.226931	0.110603	1.820338	0.9915196
11454	-528.8383	-558.882	30.0437	1.839681	0.159531	0.531471	0.186115	0.122883	1.840718	2.674145
11460	-530.6403	-557.7933	27.15299	13.24096	0.703882	0.0188498	0.12941	0.147858	1.656385	1.916822
11466	-534.8763	-562.22	27.34368	13.24096	0.356328	0.0142783	0.277839	0.351555	1.999473	1.540725
11472	-533.4792	-560.8205	27.34135	6.55038	0.228304	0.0091483	0.650168	0.11238	1.711453	2.927709
11478	-537.6129	-568.0132	30.40032	3.411662	0.48051	0.0208336	0.48263	0.0160262	2.193304	1.52416
11484	-535.5605	-566.2763	30.71578	2.865028	0.389709	0.0617279	0.535566	0.0129978	2.144017	1.563115
11490	-533.9328	-563.6297	29.6969	2.865028	0.407232	0.286648	0.273821	0.0323001	2.437963	2.064745
11496	-533.1323	-563.534	30.40177	4.034147	0.116375	0.428576	0.445819	0.0092304	2.47015	1.021559
11502	-535.4862	-566.1178	30.63158	1.610812	0.0744789	0.485116	0.429957	0.0104481	2.196201	2.196691
11508	-534.8504	-565.5228	30.67245	3.003985	0.45527	0.0700372	0.410827	0.0638666	2.496835	1.257411
11514	-535.8672	-566.2311	30.36392	3.407731	0.454974	0.0699917	0.41056	0.0644747	3.164578	0.4775831
11520	-533.4998	-564.2548	30.75507	3.407731	0.476397	0.193502	0.26259	0.0675107	2.69664	0.3277784
11526	-530.728	-559.0924	28.36438	10.26151	0.219076	0.425117	0.217713	0.138094	2.565502	0.3277784
11532	-532.1613	-559.9952	27.83395	11.96037	0.0377671	0.530913	0.271893	0.159427	2.675782	0.3277784
11538	-532.5615	-560.5788	28.01731	11.31946	0.25896	0.0734706	0.150961	0.516609	2.645417	0.3277784
11544	-538.836	-567.8858	29.04973	5.448125	0.431066	0.216484	0.176506	0.175945	3.277541	0.2300325
11550	-533.782	-563.8639	30.08197	5.448125	0.0809259	0.476265	0.289603	0.153207	2.393052	0.3178746
11556	-529.2146	-559.9537	30.73904	3.92599	0.28455	0.198191	0.389576	0.127683	2.44972	0.3394493
11562	-532.8306	-563.552	30.72138	5.044896	0.253787	0.458938	0.185489	0.101786	2.009364	0.4677285
11568	-531.5424	-564.5851	33.04275	0.9372192	0.0955743	0.478823	0.254379	0.171224	2.24024	0.7282529
11574	-530.6486	-561.6751	31.02645	0.9372192	0.0809463	0.37252	0.509377	0.0371563	1.457738	2.801239
11580	-531.642	-562.2132	30.5712	1.658318	0.0502514	0.554697	0.316221	0.0788309	0.9071597	3.009033
11586	-527.9323	-557.9681	30.0358	2.852563	0.228864	0.450379	0.256751	0.0640057	1.399296	2.517619
11592	-531.3845	-563.2381	31.85359	1.956902	0.0638902	0.708832	0.181925	0.0453523	1.750794	1.469634
11598	-536.043	-567.9704	31.9274	0.8864227	0.177867	0.351504	0.325615	0.145014	1.574384	2.196934
11604	-538.651	-567.8782	29.22714	5.322932	0.15137	0.348213	0.346224	0.154193	1.474525	2.196934
11610	-533.2374	-564.2302	30.9928	2.190979	0.148919	0.149408	0.58097	0.120703	1.553856	2.087749
11616	-533.5037	-565.6621	32.15844	1.105633	0.174855	0.489324	0.227453	0.108369	1.291369	2.087749
11622	-536.3229	-564.7837	28.46085	6.949711	0.181297	0.421851	0.284491	0.112361	2.152632	1.846349
11628	-532.9903	-563.2823	30.29206	1.580521	0.0687518	0.770803	0.0425938	0.117851	1.468288	2.878228
11634	-536.2299	-565.3642	29.13425	2.545121	0.28164	0.256597	0.445314	0.0164483	1.166023	3.321564
11640	-536.5517	-566.8467	30.295	2.055196	0.216475	0.428603	0.342279	0.0126426	1.079948	2.884696
11646	-541.8094	-568.8334	27.024	1.677954	0.0705373	0.551387	0.352599	0.0254765	1.129846	4.907828
11652	-540.5152	-567.8352	27.32001	1.677954	0.183921	0.417459	0.387621	0.0109983	0.8338309	4.907828
11658	-536.1835	-559.918	23.73452	11.05525	0.174469	0.396005	0.419093	0.0104331	0.5393031	4.907828
11664	-538.5766	-564.0698	25.49327	1.477836	0.160488	0.388819	0.374081	0.076613	1.960037	5.389274
11670	-531.8641	-561.8467	29.98256	5.367821	0.43745	0.104377	0.387171	0.0710025	1.93019	1.33185
11676	-531.981	-559.259	27.27801	3.866387	0.251551	0.17194	0.522724	0.0537848	1.534668	3.742807
11682	-532.6747	-565.088	32.41334	0.944105	0.0346321	0.250037	0.70005	0.0152805	1.449227	1.919573
11688	-533.7511	-565.0462	31.2951	0.9118174	0.0661542	0.705045	0.185713	0.0430875	2.600373	1.919573
11694	-530.7118	-562.5813	31.86952	1.741932	0.11803	0.703949	0.12276	0.0552614	1.870094	1.494412
11700	-537.4085	-566.5858	29.17725	7.488085	0.217801	0.254679	0.287577	0.239943	1.724251	1.511604
11706	-538.673	-568.1203	29.44732	5.967673	0.170136	0.417789	0.224642	0.187432	1.711937	1.71574
11712	-532.5319	-565.0957	32.56382	1.330245	0.115734	0.44963	0.42144	0.0131958	2.294333	0.7961574
11718	-533.3533	-565.3454	31.99205	1.173951	0.105206	0.408727	0.474071	0.0119954	2.814078	1.01732
11724	-541.4202	-571.3875	29.96732	3.169118	0.350514	0.189809	0.430858	0.0288189	3.695415	0.4692754
11730	-540.5515	-568.7149	28.16344	5.454319	0.388226	0.138688	0.183293	0.289794	4.39773	0.5030534
11736	-536.1592	-565.8984	29.73917	3.221809	0.243869	0.501203	0.240915	0.0140132	3.054106	1.454395
11742	-541.0711	-571.9543	30.88312	3.483673	0.145436	0.508444	0.145144	0.200977	2.592425	0.4259449
11748	-536.1507	-566.0406	29.88994	4.654755	0.38832	0.310968	0.204435	0.0962765	2.389968	1.284538
11754	-528.6477	-560.4888	31.84104	2.187275	0.128095	0.377685	0.334231	0.159989	2.018263	1.122484
11760	-532.8132	-562.3028	29.48955	6.879111	0.357727	0.0939216	0.46781	0.0805417	2.120571	1.102452
11766	-530.3617	-560.3174	29.95568	6.06313	0.212133	0.280215	0.294376	0.213276	2.079212	0.9792851
11772	-522.5188	-554.5315	32.01274	2.218114	0.277699	0.250898	0.462898	0.00850507	2.247809	0.5850583
11778	-532.1438	-559.1293	26.98542	12.98529	0.0907596	0.0341232	0.312391	0.562726	2.426774	1.530947
11784	-527.4518	-554.5686	27.11681	18.81186	0.071736	0.479844	0.0036444	0.444776	1.856928	0.964826
11790	-526.4044	-557.3514	30.94707	4.387144	0.333427	0.429581	0.0739046	0.163087	1.901249	0.8640051
11796	-535.8321	-565.5469	29.7148	7.380347	0.445145	0.227954	0.10917	0.217731	2.118746	0.6078937
11802	-530.3145	-560.7186	30.40409	4.474717	0.28076	0.123151	0.389923	0.206167	2.575725	0.4377484
11808	-531.042	-563.1775	32.13544	1.856138	0.350154	0.044987	0.586736	0.018123	2.364153	0.3666865
11814	-533.0288	-565.6427	32.61392	1.305509	0.290935	0.285037	0.401037	0.0229911	2.375178	0.6030472
11820	-525.0984	-556.2027	31.10427	3.168894	0.156716	0.538789	0.173481	0.131013	1.57987	1.558914
11826	-532.6002	-563.4484	30.84823	3.117954	0.177049	0.52152	0.174618	0.126813	2.026278	1.43829
11832	-536.6074	-566.2002	29.59284	2.452584	0.379373	0.538289	0.0011098	0.0812282	1.019229	3.173697
11838	-538.5024	-564.786	26.28361	2.941736	0.179613	0.781404	0.000525435	0.0384574	0.9755482	4.912583
11844	-535.7778	-563.0284	27.25058	3.338794	0.278696	0.511063	0.00818812	0.202053	0.9098604	4.276964
11850	-540.984	-568.5499	27.56592	2.583544	0.31636	0.444987	0.00929469	0.229359	1.06685	4.268074
11856	-534.8615	-564.3239	29.46238	2.583544	0.374709	0.362069	0.00769064	0.255532	1.80638	2.725893
11862	-536.3992	-563.411	27.01182	15.97634	0.31873	0.194718	0.249431	0.237121	2.688353	0.3620016
11868	-539.3324	-572.1161	32.78365	1.3036	0.150504	0.128345	0.523729	0.197422	2.208453	0.4123199
11874	-530.5277	-563.3535	32.82581	1.3036	0.0144955	0.916048	0.0504418	0.0190143	2.038957	0.819333
11880	-529.9766	-561.2587	31.28215	1.3036	0.0753266	0.341934	0.494932	0.0878081	1.577472	2.348408
11886	-535.2828	-564.5563	29.27349	7.28762	0.0904479	0.209832	0.594286	0.105435	1.863677	1.382279
11892	-529.0197	-560.2971	31.27748	3.105515	0.203382	0.321259	0.0268615	0.448497	2.072174	1.044314
11898	-529.1737	-557.5677	28.394	12.90513	0.159545	0.331028	0.373759	0.135668	1.911012	0.7072428
11904	-538.3583	-564.8338	26.47552	14.18359	0.306013	0.493698	0.103329	0.0969596	3.558214	0.7047523
11910	-529.9165	-559.6629	29.74638	6.203972	0.170384	0.390543	0.419365	0.0197079	1.936991	1.25086
11916	-526.5549	-556.7764	30.22151	5.494845	0.321243	0.0104896	0.468653	0.199615	1.792077	1.205606
11922	-530.4977	-560.9128	30.41512	4.475045	0.323402	0.0105601	0.46508	0.200957	1.761756	1.43159
11928	-533.4955	-564.3351	30.83966	4.475045	0.393647	0.0150386	0.263065	0.328249	1.877655	0.963272
11934	-539.4675	-569.8782	30.41065	3.980088	0.446654	0.0137239	0.240068	0.299554	1.991148	1.442767
11940	-533.6187	-562.3303	28.7116	4.924881	0.443776	0.0180048	0.189532	0.348688	2.08253	2.246767
11946	-531.0249	-561.5011	30.47613	3.030363	0.176054	0.332355	0.230978	0.260613	2.932878	1.029869
11952	-533.2054	-565.7696	32.56418	1.492507	0.0779917	0.535432	0.273881	0.112695	2.162001	0.7801375
11958	-530.3163	-560.1838	29.86747	4.973564	0.0885146	0.607674	0.17591	0.127901	2.849824	0.3626185
11964	-528.1265	-559.359	31.23256	2.497291	0.130439	0.644419	0.0904129	0.134729	2.76136	0.3188582
11970	-534.6902	-563.2418	28.55164	7.71749	0.408182	0.0190456	0.146628	0.426144	2.939538	0.2233054
11976	-535.198	-565.8951	30.69713	2.132394	0.328225	0.0265683	0.634031	0.0111758	3.248413	0.1777794
11982	-530.7194	-562.4453	31.72594	1.685608	0.22261	0.00255627	0.766966	0.00786752	2.835874	0.2951352
11988	-535.9748	-566.9688	30.99399	3.197048	0.222916	0.00118793	0.768018	0.00787831	2.537129	0.2951352
11994	-528.3036	-559.4136	31.11002	3.197048	0.161049	0.00124189	0.832302	0.00540709	2.537129	0.4738636
12000	-532.2518	-562.5815	30.32972	3.827636	0.322413	0.00261173	0.663604	0.0113712	1.739627	1.742035
12006	-531.9455	-561.7574	29.81182	5.963198	0.27362	0.00382318	0.489584	0.232973	1.777603	1.399741
12012	-528.3414	-559.4179	31.07653	3.352634	0.512757	0.00959684	0.32364	0.154007	1.681369	1.424723
12018	-537.3422	-564.8604	27.51813	17.21594	0.077716	0.000445807	0.0357717	0.886066	1.935899	0.7048374
12024	-544.6523	-570.186	25.53365	27.12189	0.702016	0.000144865	0.00991212	0.287927	2.21053	1.002804
12030	-541.8842	-567.7377	25.85347	20.62247	0.700526	0.000374139	0.00989109	0.289209	1.39346	2.063066
12036	-536.1598	-563.8282	27.66838	8.584391	0.631478	0.0015141	0.100192	0.266816	1.64816	2.354254
12042	-545.3282	-576.9076	31.57941	2.021015	0.0153676	0.663884	0.311828	0.00892041	1.601443	1.74237
12048	-542.0585	-571.0214	28.96292	3.442783	0.388065	0.0890498	0.47632	0.0465648	2.240466	2.447499
12054	-534.144	-565.7787	31.63468	2.761529	0.149076	0.452331	0.373645	0.0249484	1.58719	1.33561
12060	-532.133	-562.03	29.897	2.569648	0.189554	0.653494	0.125229	0.0317226	1.855444	2.431441
12066	-528.723	-557.355	28.63198	5.505155	0.141394	0.524711	0.23663	0.0972654	2.080878	2.141029
12072	-529.9297	-558.5639	28.63425	4.307983	0.213272	0.449332	0.119416	0.21798	1.355394	2.921232
12078	-531.4323	-557.2874	25.85508	10.8466	0.490948	0.0504274	0.184759	0.273866	1.121911	3.398545
12084	-533.0701	-559.2254	26.15527	6.857599	0.27169	0.117009	0.428704	0.182598	1.445648	3.718729
12090	-532.8376	-561.0827	28.24503	5.054422	0.102998	0.304976	0.366456	0.225569	1.063382	3.126782
12096	-531.019	-556.7803	25.76132	6.796888	0.290233	0.331679	0.250468	0.12762	1.005284	4.208363
12102	-531.907	-562.4244	30.51741	2.235895	0.0772688	0.161616	0.615151	0.145964	1.764679	2.239023
12108	-534.7048	-564.3245	29.61964	4.484556	0.0369268	0.225504	0.617193	0.120377	2.876458	1.168033
12114	-533.3223	-561.7707	28.44839	6.826817	0.0604333	0.371678	0.475205	0.0926836	1.514009	2.304001
12120	-529.1478	-559.336	30.18824	2.778422	0.257849	0.0900854	0.611604	0.0404615	1.612661	2.316032
12126	-533.9166	-560.8652	26.94866	8.351084	0.486465	0.12868	0.0794433	0.305411	1.770292	2.769346
12132	-533.509	-561.3926	27.88362	6.043305	0.0797354	0.586095	0.161017	0.173153	1.890142	2.602289
12138	-529.1223	-558.6319	29.50958	1.159241	0.0555266	0.599728	0.319578	0.0251681	2.386907	3.023826
12144	-524.9436	-555.6864	30.74275	3.507985	0.0873529	0.692675	0.190903	0.0290687	2.39219	1.032174
12150	-530.461	-556.8457	26.38472	14.36376	0.29322	0.532202	0.152244	0.0223343	2.684681	1.568444
12156	-527.5902	-559.4679	31.87762	2.252798	0.140291	0.174086	0.578803	0.106819	2.277388	0.7491927
12162	-533.1775	-560.5391	27.3616	6.864116	0.345386	0.127559	0.512107	0.0149479	2.487757	2.367621
12168	-535.2982	-562.3126	27.01441	8.939681	0.228308	0.284491	0.343695	0.143506	1.60756	2.72194
12174	-537.9831	-566.5367	28.55362	4.885043	0.273548	0.263104	0.439679	0.0236702	2.276446	2.234889
12180	-531.5266	-561.5922	30.0656	4.900857	0.216057	0.331172	0.434075	0.0186955	2.094909	1.292309
12186	-542.1181	-570.4165	28.29836	7.821374	0.566636	0.16659	0.18117	0.0856042	2.777226	1.292309
12192	-543.9253	-573.2626	29.33725	6.599701	0.248	0.186387	0.336602	0.22901	2.721142	0.7020946
12198	-539.5372	-568.8412	29.30402	6.599701	0.345092	0.0919283	0.162805	0.400175	2.641873	0.8594686
12204	-543.8598	-573.4006	29.54083	4.623198	0.272858	0.561019	0.0594914	0.106631	2.453149	1.518275
12210	-543.9875	-572.7868	28.79936	7.059522	0.340746	0.115987	0.37147	0.171797	3.061991	0.7591111
12216	-538.845	-568.4129	29.56794	2.230831	0.185077	0.370716	0.346472	0.0977355	2.292905	2.508205
12222	-533.664	-563.5189	29.85497	4.107223	0.354326	0.175819	0.404306	0.0655487	2.413007	1.496241
12228	-538.865	-570.1138	31.24882	1.564637	0.29943	0.0795977	0.565579	0.0553933	2.033724	1.921911
12234	-534.3715	-563.0479	28.67636	2.582432	0.158344	0.0711383	0.746964	0.0235533	2.214895	2.955435
12240	-530.7691	-558.656	27.88698	5.613593	0.257208	0.100745	0.617387	0.0246602	1.291449	3.065891
12246	-531.0234	-560.7681	29.74473	4.012039	0.077096	0.512596	0.0865037	0.323805	1.794421	2.039038
12252	-532.3877	-563.6954	31.30764	1.569277	0.0054152	0.892159	0.0153393	0.0870864	2.215813	1.753692
12258	-531.3127	-561.8296	30.51688	4.227961	0.0436296	0.531355	0.177237	0.247778	2.489468	0.7567504
12264	-531.6528	-563.8069	32.15409	0.7537997	0.00101529	0.798686	0.108372	0.0919269	2.818785	1.247703
12270	-539.9105	-571.784	31.87349	2.572877	0.266649	0.0492617	0.367761	0.316329	2.07165	0.7376529
12276	-539.4524	-569.8574	30.40492	2.572877	0.230227	0.0671863	0.663863	0.0387234	2.137629	1.916288
12282	-539.7561	-572.2457	32.48968	1.507182	0.111903	0.356261	0.45479	0.0770468	1.951066	1.078411
12288	-540.2516	-571.0605	30.80893	3.746435	0.204543	0.215653	0.338109	0.241695	2.150234	1.078411
12294	-540.0261	-571.1488	31.12266	3.746435	0.243686	0.21114	0.35584	0.189333	2.150234	0.7185106
12300	-538.5968	-568.3775	29.78073	2.403575	0.0814214	0.482716	0.302424	0.133439	1.710505	2.662968
12306	-536.8389	-565.4439	28.605	2.403575	0.372572	0.159122	0.40684	0.0614669	1.682939	3.384498
12312	-528.1284	-558.8277	30.69929	3.746435	0.110255	0.598892	0.240064	0.050789	1.441397	1.721501
12318	-535.1874	-564.854	29.66658	3.214752	0.646057	0.144782	0.0530652	0.156096	1.776906	2.376925
12324	-534.295	-563.5339	29.23889	7.174243	0.482285	0.0969102	0.272018	0.148786	1.822026	1.470369
12330	-541.9108	-568.5805	26.66973	16.07025	0.424152	0.116768	0.135856	0.323224	1.820799	1.744203
12336	-538.1064	-563.2241	25.1177	12.93041	0.170606	0.192635	0.387668	0.249091	1.552277	3.290716
12342	-539.0287	-565.9527	26.92409	12.90087	0.234142	0.376866	0.168091	0.220902	1.386157	2.293279
12348	-532.2829	-561.0584	28.77551	8.68733	0.455696	0.218109	0.0460528	0.280142	1.892244	1.405448
12354	-530.9762	-559.9214	28.9452	7.326267	0.116429	0.327867	0.224418	0.331287	2.126588	1.423045
12360	-534.9746	-565.263	30.28841	3.695721	0.1873	0.492449	0.226396	0.093855	1.379396	2.061322
12366	-529.0855	-561.3726	32.28715	1.891582	0.132676	0.526969	0.281213	0.0591422	1.989023	0.9299396
12372	-533.6428	-562.7503	29.10749	7.511496	0.481361	0.165804	0.0972428	0.255593	2.635628	0.3379709
12378	-538.3886	-569.3964	31.00774	2.886197	0.357241	0.36334	0.197614	0.0818049	2.60924	0.9044965
12384	-540.5246	-569.7915	29.26697	5.615848	0.459352	0.110087	0.254098	0.176464	3.227571	0.475125
12390	-535.9437	-565.5888	29.64517	4.533975	0.375018	0.424345	0.0968525	0.103785	3.103936	0.8993855
12396	-540.1052	-568.9814	28.87624	3.78293	0.368824	0.394125	0.0743239	0.162726	1.134425	3.065518
12402	-537.0451	-565.9387	28.89352	5.883336	0.117936	0.531486	0.256212	0.0943663	1.746863	2.090169
12408	-533.9053	-565.3503	31.44496	2.62591	0.164528	0.487879	0.260969	0.0866238	2.110033	1.127694
12414	-539.4211	-565.6519	26.23079	19.58656	0.198777	0.429203	0.279877	0.0921433	2.858183	0.6334555
12420	-534.5196	-564.6279	30.10828	5.129202	0.0987997	0.424152	0.323182	0.153866	2.001508	1.252766
12426	-544.7457	-573.1488	28.40315	3.322486	0.183166	0.436875	0.143573	0.236386	1.428579	3.319129
12432	-539.5672	-568.57	29.00283	2.050763	0.112165	0.506176	0.267613	0.114046	1.645398	3.319968
12438	-535.9699	-564.3154	28.34544	5.780496	0.265918	0.145301	0.498625	0.0901557	2.361861	2.072566
12444	-535.3313	-565.9107	30.57944	5.061849	0.381861	0.196524	0.320485	0.101131	1.798398	1.040152
12450	-532.5276	-562.8963	30.36864	2.599706	0.165011	0.09711	0.66033	0.0775488	2.157406	1.9156
12456	-534.7806	-562.1877	27.40711	12.12413	0.0975974	0.137318	0.745224	0.0198606	1.792907	1.820969
12462	-537.6864	-566.9825	29.29615	2.538786	0.072642	0.601613	0.299038	0.0267076	1.739739	2.88547
12468	-532.6787	-561.9015	29.22289	2.538786	0.18659	0.378069	0.296965	0.138375	1.480072	3.085437
12474	-534.7078	-565.7614	31.0536	3.275712	0.147245	0.374813	0.235701	0.242241	1.795246	1.387797
12480	-533.9291	-564.0053	30.07623	4.724552	0.193102	0.49154	0.208019	0.107338	2.042936	1.387797
12486	-532.5333	-563.4397	30.90642	2.175902	0.152811	0.131119	0.627487	0.0885828	1.891779	1.927435
12492	-528.6774	-559.4334	30.75608	2.560057	0.39229	0.0291021	0.558591	0.0200171	2.261393	1.589558
12498	-537.1477	-566.4608	29.3131	5.878847	0.450391	0.165561	0.352994	0.0310548	2.284367	1.418778
12504	-529.2654	-559.764	30.49861	1.799074	0.139027	0.326296	0.416089	0.118588	2.235504	2.158091
12510	-536.647	-565.4993	28.85229	4.308814	0.541219	0.299587	0.0112786	0.147916	2.194568	2.26527
12516	-542.8757	-568.3502	25.47455	21.49786	0.359652	0.462653	0.0730056	0.104689	2.030113	1.799054
12522	-539.8168	-568.5842	28.76738	2.535448	0.00594229	0.626865	0.272616	0.0945764	1.782135	3.178049
12528	-539.3813	-564.7886	25.40726	20.99466	0.0256588	0.436449	0.316611	0.221282	1.716199	2.106637
12534	-543.1689	-574.3716	31.20265	1.230782	0.103109	0.230838	0.433602	0.232451	2.099189	2.106637
12540	-539.6993	-566.4499	26.75059	13.59877	0.201105	0.45023	0.282392	0.0662727	1.315007	2.352754
12546	-539.784	-569.3744	29.59046	5.865447	0.121496	0.583378	0.192996	0.102131	1.881846	1.517638
12552	-538.138	-567.8169	29.67892	4.361673	0.340303	0.20405	0.169584	0.286063	2.520627	1.455013
12558	-534.7461	-562.8591	28.11304	4.361673	0.153769	0.715243	0.0222585	0.10873	1.395888	3.193351
12564	-535.0339	-561.2239	26.19003	16.52881	0.082054	0.524739	0.01633	0.376877	1.75965	2.053811
12570	-533.4009	-562.0015	28.60067	9.133401	0.501332	0.135857	0.0169328	0.345878	1.383108	1.808909
12576	-537.0552	-563.0278	25.9726	25.92499	0.404203	0.119578	0.0222257	0.453994	2.221277	0.582546
12582	-537.3428	-564.5855	27.24264	14.28612	0.103102	0.578789	0.192644	0.125464	2.65586	0.2565226
12588	-535.8392	-567.7791	31.9399	1.577772	0.128231	0.387372	0.328355	0.156042	2.648462	0.2565226
12594	-534.0632	-566.1773	32.11416	1.586828	0.162886	0.307137	0.424148	0.105829	2.646095	0.4788702
12600	-535.5043	-565.719	30.21469	4.69269	0.110189	0.429758	0.168751	0.291303	1.883181	1.415511
12606	-530.7777	-559.0441	28.26636	5.876394	0.239262	0.306229	0.410454	0.0440553	2.104741	2.266698
12612	-537.2354	-568.0515	30.81606	2.495127	0.24661	0.267467	0.467366	0.0185573	1.568712	2.05605
12618	-539.4239	-569.1841	29.76021	6.292389	0.0418301	0.113048	0.812847	0.032275	2.115096	1.05172
12624	-536.0015	-566.0275	30.02598	3.549975	0.499494	0.333931	0.0771376	0.089437	2.306466	1.659445
12630	-537.1848	-564.8372	27.65235	8.729419	0.127347	0.403999	0.449662	0.0189925	3.035133	1.380377
12636	-528.9369	-557.1803	28.24344	9.043736	0.150813	0.307145	0.515946	0.0260959	2.119252	1.557433
12642	-533.2218	-564.176	30.95412	2.146323	0.170428	0.177083	0.631163	0.0213258	1.369922	2.253276
12648	-529.4803	-560.5455	31.06514	2.146323	0.111162	0.340009	0.466033	0.0827965	1.352834	2.192683
12654	-536.1766	-566.4847	30.30815	1.640684	0.28752	0.558723	0.125947	0.0278099	1.607009	2.753549
12660	-538.9213	-563.2091	24.2878	10.76295	0.22343	0.395948	0.334398	0.0462236	2.057125	3.778057
12666	-532.7768	-561.04	28.26315	5.769357	0.356466	0.445786	0.0675455	0.130202	3.378025	1.41807
12672	-528.4962	-557.9615	29.46521	5.769357	0.408663	0.397875	0.0855933	0.107869	2.706351	0.9554346
12678	-527.5888	-557.8048	30.21601	3.08102	0.116095	0.61996	0.133369	0.130575	2.59082	1.50596
12684	-530.177	-560.4018	30.2248	3.08102	0.162294	0.575368	0.0798012	0.182536	2.366411	1.66352
12690	-531.0249	-557.3555	26.33061	16.80956	0.491747	0.403952	0.0422212	0.0620792	1.428483	2.145312
12696	-537.4435	-563.2892	25.84567	10.78959	0.285216	0.322691	0.0244885	0.367605	1.595139	3.13317
12702	-535.798	-559.3244	23.52642	16.84235	0.280201	0.180408	0.0269126	0.512479	0.995403	4.082718
12708	-529.847	-559.8873	30.04034	4.53899	0.505983	0.23873	0.0150431	0.240244	1.548837	1.834639
12714	-530.0951	-556.5093	26.41423	5.214493	0.483571	0.227165	0.00939611	0.279868	0.9040525	4.240068
12720	-543.1623	-568.4583	25.29601	3.900303	0.195996	0.0454909	0.434216	0.324297	0.8679403	5.225356
12726	-547.6267	-572.0818	24.45508	13.39578	0.319675	0.0653029	0.149489	0.465533	0.5155718	4.21325
12732	-546.5504	-571.8345	25.28413	13.69185	0.382198	0.0397507	0.388739	0.189312	0.9100107	3.473383
12738	-537.0453	-561.0144	23.96906	4.385536	0.23069	0.382247	0.198145	0.188918	0.5223197	6.012898
12744	-546.6671	-569.7194	23.05226	7.151473	0.349212	0.268033	0.33048	0.0522746	0.339708	6.012898
12750	-538.202	-567.9586	29.75665	3.986447	0.0876437	0.0705448	0.719856	0.121955	1.644612	2.138121
12756	-531.942	-561.6701	29.72817	4.903152	0.123851	0.0896975	0.614115	0.172337	1.651665	1.865767
12762	-529.6636	-558.0656	28.40203	8.507202	0.0738565	0.0972715	0.758768	0.0701036	1.614856	1.911435
12768	-527.9295	-560.1716	32.24212	1.691584	0.162165	0.0880907	0.686257	0.063487	1.929818	1.180949
12774	-526.0263	-558.1524	32.1261	1.894068	0.0422354	0.700209	0.15874	0.0988158	1.552543	1.449758
12780	-530.5898	-560.9885	30.39861	4.114383	0.0454393	0.764188	0.13984	0.050532	2.107705	1.308127
12786	-532.076	-564.5259	32.44988	1.223	0.176532	0.648647	0.123813	0.0510073	2.204405	1.116699
12792	-534.3182	-563.8334	29.51522	5.347063	0.329812	0.17395	0.231318	0.264921	2.283423	1.428078
12798	-530.878	-561.2835	30.40555	4.172028	0.1755	0.614255	0.192456	0.0177889	1.257565	1.903035
12804	-534.2562	-563.6036	29.34736	9.571327	0.329309	0.185095	0.219843	0.265753	1.741992	0.7634864
12810	-531.7627	-557.0279	25.26521	11.99654	0.426462	0.239701	0.0724243	0.261413	0.8886512	3.715442
12816	-534.8071	-562.9002	28.09311	2.977967	0.130463	0.49703	0.172228	0.200278	0.884655	3.930875
12822	-534.7913	-563.6784	28.88708	3.018263	0.317592	0.589817	0.039027	0.0535642	0.9218427	3.435946
12828	-539.9753	-566.5481	26.57283	9.061542	0.53556	0.140146	0.0476112	0.276682	0.8189769	3.435946
12834	-547.3299	-569.5331	22.20325	20.65278	0.136451	0.214836	0.397221	0.251492	1.761956	4.03727
12840	-542.4805	-571.5291	29.04859	7.805845	0.400864	0.0937817	0.108994	0.396361	1.560841	1.650051
12846	-546.8978	-575.2341	28.33633	7.805845	0.561792	0.0113147	0.0620617	0.364832	3.353102	0.6232111
12852	-544.8191	-571.3316	26.51248	13.6763	0.28315	0.0266373	0.294911	0.395302	3.636699	0.6878653
12858	-542.4101	-569.6034	27.19332	16.76615	0.181076	0.713862	0.0747267	0.030335	1.562623	1.457557
12864	-536.0831	-567.4005	31.31744	1.561057	0.106068	0.437951	0.437371	0.0186104	1.562623	2.189944
12870	-545.4614	-574.9232	29.46182	0.8401991	0.0374927	0.524358	0.358586	0.0795634	1.895165	3.530431
12876	-542.6606	-572.6807	30.02005	0.9349088	0.0465288	0.577549	0.320975	0.0549473	1.23946	3.530431
12882	-547.7918	-575.7319	27.9401	8.850998	0.133226	0.376236	0.127225	0.363313	3.215843	0.9318834
12888	-550.7307	-580.4745	29.74385	4.862798	0.340368	0.0222475	0.252473	0.384911	2.827284	0.9318834
12894	-539.9892	-570.1794	30.19017	4.980319	0.475204	0.050601	0.157682	0.316513	2.51475	0.6863726
12900	-537.3093	-567.2381	29.92883	3.602793	0.218125	0.563776	0.0384951	0.179604	1.946795	1.955816
12906	-538.7943	-569.9735	31.17918	1.4908	0.201245	0.520148	0.112902	0.165705	2.108169	1.961211
12912	-543.453	-571.0871	27.63409	4.849164	0.131077	0.695878	0.0463231	0.126722	2.843684	2.468692
12918	-538.6895	-571.145	32.45557	0.6118971	0.0499523	0.595021	0.286877	0.0681495	1.919211	1.806973
12924	-531.624	-554.5744	22.95039	11.90545	0.686882	0.041748	0.104398	0.166973	0.6507875	5.167383
12930	-532.544	-558.217	25.67292	7.641814	0.60302	0.0349124	0.0883416	0.273726	1.020877	4.087814
12936	-529.2633	-557.7062	28.44292	4.423217	0.369842	0.425509	0.113308	0.0913409	0.7424402	3.367105
12942	-532.5324	-561.9317	29.39933	4.423217	0.131718	0.723176	0.0135612	0.131544	1.367682	2.408824
12948	-531.9206	-561.3676	29.44698	4.509056	0.469618	0.273693	0.167835	0.0888541	1.372978	2.349948
12954	-526.6678	-557.3056	30.63779	1.760787	0.279952	0.261966	0.383515	0.074567	1.180919	2.75273
12960	-530.524	-558.4817	27.95769	4.061953	0.52169	0.284458	0.0299503	0.163901	1.097365	3.545212
12966	-532.0809	-559.8424	27.76157	3.933861	0.5103	0.192428	0.0136204	0.283652	0.6363739	3.961374
12972	-530.979	-558.3631	27.38403	3.933861	0.262199	0.499443	0.0126689	0.225688	0.7551682	4.109046
12978	-528.1056	-554.9584	26.85281	4.079841	0.0874401	0.718132	0.00335279	0.191075	1.21331	4.109046
12984	-529.3174	-556.3085	26.99107	4.835973	0.339581	0.503634	0.00270367	0.154082	1.202911	3.833564
12990	-532.0104	-561.0869	29.07649	4.835973	0.532739	0.0672483	0.00424155	0.395771	1.034007	2.70004
12996	-533.6112	-561.1786	27.56744	4.835973	0.395536	0.407194	0.00209175	0.195178	1.678827	3.220251
13002	-531.1954	-559.4051	28.20973	4.835973	0.291886	0.513936	0.00084673	0.193332	1.764769	2.783212
13008	-531.011	-560.5405	29.52956	4.632614	0.524681	0.29943	0.00019698	0.175692	1.580634	2.126466
13014	-531.6405	-561.1953	29.55475	5.423344	0.323091	0.602665	8.31459e-05	0.0741604	1.966608	1.611375
13020	-533.4162	-562.2626	28.84643	6.970305	0.20593	0.495988	0.00147236	0.29661	1.528745	2.002551
13026	-525.3535	-555.5659	30.21239	3.94942	0.423376	0.548699	0.00031153	0.0276141	1.229879	2.123515
13032	-534.9338	-561.0794	26.14558	7.693279	0.399463	0.252833	0.134593	0.213112	1.050889	3.790403
13038	-538.9995	-563.7888	24.78933	10.32623	0.261676	0.255311	0.469297	0.0137158	0.6284511	4.370521
13044	-529.4881	-560.6497	31.16165	3.971739	0.346031	0.431635	0.00114463	0.221189	1.86846	0.8880866
13050	-530.5404	-557.3399	26.7995	12.72801	0.369118	0.440321	0.001221	0.189339	1.542162	2.29776
13056	-527.3526	-557.3166	29.96401	3.761613	0.183184	0.620277	0.00611667	0.190421	1.553589	2.137249
13062	-536.9789	-568.7415	31.76256	2.121911	0.234921	0.533299	0.0149581	0.216822	1.87919	1.345463
13068	-539.1851	-569.1593	29.97421	4.49661	0.491732	0.203525	0.0090053	0.295738	2.419234	1.250786
13074	-541.9269	-567.7751	25.84819	15.59906	0.323948	0.27071	0.011978	0.393364	2.653348	1.798753
13080	-538.8787	-569.0936	30.21487	3.211654	0.138363	0.297591	0.432827	0.131219	2.342654	1.633148
13086	-534.8322	-567.4181	32.58591	1.066268	0.0406586	0.455601	0.471768	0.0319727	1.837699	1.431309
13092	-536.3375	-565.4487	29.11121	5.22244	0.468661	0.23788	0.24319	0.0502683	1.770679	2.106916
13098	-530.2453	-561.5022	31.2569	1.78228	0.251812	0.448794	0.27827	0.0211243	1.568905	2.106916
13104	-538.2568	-567.0131	28.75631	5.73986	0.103202	0.310804	0.108716	0.477278	1.673668	2.263235
13110	-535.8015	-565.5734	29.7719	5.73986	0.103687	0.51058	0.0715629	0.31417	2.653589	0.6096128
13116	-534.8288	-562.9581	28.12933	11.87339	0.0514665	0.671894	0.0224329	0.254207	2.288049	0.875226
13122	-539.0861	-563.9142	24.82809	20.90522	0.231359	0.576884	0.0287638	0.162994	1.962385	2.330456
13128	-536.8403	-564.1456	27.30528	17.84291	0.0543591	0.280672	0.136236	0.528733	1.971666	0.8045287
13134	-536.5174	-565.4024	28.88498	11.48872	0.0131864	0.632415	0.109325	0.245074	1.681155	0.8045287
13140	-533.2175	-564.9171	31.69967	1.639718	0.0103327	0.495551	0.289176	0.204941	1.360863	2.028459
13146	-538.3177	-569.4967	31.17899	2.879986	0.0138387	0.491282	0.387297	0.107583	1.758501	1.498597
13152	-540.7899	-567.6698	26.87983	4.570545	0.214609	0.263468	0.356452	0.165471	1.062953	4.04601
13158	-534.6029	-561.5629	26.96005	11.24745	0.217172	0.508472	0.201776	0.0725803	1.18604	2.637518
13164	-527.6877	-559.0569	31.3692	1.700676	0.217363	0.496187	0.196901	0.0895485	1.525854	2.104586
13170	-530.9768	-560.6148	29.63798	4.493148	0.109412	0.543967	0.265177	0.081444	1.472961	2.167812
13176	-534.415	-565.7073	31.29228	1.302406	0.238714	0.294437	0.410027	0.0568216	2.261298	1.894613
13182	-535.3755	-563.3855	28.01	3.127261	0.277613	0.380789	0.281855	0.0597423	1.048876	3.833554
13188	-533.9343	-563.127	29.1927	1.593116	0.22954	0.224382	0.510874	0.0352035	1.372958	3.579268
13194	-537.4681	-566.612	29.14384	2.594809	0.101028	0.757985	0.123054	0.0179331	0.6831873	3.579268
13200	-539.9903	-566.2793	26.28901	13.3011	0.436648	0.329131	0.229105	0.00511672	0.9969625	2.874639
13206	-533.463	-560.9047	27.44168	4.249491	0.413294	0.27977	0.173134	0.133802	0.8331552	3.942587
13212	-535.3659	-563.5046	28.13871	2.592432	0.0887106	0.511908	0.281462	0.117919	1.059902	3.942587
13218	-534.8888	-563.8278	28.93898	0.7678946	0.102403	0.739784	0.0872126	0.0706002	0.5022793	4.665531
13224	-531.1835	-559.7996	28.6161	1.392642	0.101249	0.705116	0.0566058	0.137028	1.055437	4.191992
13230	-534.5574	-559.4059	24.84859	2.337121	0.195632	0.555226	0.171331	0.0778116	0.5463417	6.152619
13236	-541.8165	-571.7989	29.98244	2.890541	0.190118	0.641779	0.135359	0.0327439	1.107087	2.716812
13242	-535.0816	-563.6267	28.54505	7.241303	0.0671343	0.192797	0.451994	0.288074	1.766872	1.983144
13248	-536.0674	-560.9144	24.84702	6.992252	0.385176	0.419185	0.104955	0.0906835	1.766872	4.256406
13254	-529.5771	-556.4201	26.84291	3.620403	0.269149	0.349841	0.346301	0.0347098	0.8225689	4.469409
13260	-550.8214	-577.4479	26.62656	6.847142	0.346642	0.202739	0.381196	0.0694241	1.498659	3.415938
13266	-544.3076	-570.978	26.67046	6.847142	0.131011	0.29607	0.342105	0.230814	0.5681739	3.929229
13272	-542.3595	-568.4751	26.1156	9.165492	0.441154	0.228338	0.263842	0.0666664	0.5309919	3.850703
13278	-543.8739	-571.5451	27.67121	11.34217	0.226712	0.0936549	0.26438	0.415253	1.142817	2.201689
13284	-547.229	-568.8476	21.61859	76.31939	0.602971	0.0447607	0.348603	0.00366541	1.613411	1.518067
13290	-545.3387	-568.284	22.9453	50.83938	0.149856	0.731609	0.110063	0.00847282	2.397096	1.123683
13296	-540.6997	-570.7714	30.07167	4.717881	0.0446815	0.652995	0.124269	0.178054	2.273555	1.206114
13302	-540.6577	-568.9163	28.25862	8.801959	0.0360612	0.592509	0.100294	0.271136	2.273555	1.483358
13308	-540.1495	-569.9363	29.78681	3.408475	0.0137083	0.643408	0.300027	0.0428565	1.612958	2.335323
13314	-540.6041	-570.548	29.94392	2.55157	0.0185711	0.533396	0.423105	0.0249278	1.891904	2.386322
13320	-540.1116	-566.7288	26.61717	3.489017	0.0873804	0.339176	0.485637	0.0878066	0.7507083	4.676296
13326	-545.252	-573.1789	27.92691	1.200539	0.195372	0.209537	0.468139	0.126953	0.4958831	4.991704
13332	-541.7165	-567.8415	26.12508	4.608607	0.266661	0.258257	0.348521	0.126561	1.217414	4.376713
13338	-536.4148	-566.2065	29.79174	1.738375	0.261936	0.289292	0.363703	0.0850688	1.501754	3.080604
13344	-534.5133	-565.1522	30.63894	2.662106	0.292254	0.0507172	0.506334	0.150695	2.328552	1.577664
13350	-538.8814	-567.5358	28.65438	9.421193	0.169547	0.193241	0.583712	0.0535003	2.450088	0.2862985
13356	-534.0824	-564.1994	30.11709	3.643893	0.0733575	0.718132	0.120581	0.0879289	2.045736	1.743916
13362	-541.4719	-571.0134	29.54151	6.853181	0.0973705	0.494335	0.283903	0.124391	2.056161	1.121982
13368	-542.3918	-572.2387	29.84685	5.406026	0.174759	0.320472	0.238896	0.265872	2.56213	0.8531932
13374	-543.8785	-574.4561	30.57765	2.337768	0.149343	0.404478	0.436321	0.00985741	1.863487	2.089262
13380	-538.1641	-567.7515	29.58746	2.714869	0.161884	0.354471	0.47296	0.0106852	3.223501	1.666464
13386	-534.3892	-564.0817	29.69252	1.803002	0.263787	0.251205	0.46135	0.0236579	2.423974	2.548487
13392	-534.8613	-562.3704	27.50916	2.498147	0.0556085	0.363297	0.558857	0.0222374	1.557679	4.053396
13398	-534.6445	-560.6229	25.97843	14.47298	0.0768331	0.397915	0.516295	0.00895745	1.335636	2.708082
13404	-532.463	-560.6559	28.19291	6.731562	0.104049	0.538866	0.059282	0.297803	1.156462	2.708082
13410	-529.8633	-560.1714	30.30803	3.287736	0.352009	0.46977	0.132764	0.0454562	1.45815	2.142955
13416	-537.6143	-568.2058	30.59145	2.367987	0.0198312	0.633343	0.207719	0.139107	1.746869	2.142955
13422	-534.7369	-566.93	32.19305	2.19256	0.0192918	0.616116	0.20207	0.162523	1.877126	0.9104982
13428	-535.9045	-566.3352	30.43069	2.561487	0.437246	0.171729	0.252106	0.138919	2.025445	1.979438
13434	-537.1121	-565.9486	28.83656	2.561487	0.195813	0.24826	0.454942	0.100986	2.184442	2.885438
13440	-537.4864	-566.5479	29.06149	3.200901	0.238937	0.0367653	0.667095	0.0572026	1.491673	2.930807
13446	-536.1311	-566.8065	30.67538	2.88101	0.0812298	0.542373	0.166073	0.210324	1.586598	1.97374
13452	-546.3352	-575.1896	28.85435	3.863543	0.180245	0.324141	0.364763	0.130852	4.397361	0.3790178
13458	-538.3473	-568.0675	29.72014	2.469272	0.510529	0.0565593	0.41008	0.0228324	1.496838	2.803653
13464	-534.7443	-563.7857	29.04136	7.420614	0.45341	0.366599	0.171975	0.00801585	1.871067	1.520034
13470	-526.3512	-556.9614	30.61014	3.922367	0.239018	0.525748	0.175665	0.059569	1.718448	1.520034
13476	-531.444	-559.3071	27.86315	14.23691	0.124155	0.777235	0.0835198	0.01509	1.772998	1.137372
13482	-528.6082	-559.2472	30.639	4.953083	0.605739	0.0328097	0.26993	0.0915219	1.966012	0.847964
13488	-534.3872	-562.1269	27.73978	13.00174	0.43283	0.202192	0.137058	0.22792	2.589898	0.6116753
13494	-529.5649	-560.0698	30.50489	4.155681	0.447976	0.134744	0.141854	0.275426	2.628096	0.4409266
13500	-529.3705	-557.2692	27.89869	5.072535	0.44749	0.124524	0.152859	0.275127	1.728053	2.931475
13506	-527.0567	-557.5401	30.48335	5.072535	0.259552	0.428745	0.202455	0.109248	1.732309	1.183508
13512	-525.7325	-557.3899	31.65735	1.425761	0.00700305	0.753723	0.10627	0.133003	1.983899	1.757952
13518	-528.7977	-560.5159	31.71814	1.110512	0.00727816	0.783333	0.110445	0.0989443	3.101913	1.062559
13524	-527.9538	-559.1103	31.15649	2.104653	0.010302	0.584504	0.334509	0.0706842	1.906235	1.781681
13530	-527.1178	-559.0388	31.92104	1.81668	0.0964343	0.636009	0.221136	0.0464207	2.232457	1.108202
13536	-530.7163	-562.6849	31.9686	1.81668	0.296625	0.33218	0.306669	0.0645261	2.545748	0.6931443
13542	-532.0795	-557.6034	25.52395	27.99018	0.25179	0.346631	0.323054	0.0785248	1.854333	1.237146
13548	-528.9863	-557.2881	28.30178	8.563077	0.30185	0.538028	0.0646616	0.0954607	2.830486	0.1893323
13554	-532.6155	-562.5308	29.91534	6.431262	0.151606	0.0917197	0.445556	0.311118	2.258475	0.4317566
13560	-529.7272	-561.846	32.11878	1.848622	0.110176	0.358907	0.519161	0.0117562	2.046712	1.073978
13566	-529.4924	-560.2117	30.71922	4.88283	0.198643	0.167932	0.627925	0.0055007	2.057479	0.6248096
13572	-531.4066	-561.972	30.56545	4.463756	0.199953	0.402092	0.395689	0.00226597	2.407652	0.6076094
13578	-540.1258	-568.1867	28.06092	6.575352	0.116857	0.649212	0.231251	0.0026801	3.530667	1.213443
13584	-535.6457	-562.3298	26.68417	5.644062	0.253121	0.24017	0.500904	0.00580527	2.667081	2.95496
13590	-532.4346	-563.8058	31.37112	3.008857	0.352565	0.161416	0.482117	0.00390166	2.326008	0.6970667
13596	-529.511	-560.9453	31.43421	3.008857	0.113372	0.800531	0.0856567	0.000439862	2.015324	1.002597
13602	-526.9005	-558.4658	31.56532	1.817607	0.0984028	0.694832	0.206384	0.000381784	2.015625	1.567475
13608	-526.7253	-558.6348	31.90955	1.815492	0.329896	0.530137	0.137682	0.00228574	2.403286	0.9541773
13614	-527.4697	-556.0415	28.57181	7.716345	0.0996917	0.247486	0.647975	0.0048472	3.064243	0.3020019
13620	-527.5828	-559.4246	31.84176	1.431673	0.095049	0.282531	0.617799	0.00462146	2.944709	0.3020019
13626	-526.912	-557.0128	30.10084	3.32035	0.270914	0.237309	0.488125	0.00365144	3.120043	0.1870129
13632	-527.4769	-557.1996	29.72268	3.14212	0.1864	0.519523	0.292626	0.00144993	3.544564	0.1714696
13638	-521.5345	-552.753	31.21843	3.14212	0.359292	0.0738664	0.564047	0.00279478	2.448843	0.5853928
13644	-521.2389	-552.0302	30.79133	3.714839	0.33408	0.353514	0.290334	0.0220719	2.537113	0.6452028
13650	-524.7337	-557.2701	32.53637	1.147192	0.322664	0.288545	0.359202	0.0295896	2.537113	0.7315002
13656	-522.6028	-553.5795	30.97664	3.599198	0.407342	0.128823	0.420196	0.0436381	2.405166	0.662163
13662	-522.9388	-554.8909	31.95212	1.091897	0.209179	0.593051	0.17536	0.0224091	3.032744	0.2352029
13668	-523.87	-556.3719	32.50187	1.502439	0.0204241	0.822946	0.132966	0.0236641	2.317447	0.4217462
13674	-530.4026	-561.6705	31.2679	3.369554	0.226714	0.468867	0.261786	0.0426327	2.226651	0.3505438
13680	-534.2191	-566.2818	32.0627	1.990015	0.468831	0.212477	0.207102	0.111589	1.994434	1.073861
13686	-539.8904	-566.9602	27.06978	17.79712	0.261269	0.562235	0.0663208	0.110175	1.994434	1.046186
13692	-529.6809	-560.2299	30.54898	3.546985	0.0917693	0.305688	0.485422	0.11712	1.376404	1.94254
13698	-529.3436	-560.45	31.10634	2.000507	0.013914	0.407444	0.454833	0.123809	1.798281	1.94254
13704	-528.5775	-560.3319	31.75438	2.555858	0.00728101	0.689924	0.238007	0.0647877	1.764026	1.199838
13710	-536.5235	-567.2788	30.75524	1.946627	0.118148	0.589082	0.195988	0.0967822	1.586889	2.336485
13716	-547.1518	-574.1882	27.03637	9.178325	0.349274	0.512056	0.0545423	0.0841274	1.552506	2.700287
13722	-539.7694	-571.316	31.54664	1.630427	0.0689161	0.47491	0.290998	0.165176	2.843147	1.027715
13728	-531.4525	-562.9081	31.45557	2.402876	0.0537831	0.576746	0.237128	0.132343	2.212192	1.158997
13734	-539.192	-570.53	31.33799	2.329772	0.136714	0.458625	0.303093	0.101568	1.89511	1.545221
13740	-535.8679	-566.642	30.77415	4.420922	0.0526555	0.564654	0.251974	0.130716	2.146393	0.7475581
13746	-533.4011	-562.631	29.22985	3.257021	0.486666	0.0474774	0.339072	0.126785	1.837634	2.597141
13752	-528.2636	-555.5339	27.27033	4.432287	0.193427	0.152832	0.53934	0.114401	1.371873	3.681142
13758	-532.4211	-560.9284	28.50731	4.534305	0.161625	0.177916	0.424879	0.23558	2.030925	2.519875
13764	-531.6925	-557.6893	25.99685	4.763786	0.156686	0.209351	0.461182	0.172781	1.058575	4.49893
13770	-532.5732	-560.9296	28.35632	1.997481	0.232132	0.496003	0.111709	0.160155	1.189011	3.982248
13776	-529.2984	-558.4014	29.10303	2.547149	0.102072	0.493832	0.128571	0.275524	1.336127	3.23884
13782	-537.488	-564.1663	26.67834	1.970081	0.353252	0.191864	0.38796	0.0669244	1.776348	4.611226
13788	-528.7901	-558.0506	29.26055	5.006633	0.369157	0.0748095	0.34352	0.212513	2.054558	1.879149
13794	-534.5156	-566.2633	31.74766	2.09349	0.419238	0.153639	0.148508	0.278615	1.803368	1.432576
13800	-532.5113	-563.2975	30.78621	1.918793	0.400989	0.235114	0.248261	0.115636	1.349672	2.48007
13806	-536.2143	-567.1351	30.9208	1.504914	0.264911	0.0417216	0.638148	0.055219	1.256759	2.662954
13812	-536.3762	-567.4524	31.07611	1.301216	0.0538161	0.29652	0.464744	0.18492	1.752175	2.369669
13818	-529.1982	-560.8187	31.62057	1.301216	0.0293131	0.860686	0.0931886	0.0168124	2.071017	1.800746
13824	-530.1324	-560.835	30.70261	3.246231	0.265741	0.532024	0.0630019	0.139233	1.532138	1.845851
13830	-532.2559	-561.9239	29.66801	4.706546	0.275643	0.182261	0.325929	0.216168	1.828385	1.845851
13836	-532.2389	-562.1533	29.91434	4.706546	0.442367	0.311115	0.0971249	0.149394	1.804145	1.690994
13842	-535.5026	-561.8548	26.35217	9.846828	0.482121	0.381299	0.0569092	0.079671	1.564847	2.995602
13848	-529.8686	-559.7897	29.92112	3.856675	0.324218	0.275469	0.342755	0.0575583	1.135113	2.401684
13854	-532.1777	-562.4123	30.23462	3.295098	0.180067	0.562911	0.246907	0.0101148	1.123924	2.401684
13860	-537.5928	-566.5678	28.97501	4.859819	0.502667	0.337961	0.132618	0.0267539	0.8460692	2.870002
13866	-541.2688	-569.1051	27.83636	4.859819	0.173392	0.715059	0.103091	0.00845773	1.227703	3.32157
13872	-535.8377	-564.2211	28.38334	4.055608	0.138141	0.700861	0.13761	0.0233871	1.05699	3.32157
13878	-539.9729	-570.8812	30.90836	0.8289554	0.0482047	0.875866	0.046702	0.0292269	1.117771	3.143699
13884	-543.5016	-575.1848	31.68324	0.729743	0.416409	0.481703	0.0883687	0.0135195	1.004157	2.808895
13890	-545.8842	-577.0024	31.11815	2.120757	0.35426	0.330904	0.238525	0.0763107	1.079509	2.34589
13896	-546.7336	-575.8855	29.15186	2.448911	0.232908	0.0151733	0.474081	0.277837	1.121294	3.375165
13902	-547.9541	-574.3331	26.37896	12.59311	0.241077	0.292388	0.223444	0.243091	2.915446	1.679916
13908	-544.6743	-574.0553	29.381	2.135368	0.0975021	0.212275	0.569895	0.120328	2.26522	2.683534
13914	-539.5643	-570.9848	31.42046	2.135368	0.138213	0.377429	0.351584	0.132775	2.242386	1.320752
13920	-540.2254	-570.5261	30.30072	3.14147	0.0886696	0.359719	0.375649	0.175962	2.581714	1.421643
13926	-541.489	-568.8909	27.40188	8.383125	0.0829946	0.425557	0.444403	0.0470454	1.530332	2.632518
13932	-546.7454	-572.2965	25.55105	9.800757	0.756626	0.072741	0.0522864	0.118346	1.578464	3.46893
13938	-538.1851	-566.353	28.16785	4.000201	0.123519	0.606058	0.0820656	0.188358	1.774874	3.039884
13944	-536.6972	-570.271	33.57386	0.4483542	0.0174757	0.486868	0.452886	0.0427694	1.606874	1.335435
13950	-538.9969	-571.6333	32.63645	0.4483542	0.0465956	0.459688	0.432219	0.0614974	1.676098	1.961842
13956	-540.4372	-570.9745	30.53726	1.122287	0.108452	0.547156	0.201255	0.143136	1.776611	2.793209
13962	-551.3492	-580.1873	28.83815	5.879825	0.418543	0.104994	0.242634	0.233829	1.327286	2.396764
13968	-552.6765	-582.9807	30.3042	3.848123	0.0738716	0.631095	0.24892	0.046114	1.511491	1.909484
13974	-540.5591	-571.6417	31.08254	1.132674	0.0237332	0.719797	0.222345	0.0341246	3.445391	0.1240532
13980	-547.7598	-569.1649	21.4051	61.26273	0.407483	0.188204	0.381475	0.0228388	1.353841	2.437633
13986	-537.4807	-564.3376	26.85695	14.6806	0.151765	0.339415	0.423389	0.0854313	1.475087	2.035363
13992	-544.1105	-571.506	27.39542	9.428678	0.242337	0.24974	0.4523	0.0556235	1.171686	2.67041
13998	-542.1425	-570.2928	28.15024	3.512082	0.582631	0.151939	0.245716	0.0197137	1.171686	3.556062
14004	-542.4849	-569.3371	26.85226	3.512082	0.240316	0.215781	0.517572	0.0263308	1.265372	4.246986
14010	-540.5195	-568.4973	27.97782	14.48225	0.355725	0.0648068	0.547713	0.0317556	2.056635	0.4540462
14016	-529.3509	-559.6737	30.32282	5.023635	0.422691	0.349867	0.214978	0.0124641	2.406791	0.4250928
14022	-536.6229	-566.6585	30.0356	6.70187	0.378988	0.513051	0.0323527	0.0756083	1.827176	0.9130172
14028	-532.3431	-564.1035	31.76035	2.553367	0.303165	0.507412	0.0697399	0.119683	1.827176	1.14092
14034	-534.6479	-563.9965	29.34857	6.309042	0.248656	0.267068	0.444533	0.0397433	2.693209	0.2529963
14040	-533.7578	-564.9615	31.20369	2.567106	0.0286271	0.304672	0.507123	0.159578	2.693209	0.280863
14046	-539.0953	-564.8219	25.72655	21.4907	0.0276013	0.217528	0.610173	0.144698	2.806585	0.2089908
14052	-536.352	-565.4816	29.12964	5.390826	0.396786	0.0865878	0.459029	0.0575974	2.806585	1.3053
14058	-525.9765	-555.8244	29.84794	5.390826	0.13263	0.69416	0.13466	0.0385498	2.620469	0.2941409
14064	-528.719	-558.3301	29.6111	6.443688	0.158275	0.753693	0.0818937	0.00613882	2.478327	0.3166424
14070	-531.6021	-562.0489	30.44675	4.480842	0.385803	0.202242	0.375959	0.0359958	2.519953	0.4093774
14076	-536.028	-565.1908	29.1628	7.706146	0.641429	0.0958522	0.201706	0.0610126	2.271185	1.006651
14082	-534.1298	-562.9045	28.77471	3.47623	0.36181	0.349688	0.177234	0.111268	1.709886	2.878878
14088	-537.1948	-565.7428	28.54804	3.847103	0.459231	0.181364	0.33242	0.0269858	2.228493	2.579757
14094	-533.9416	-562.0706	28.12894	4.513417	0.296427	0.32219	0.214572	0.16681	1.599088	3.020401
14100	-535.8296	-561.8014	25.97186	10.1646	0.381742	0.299175	0.13962	0.179463	1.819047	3.020401
14106	-530.5424	-557.1197	26.57724	8.082154	0.438626	0.28414	0.117117	0.160117	1.167136	3.40065
14112	-535.4426	-561.4048	25.96218	9.167425	0.660496	0.205967	0.033131	0.100406	1.459677	3.40065
14118	-532.7214	-559.3171	26.59565	6.148557	0.23398	0.442986	0.0195449	0.30349	1.738149	3.442186
14124	-532.5971	-562.6394	30.04229	2.595783	0.00110047	0.625031	0.254175	0.119693	1.945304	2.271254
14130	-530.9856	-563.3228	32.33722	0.9622617	0.00111742	0.398432	0.580385	0.0200656	2.130794	1.476415
14136	-533.6163	-560.2747	26.65838	8.56862	0.0646859	0.756152	0.169217	0.00994532	2.759296	2.292815
14142	-530.0601	-560.8238	30.76369	3.791566	0.335274	0.172485	0.440694	0.0515476	2.469525	0.7441228
14148	-531.2512	-561.0854	29.83422	4.737702	0.146695	0.0276899	0.803576	0.0220384	2.734227	0.9926554
14154	-529.2485	-559.9726	30.72419	2.727656	0.0572303	0.453269	0.483773	0.00572716	2.681522	1.201446
14160	-526.7155	-558.8018	32.08635	1.585699	0.0073311	0.352639	0.632541	0.00748834	2.334795	1.033571
14166	-529.2298	-559.1526	29.92279	6.05993	0.148251	0.256082	0.260625	0.335041	2.389695	0.5740325
14172	-530.4921	-559.6249	29.1328	6.05993	0.165658	0.276844	0.394515	0.162983	1.443926	2.087404
14178	-528.1016	-558.0524	29.95075	6.05993	0.153604	0.513292	0.0888058	0.244299	2.044824	1.019845
14184	-533.91	-563.1347	29.22468	4.747008	0.0961431	0.65809	0.0872202	0.158546	2.377811	1.759849
14190	-532.0525	-561.4181	29.36565	5.381543	0.467301	0.0756592	0.126772	0.330268	1.63807	1.982402
14196	-537.4588	-567.6317	30.17287	2.122546	0.308615	0.505949	0.103022	0.0824141	2.062239	2.321228
14202	-534.5834	-564.3007	29.71726	3.383897	0.129986	0.650679	0.113346	0.105989	3.350911	1.156626
14208	-533.9405	-563.7011	29.76053	3.383897	0.139809	0.396048	0.399631	0.0645124	3.210718	1.239817
14214	-539.6364	-569.8627	30.22637	3.383897	0.211151	0.222885	0.328978	0.236986	1.964148	1.822916
14220	-538.6377	-568.9026	30.26494	4.972673	0.154942	0.430959	0.260875	0.153223	2.094265	1.093967
14226	-535.185	-567.6227	32.43764	1.13939	0.0594453	0.530438	0.374054	0.0360619	2.227009	1.177827
14232	-529.7759	-562.8834	33.10748	0.6310787	0.186994	0.543236	0.221449	0.0483214	2.077388	1.177827
14238	-534.6115	-561.0249	26.41346	20.18555	0.287489	0.494206	0.152545	0.0657602	2.147131	1.146672
14244	-532.0906	-558.9595	26.86896	19.64692	0.047506	0.115624	0.826004	0.0108665	2.107857	0.8036952
14250	-536.6214	-569.408	32.78663	1.396274	0.0555584	0.47333	0.402249	0.0688629	2.079863	0.6928215
14256	-532.5841	-565.294	32.70997	1.437057	0.135158	0.44935	0.382061	0.0334308	1.73343	1.131685
14262	-538.908	-566.6573	27.74923	10.69923	0.156145	0.352485	0.441388	0.0499815	2.538678	1.26925
14268	-539.7473	-568.9028	29.15546	2.745246	0.135931	0.247041	0.547857	0.0691717	1.904586	2.789971
14274	-537.1621	-568.3707	31.20868	1.525691	0.0858282	0.496076	0.345922	0.0721735	3.135389	1.151662
14280	-537.6535	-569.9218	32.26834	1.525691	0.0663455	0.155418	0.703688	0.0745477	1.692398	1.462955
14286	-535.2817	-565.6758	30.39414	1.64302	0.102457	0.513195	0.158154	0.226195	2.112753	2.384836
14292	-537.9634	-566.9275	28.96406	3.005288	0.0106204	0.918908	0.0411588	0.029313	1.840452	2.848231
14298	-539.2221	-568.5106	29.28853	5.455847	0.0106204	0.918908	0.0411588	0.029313	2.690898	1.247857
14304	-541.8911	-572.7169	30.82574	3.905417	0.162554	0.413535	0.17093	0.252981	1.355978	1.633892
14310	-537.8965	-565.5719	27.6754	5.063919	0.158736	0.464255	0.316368	0.0606414	1.790686	3.030217
14316	-534.9121	-564.5796	29.66747	2.212146	0.292945	0.241089	0.366359	0.0996068	1.654565	2.847723
14322	-537.1544	-567.7193	30.56484	4.532338	0.271776	0.299766	0.261038	0.16742	2.096291	0.9935315
14328	-539.2743	-570.5532	31.27887	2.710301	0.160138	0.53318	0.170792	0.135889	2.372315	0.9847864
14334	-541.1405	-566.7914	25.65094	14.24968	0.0944721	0.593493	0.225265	0.0867699	1.035429	3.114649
14340	-540.3254	-567.8608	27.53545	14.24968	0.0528261	0.492031	0.374503	0.0806401	2.328553	0.9113705
14346	-532.0624	-562.3029	30.24049	2.800185	0.160719	0.20152	0.313388	0.324373	1.815726	2.142673
14352	-541.8137	-570.5154	28.70173	4.317201	0.54907	0.117271	0.258162	0.0754973	1.715	2.658336
14358	-542.3068	-573.0984	30.79156	1.677766	0.350505	0.0748613	0.464375	0.110259	1.248292	2.658336
14364	-541.3463	-570.1409	28.79454	4.424885	0.438926	0.243685	0.183401	0.133988	4.21649	0.516873
14370	-531.7072	-561.6075	29.90028	5.288499	0.425084	0.391151	0.162045	0.0217199	2.197267	1.206492
14376	-529.8753	-561.7433	31.86796	1.671832	0.11401	0.417465	0.439201	0.0293245	2.290847	1.206164
14382	-530.1142	-561.981	31.86684	2.225763	0.18497	0.430772	0.336682	0.0475761	1.869559	1.206164
14388	-539.0806	-564.1514	25.07081	32.03786	0.0477403	0.152735	0.688969	0.110556	2.405746	0.466606
14394	-527.4711	-556.5197	29.04859	8.655874	0.0527908	0.467517	0.384738	0.0949546	2.405746	0.4927275
14400	-533.7982	-563.8046	30.00645	4.058198	0.282309	0.30202	0.30015	0.11552	3.181581	0.483272
14406	-533.1963	-563.9432	30.7469	3.286013	0.234644	0.527459	0.143983	0.0939144	2.60629	0.9355168
14412	-529.1581	-558.495	29.33689	7.63885	0.264715	0.0515004	0.497619	0.186165	1.881416	1.22247
14418	-525.9751	-556.7065	30.73143	3.575683	0.0481614	0.489693	0.443258	0.0188874	2.455415	0.9424273
14424	-526.9875	-557.4924	30.50487	4.315999	0.262568	0.297108	0.422151	0.0181725	2.002524	1.226542
14430	-525.7636	-558.4816	32.71804	1.260446	0.196939	0.32355	0.459721	0.0197898	1.775486	1.226542
14436	-530.4467	-562.6947	32.24799	1.012655	0.128999	0.512811	0.336711	0.0214784	1.367424	2.038806
14442	-529.1976	-558.9021	29.70445	2.910844	0.201594	0.0925444	0.672297	0.0335654	1.384883	2.709327
14448	-529.5184	-559.3679	29.84946	3.348907	0.237411	0.663086	0.0501418	0.0493613	1.551939	2.355375
14454	-528.1945	-557.3974	29.2029	6.515036	0.157384	0.786431	0.0234621	0.0327225	1.238195	2.065528
14460	-539.1522	-566.8172	27.66507	6.515036	0.38047	0.0629528	0.409008	0.147569	2.554994	2.209808
14466	-537.0487	-566.2904	29.24163	6.515036	0.322655	0.374622	0.0568883	0.245835	2.048335	1.471563
14472	-542.2019	-568.1067	25.90484	24.96701	0.661966	0.180499	0.101397	0.0561383	2.354047	0.3322491
14478	-530.064	-561.6622	31.59817	2.416643	0.0603382	0.285	0.654382	0.000280562	2.522023	0.4170462
14484	-528.1648	-558.4188	30.25398	4.994131	0.153493	0.300671	0.545123	0.000713715	2.485378	0.4170462
14490	-531.2696	-558.8875	27.61793	13.65832	0.597087	0.107908	0.271497	0.0235079	2.483741	0.3020902
14496	-532.2431	-561.9749	29.73182	6.102293	0.236911	0.337863	0.400831	0.0243955	2.469993	0.3047803
14502	-539.2887	-568.7055	29.41681	7.142148	0.286112	0.503968	0.197877	0.0120432	2.469993	0.3618589
14508	-531.3104	-562.4874	31.17696	2.966336	0.231417	0.527554	0.222635	0.0183926	2.490888	0.2957008
14514	-527.0589	-557.8254	30.76643	4.617148	0.0691663	0.438703	0.213274	0.278857	1.699753	1.140497
14520	-528.7623	-558.3419	29.57954	8.158314	0.258757	0.383944	0.335829	0.0214693	1.757063	0.960701
14526	-532.3063	-563.432	31.12567	3.5445	0.464941	0.0366257	0.381227	0.117207	2.221449	0.769043
14532	-535.3848	-566.6822	31.29733	2.882104	0.421634	0.0911692	0.345718	0.141479	2.066783	1.153982
14538	-534.3265	-562.1102	27.78366	11.61865	0.195411	0.343625	0.294554	0.166411	1.685537	1.716215
14544	-541.0656	-571.8566	30.79097	4.250884	0.0802734	0.405722	0.429749	0.0842558	1.836216	1.150071
14550	-530.7557	-561.9994	31.24375	2.650711	0.12122	0.612676	0.132777	0.133327	2.317592	1.107468
14556	-536.4705	-564.7477	28.27721	10.33072	0.0809245	0.409013	0.442727	0.0673352	1.633014	1.630817
14562	-532.9574	-563.5825	30.62503	4.126442	0.0637815	0.383144	0.544493	0.00858083	1.867164	1.314748
14568	-532.1948	-563.8588	31.66395	2.654512	0.0945526	0.512856	0.286601	0.10599	2.239007	0.7204759
14574	-538.6676	-568.42	29.75242	2.810494	0.264639	0.584304	0.143445	0.00761182	1.715063	2.513672
14580	-535.0257	-563.6342	28.60852	5.584786	0.346618	0.230478	0.408463	0.0144409	1.487324	2.513672
14586	-540.142	-568.2119	28.0699	2.256375	0.60232	0.0162339	0.371977	0.00946942	1.798098	3.688415
14592	-540.1423	-568.737	28.59469	4.401954	0.387967	0.0669458	0.510019	0.0350687	2.024647	2.507792
14598	-533.2034	-562.4303	29.22693	4.401954	0.341046	0.0438376	0.585322	0.0297945	1.829316	2.230826
14604	-529.4914	-560.8415	31.35008	2.252478	0.204629	0.478984	0.305145	0.0112426	2.064955	1.449169
14610	-535.1426	-565.3936	30.25096	0.8306697	0.28862	0.49408	0.209994	0.00730595	1.536343	3.28406
14616	-535.4736	-565.3417	29.86812	3.668766	0.459261	0.152772	0.337662	0.0503053	1.703022	2.134122
14622	-534.4952	-565.2362	30.74099	2.392491	0.472173	0.157067	0.347155	0.0236048	1.293174	2.328076
14628	-536.8383	-567.0803	30.24202	2.418377	0.363575	0.477835	0.148494	0.0100968	1.350999	2.593908
14634	-536.093	-564.143	28.05001	7.603536	0.549921	0.269047	0.00441912	0.176612	2.004381	2.074601
14640	-536.6916	-566.3082	29.61658	3.985824	0.288583	0.563741	0.00231903	0.145357	2.996318	1.273305
14646	-533.1802	-560.7624	27.58221	9.642155	0.388474	0.382701	0.00157429	0.227251	2.058041	1.946174
14652	-532.9429	-563.6206	30.67766	4.451696	0.564184	0.119332	0.00200427	0.31448	2.319171	0.4675997
14658	-540.5506	-567.0053	26.45467	19.92409	0.791295	0.0332119	0.00109556	0.174398	2.560905	0.6746453
14664	-540.4923	-570.9528	30.46053	5.181635	0.509161	0.143837	0.0103554	0.336647	2.205308	0.5690048
14670	-534.0694	-561.2781	27.20874	12.91431	0.469733	0.263748	0.0266627	0.239856	1.895003	1.763787
14676	-533.3045	-561.8241	28.51958	1.398662	0.142823	0.327119	0.373567	0.156491	1.239051	4.139467
14682	-530.1416	-560.4096	30.26795	4.407244	0.227662	0.47058	0.244583	0.0571749	1.687355	1.620112
14688	-534.4814	-564.8022	30.32078	4.407244	0.54732	0.00175626	0.126501	0.324423	1.6468	1.611224
14694	-533.6388	-563.7255	30.08667	4.364912	0.53651	0.00172157	0.143752	0.318016	2.091532	1.470059
14700	-528.2785	-557.3296	29.05112	7.403167	0.267607	0.000849991	0.594163	0.13738	1.691757	1.648153
14706	-530.5015	-558.3891	27.88755	7.403167	0.473544	0.0011699	0.258524	0.266762	1.046938	2.82108
14712	-531.5588	-560.7889	29.2301	7.403167	0.47006	0.00116129	0.26398	0.264799	2.07612	1.213349
14718	-537.4691	-567.7081	30.23906	5.640511	0.54746	0.000353336	0.0569176	0.395269	2.0343	0.9004287
14724	-536.5889	-567.0539	30.46493	5.679628	0.727943	0.000227456	0.0173795	0.25445	1.828122	0.8595627
14730	-529.4609	-555.7179	26.25698	7.856376	0.688216	0.000429389	0.0184843	0.29287	1.091656	3.672433
14736	-533.2813	-560.3137	27.03237	3.767518	0.52851	0.000329746	0.20562	0.265539	1.973337	3.660724
14742	-531.6331	-555.1229	23.4898	18.05656	0.419347	0.000283182	0.425065	0.155305	1.033331	3.959892
14748	-535.5103	-565.3787	29.86845	5.013	0.592809	0.0108238	0.176821	0.219547	1.361372	1.935079
14754	-530.8958	-560.1435	29.24776	5.013	0.309214	0.0260315	0.406992	0.257762	1.198046	2.443792
14760	-530.9538	-561.4747	30.52087	4.037941	0.183994	0.0107972	0.690443	0.114766	1.393644	1.775771
14766	-533.5145	-558.2185	24.70401	8.012553	0.332624	0.0240399	0.470148	0.173187	1.490263	4.304395
14772	-534.5696	-560.0565	25.48694	6.328361	0.336511	0.587269	0.0604268	0.0157936	1.278918	4.304395
14778	-531.8736	-561.5834	29.70985	7.521277	0.565302	0.182561	0.187613	0.0645242	1.945993	0.828083
14784	-530.3298	-561.9448	31.61499	2.295179	0.232467	0.331225	0.319239	0.117068	1.757532	1.458735
14790	-530.8057	-562.7169	31.91118	1.965729	0.134938	0.605835	0.185306	0.0739205	1.700863	1.458735
14796	-544.262	-570.1049	25.8429	10.02727	0.415008	0.380038	0.0977084	0.107246	2.092126	2.955708
14802	-546.0706	-576.949	30.8784	3.551058	0.274159	0.232556	0.427144	0.0661398	2.064414	1.186033
14808	-549.1923	-577.8098	28.61751	4.266103	0.354407	0.244733	0.332628	0.0682321	2.84444	2.007578
14814	-547.7862	-576.1891	28.40284	5.379406	0.574357	0.155114	0.0635537	0.206975	1.708213	2.556301
14820	-542.9887	-574.593	31.60431	2.73486	0.128498	0.616922	0.0536112	0.200969	1.727164	1.260135
14826	-539.7483	-568.3482	28.5999	4.091478	0.150998	0.741239	0.0759286	0.0318344	1.419584	2.9666
14832	-543.6272	-570.6024	26.9752	3.268051	0.0845476	0.405359	0.476649	0.0334446	0.874757	4.47479
14838	-542.7092	-568.1597	25.45054	7.403408	0.142238	0.315486	0.423866	0.118409	0.6377884	4.47479
14844	-540.611	-571.2488	30.63785	1.967151	0.218812	0.267212	0.331821	0.182155	1.467609	2.476033
14850	-537.1494	-562.2316	25.08222	22.3985	0.412412	0.00733811	0.31982	0.26043	1.900492	2.061732
14856	-535.2497	-565.984	30.73431	3.688035	0.540049	0.0264614	0.276158	0.157332	1.917034	1.365755
14862	-539.7457	-565.8845	26.13883	16.75953	0.149066	0.0393394	0.577693	0.233901	2.939561	1.199518
14868	-532.3906	-563.2714	30.88076	2.951956	0.0980039	0.475406	0.238501	0.188089	2.905888	0.4449643
14874	-540.6058	-570.0946	29.4888	7.202922	0.125644	0.294369	0.0865069	0.49348	2.015104	1.098033
14880	-538.8751	-568.298	29.42289	6.951383	0.312771	0.163958	0.168027	0.355244	2.157848	1.106368
14886	-539.5722	-566.6201	27.04788	17.54679	0.385203	0.204335	0.115785	0.294677	2.146567	0.9598041
14892	-539.9451	-569.8748	29.92974	5.434551	0.388495	0.232935	0.0939547	0.284615	2.15222	1.167786
14898	-535.8459	-566.081	30.23508	3.334746	0.295567	0.0573577	0.539971	0.107104	2.171528	1.691075
14904	-538.7763	-564.2694	25.49311	4.37286	0.265717	0.288369	0.349627	0.0962879	1.27933	4.758362
14910	-536.906	-567.1718	30.26586	0.9356657	0.0662573	0.463051	0.430372	0.04032	0.8282815	3.6261
14916	-530.9385	-559.788	28.84949	1.824398	0.0775651	0.385771	0.50766	0.0290039	1.447547	3.6261
14922	-529.7753	-560.9272	31.15189	1.791844	0.125106	0.406767	0.437887	0.0302394	2.004254	1.881322
14928	-525.0034	-556.2591	31.25568	1.791844	0.108419	0.563568	0.32569	0.00232365	2.004254	1.810141
14934	-526.2291	-558.3552	32.12605	1.799463	0.16922	0.318818	0.508335	0.00362674	2.004254	1.141326
14940	-536.0997	-567.5123	31.41263	3.194969	0.188316	0.242722	0.544101	0.0248607	1.82422	1.101263
14946	-534.112	-565.4741	31.36209	2.880965	0.232786	0.520196	0.193737	0.0532809	1.454595	1.587523
14952	-535.7825	-562.7852	27.00269	17.52747	0.580585	0.173894	0.211114	0.0344064	1.358615	1.64852
14958	-532.7042	-561.7206	29.01639	3.906751	0.384104	0.0812576	0.511875	0.0227626	1.471513	2.738725
14964	-535.3338	-563.9476	28.61378	12.31244	0.496194	0.146458	0.311455	0.0458937	1.614559	0.9704318
14970	-533.9276	-563.1791	29.25158	5.448017	0.295207	0.492192	0.185298	0.0273041	1.917383	1.852149
14976	-537.6227	-567.1372	29.51449	7.644784	0.246144	0.6181	0.118961	0.016794	1.627448	1.284409
14982	-529.1601	-558.9605	29.80044	6.364997	0.354256	0.0928681	0.495505	0.0573706	1.305143	1.647633
14988	-530.0449	-558.8326	28.7877	7.090945	0.397664	0.351025	0.179713	0.0715985	1.533125	2.011168
14994	-530.4348	-556.9002	26.4655	7.091773	0.503353	0.170731	0.2588	0.067116	0.8044515	3.862804
15000	-529.1001	-556.9328	27.83263	3.393497	0.27513	0.088967	0.57694	0.0589626	1.023733	3.862804
15006	-531.2919	-558.1719	26.88004	5.682095	0.397361	0.245946	0.271536	0.0851577	0.9082826	3.862804
15012	-533.9485	-562.7712	28.8227	6.169749	0.147328	0.534457	0.277139	0.0410759	1.504397	2.222903
15018	-530.7075	-561.0997	30.39222	3.316907	0.169239	0.495856	0.313387	0.0215176	1.703639	1.913163
15024	-538.6611	-569.2773	30.61624	3.378625	0.107368	0.191018	0.619243	0.0823714	2.72892	0.2463554
15030	-539.6529	-569.9382	30.28532	2.340727	0.131192	0.342088	0.319479	0.20724	3.131076	0.1049191
15036	-534.1291	-563.2726	29.1435	3.614663	0.207169	0.395284	0.235558	0.16199	3.502201	0.1049191
15042	-536.6073	-565.5264	28.91906	5.07218	0.13973	0.246409	0.495519	0.118342	3.370345	0.1667051
15048	-532.6011	-560.9112	28.31006	6.611759	0.333521	0.166679	0.175758	0.324042	3.280063	0.1448369
15054	-531.7047	-560.5565	28.85183	6.515238	0.135817	0.342706	0.30986	0.211618	3.099022	0.2453151
15060	-547.5393	-570.2178	22.67853	9.317152	0.276713	0.340171	0.0248357	0.35828	0.3686268	5.836971
15066	-551.3798	-574.1188	22.73892	9.662492	0.195111	0.598902	0.00683241	0.199155	0.2125151	5.836971
15072	-536.5648	-565.4981	28.93329	7.695326	0.0455307	0.813468	0.0915114	0.0494904	2.814156	0.4590541
15078	-537.8809	-566.7451	28.86425	6.375764	0.0118884	0.230791	0.726668	0.0306519	1.981507	1.82732
15084	-544.8925	-574.2739	29.38141	1.405668	0.325949	0.430249	0.125942	0.11786	1.609626	3.425493
15090	-541.4843	-568.4754	26.99105	2.581933	0.30478	0.514381	0.0893586	0.0914804	0.2801084	5.031705
15096	-545.4921	-566.9731	21.48105	10.70899	0.0841846	0.705548	0.1064	0.103868	0.1253484	6.419196
15102	-541.2845	-568.4915	27.207	3.817901	0.415496	0.486013	0.0412495	0.0572417	0.5744664	4.345536
15108	-544.2304	-568.119	23.88853	4.031312	0.594789	0.136485	0.0267118	0.242014	0.8172165	5.989712
15114	-543.3576	-570.1508	26.79322	3.710478	0.408767	0.455848	0.0531013	0.0822834	0.528518	4.635691
15120	-540.3297	-567.1358	26.80606	3.242572	0.0335146	0.512944	0.221121	0.232421	0.7719372	4.635691
15126	-541.4173	-567.8347	26.41737	3.242572	0.127587	0.466541	0.194478	0.211395	0.5635481	4.968942
15132	-541.7954	-571.3096	29.51417	5.537581	0.159227	0.160484	0.63159	0.0486998	1.622618	1.849232
15138	-540.5567	-571.2805	30.72372	4.485775	0.555672	0.10175	0.0444398	0.298139	2.16075	0.7561315
15144	-544.158	-570.0726	25.91465	5.492266	0.181916	0.607554	0.0665474	0.143982	0.853958	4.485561
15150	-543.8628	-568.2032	24.34038	15.61375	0.669002	0.24719	0.0614122	0.0223955	0.4331032	4.069602
15156	-538.6335	-566.716	28.08246	3.051485	0.240024	0.411619	0.34482	0.00353619	0.608648	4.069602
15162	-536.8512	-566.5108	29.65968	1.142816	0.223176	0.518964	0.25558	0.00228036	0.7924867	3.878283
15168	-539.2039	-568.2277	29.02382	2.664125	0.516222	0.200569	0.280704	0.00250452	0.8710459	3.513688
15174	-537.586	-566.3272	28.7412	3.796745	0.33996	0.305483	0.352922	0.00163581	1.08067	3.173674
15180	-534.1623	-563.3671	29.20478	2.662186	0.274136	0.204057	0.520948	0.000859094	0.7404625	3.48503
15186	-535.8524	-560.552	24.69964	7.110743	0.0409596	0.269565	0.688186	0.00128946	0.9672662	4.766165
15192	-535.6538	-560.9486	25.29481	24.9224	0.385527	0.514708	0.0989856	0.000780035	1.134648	2.193664
15198	-531.519	-560.558	29.03904	3.826629	0.0883207	0.366116	0.545478	8.57012e-05	1.505579	2.729123
15204	-526.4101	-557.7269	31.31685	2.463976	0.086522	0.277604	0.63579	8.39559e-05	1.352826	1.878987
15210	-530.6884	-559.8695	29.18106	6.066637	0.0740646	0.803929	0.120985	0.00102182	1.704767	1.878987
15216	-531.4981	-561.8646	30.36649	4.355612	0.0198303	0.726836	0.252997	0.000336542	2.278106	1.089083
15222	-530.6243	-562.1455	31.52119	1.270462	0.0945714	0.427603	0.47622	0.00160498	1.688637	2.142693
15228	-536.7886	-568.4415	31.6529	1.995132	0.0661728	0.599487	0.333217	0.00112303	2.216177	1.236463
15234	-535.0741	-563.342	28.26784	4.355081	0.370877	0.414376	0.0994337	0.115314	0.9841243	3.346873
15240	-538.6661	-568.5508	29.88475	1.75203	0.547265	0.287994	0.157527	0.00721348	0.708194	3.487404
15246	-539.4	-566.1012	26.70126	2.990843	0.615393	0.152608	0.229593	0.00240558	0.8862584	4.712848
15252	-535.6854	-565.5306	29.84518	1.958742	0.0679501	0.430272	0.490538	0.01124	2.108549	2.574606
15258	-528.7992	-560.2695	31.47034	2.374302	0.1777	0.305073	0.50564	0.0115861	1.799852	1.494733
15264	-532.9624	-564.6003	31.63784	2.848638	0.13535	0.353136	0.490252	0.0212619	1.889938	1.021444
15270	-531.3668	-562.0844	30.71764	3.046924	0.111671	0.680341	0.171635	0.0363534	1.662164	1.825863
15276	-535.691	-561.6696	25.97857	12.1908	0.197472	0.254888	0.334948	0.212692	1.489826	2.914184
15282	-530.7976	-559.9429	29.14529	4.410881	0.235002	0.211233	0.3775	0.176264	1.974384	2.187114
15288	-533.4357	-563.3445	29.90878	4.410881	0.0607155	0.48263	0.367301	0.0893535	3.070155	0.6534518
15294	-533.1563	-563.1972	30.04085	4.482634	0.169791	0.345718	0.421846	0.062645	2.828987	0.7792169
15300	-531.2052	-563.9208	32.71554	0.8389008	0.366455	0.0748772	0.507592	0.0510759	2.315342	1.120199
15306	-538.215	-569.4187	31.20364	2.210497	0.449689	0.0542294	0.450728	0.0453539	2.477681	1.261598
15312	-534.522	-565.1287	30.60669	2.210497	0.230089	0.024105	0.725646	0.0201599	1.981981	2.05086
15318	-529.6162	-561.2098	31.59366	2.873577	0.293432	0.250681	0.441576	0.0143118	2.20831	0.6528723
15324	-531.8782	-562.8668	30.98865	2.873577	0.335585	0.074527	0.57544	0.0144479	1.828453	1.590524
15330	-534.7444	-558.7251	23.98069	28.76771	0.313164	0.58986	0.0898993	0.00707643	1.74776	2.332143
15336	-534.616	-562.9092	28.29319	2.681424	0.0189736	0.390175	0.357268	0.233583	1.69722	3.451438
15342	-536.8328	-566.6445	29.81169	2.50904	0.13337	0.411821	0.231978	0.222831	2.624791	2.015642
15348	-534.196	-560.6743	26.47829	2.50904	0.110198	0.684812	0.0640528	0.140937	1.740335	4.529399
15354	-534.1568	-561.8086	27.65178	1.410369	0.0530808	0.467445	0.317847	0.161627	1.406615	4.529399
15360	-534.7948	-562.9857	28.19093	8.623187	0.424123	0.303623	0.180479	0.0917747	3.001643	0.9640546
15366	-534.3598	-564.4	30.04013	3.227381	0.311849	0.329137	0.202173	0.156841	2.962998	1.28657
15372	-529.9919	-560.3324	30.34053	3.44933	0.510473	0.0567493	0.207427	0.22535	2.658709	1.185187
15378	-529.743	-560.3401	30.59713	3.650409	0.250412	0.00772233	0.630238	0.111628	1.846604	1.539344
15384	-528.5139	-559.2465	30.73262	3.650409	0.46016	0.104665	0.342702	0.0924723	1.711111	1.539344
15390	-526.7059	-557.7137	31.00777	3.329346	0.281405	0.230234	0.346357	0.142004	1.611328	1.539344
15396	-528.257	-557.8226	29.5656	3.659042	0.134934	0.152537	0.591662	0.120866	1.638099	2.373593
15402	-527.3494	-557.4422	30.09282	3.659042	0.404698	0.112778	0.235456	0.247068	1.452337	2.154424
15408	-536.8798	-559.7253	22.84551	23.68434	0.353167	0.111062	0.358762	0.177009	1.369568	3.638171
15414	-536.2888	-564.0613	27.77253	3.485404	0.372061	0.210029	0.23143	0.186479	1.396883	3.653041
15420	-543.4569	-570.5736	27.11672	13.80013	0.325794	0.00596851	0.31194	0.356298	2.301487	1.393152
15426	-539.6452	-568.3392	28.694	6.481109	0.396919	0.0344454	0.298891	0.269744	1.779296	2.052389
15432	-537.5825	-565.4297	27.84726	6.481109	0.540968	0.0318916	0.342022	0.0851191	1.641014	2.67792
15438	-540.145	-572.8349	32.68995	0.9331887	0.0697953	0.233707	0.434033	0.262464	2.168904	1.186381
15444	-538.9366	-565.4394	26.50286	12.42213	0.597784	0.0413412	0.306262	0.054613	1.98341	2.24926
15450	-540.1701	-571.4678	31.29765	2.101989	0.238736	0.566379	0.173732	0.0211536	2.988156	0.7136567
15456	-539.1852	-570.4214	31.23621	1.588987	0.166543	0.449415	0.292641	0.0914007	2.394735	1.665987
15462	-542.3312	-571.0848	28.75366	4.235233	0.116108	0.527704	0.271416	0.0847715	1.793339	2.602205
15468	-541.8415	-570.9832	29.14173	2.232239	0.161116	0.38971	0.275245	0.173928	1.046102	3.512607
15474	-537.8454	-564.2267	26.38132	1.648758	0.163787	0.600603	0.233068	0.00254214	1.061703	5.315111
15480	-542.1003	-570.6115	28.51115	3.699127	0.163787	0.600603	0.233068	0.00254214	1.327571	3.193917
15486	-533.5459	-562.2215	28.67558	2.390637	0.136498	0.305871	0.555512	0.00211859	1.844178	3.253213
15492	-532.7102	-564.2322	31.52205	2.919975	0.178502	0.399998	0.367927	0.0535726	1.861079	1.116319
15498	-536.5673	-564.7295	28.16228	7.201861	0.178502	0.399998	0.367927	0.0535726	2.099831	2.02518
15504	-536.5803	-567.0561	30.4758	2.373654	0.288696	0.432443	0.237074	0.0417873	2.004819	2.046945
15510	-533.9668	-563.3049	29.33815	4.835763	0.139415	0.404842	0.386424	0.0693192	1.380719	2.320064
15516	-538.8649	-567.3105	28.44563	2.970127	0.128833	0.369392	0.437718	0.0640575	0.9405179	3.69859
15522	-534.414	-563.1017	28.68763	4.469619	0.268006	0.068303	0.530435	0.133256	1.063887	3.01853
15528	-535.0268	-563.1625	28.13568	5.522772	0.454165	0.110125	0.220861	0.214849	1.457636	2.838161
15534	-533.7668	-563.6622	29.89542	4.15964	0.285605	0.30253	0.321216	0.0906493	1.419842	2.138253
15540	-535.0635	-563.9475	28.884	2.633199	0.287328	0.379128	0.226508	0.107036	1.473289	3.254054
15546	-535.5414	-563.2686	27.72717	6.020998	0.292169	0.385514	0.230323	0.0919936	1.986361	2.644754
15552	-536.338	-568.1928	31.85481	2.179841	0.448942	0.167696	0.356192	0.0271691	1.804264	1.297843
15558	-536.4122	-567.2385	30.82633	2.179841	0.196842	0.503455	0.235431	0.0642722	2.156771	1.799128
15564	-531.3554	-560.2944	28.93901	6.718133	0.212593	0.522475	0.221342	0.0435898	1.673483	1.90231
15570	-525.9169	-556.6496	30.73273	3.942731	0.139912	0.489884	0.14567	0.224534	1.849428	1.316034
15576	-536.789	-565.9717	29.18269	3.147483	0.141117	0.581495	0.101922	0.175466	1.772936	2.704926
15582	-532.1547	-562.7794	30.62473	4.386649	0.120938	0.737912	0.0230361	0.118115	2.06717	1.030385
15588	-532.3024	-560.6871	28.38474	8.253663	0.474514	0.139464	0.154407	0.231615	1.771497	1.86895
15594	-541.8423	-573.1936	31.3513	2.976644	0.264386	0.29682	0.398277	0.040517	2.272024	0.8322482
15600	-537.4109	-568.4397	31.02878	2.976644	0.299061	0.102935	0.542786	0.055218	2.18039	1.237809
15606	-534.7791	-561.8647	27.08563	14.42084	0.429902	0.147969	0.342753	0.079376	2.732369	0.9234983
15612	-534.1511	-562.8314	28.6803	7.844728	0.25632	0.464967	0.13863	0.140084	2.789464	0.9234983
15618	-534.8218	-565.9873	31.16553	3.588501	0.30698	0.466699	0.156695	0.069626	2.25264	0.5842985
15624	-531.4571	-560.4736	29.01649	6.868206	0.40791	0.212234	0.218281	0.161575	2.398514	1.27437
15630	-533.8539	-566.5871	32.73319	1.177533	0.0380152	0.845574	0.0520338	0.0643773	2.082808	1.004186
15636	-529.8218	-560.9409	31.11908	2.674457	0.0154037	0.532554	0.118518	0.333524	2.125632	1.361367
15642	-535.5279	-564.9541	29.42625	5.329963	0.265548	0.197168	0.456665	0.0806185	1.886609	1.786471
15648	-539.7155	-567.4173	27.70178	8.097461	0.28948	0.163405	0.460908	0.0862073	1.700964	2.393476
15654	-534.6078	-565.3116	30.70377	3.314518	0.334189	0.0718136	0.532093	0.0619043	2.144466	1.371061
15660	-540.4474	-571.408	30.96061	3.341162	0.18362	0.363522	0.345936	0.106923	2.536616	0.7101324
15666	-543.3454	-572.8044	29.45899	5.912773	0.414167	0.184129	0.0909653	0.310739	2.649052	0.9633422
15672	-536.8073	-561.004	24.19663	2.904519	0.221825	0.415405	0.280146	0.0826243	1.67794	5.689607
15678	-537.2949	-567.1673	29.87241	2.904519	0.162748	0.26155	0.46993	0.105772	1.874717	2.300593
15684	-535.5392	-564.9744	29.43517	2.617942	0.25105	0.403459	0.18233	0.163161	2.180173	2.497698
15690	-532.4881	-561.1935	28.70541	6.470514	0.289068	0.480832	0.121433	0.108667	1.671643	2.118225
15696	-530.6381	-561.3877	30.74959	3.04954	0.162583	0.327995	0.366821	0.142601	2.020118	1.54739
15702	-535.5735	-567.5755	32.00197	2.234628	0.0548635	0.632456	0.123784	0.188897	2.226168	0.6413033
15708	-538.4472	-566.9242	28.47696	6.781332	0.131943	0.641287	0.0853306	0.14144	2.3125	1.76529
15714	-532.4434	-563.3419	30.89847	3.553583	0.0138523	0.728297	0.0933068	0.164543	1.803209	1.382595
15720	-531.2827	-560.1828	28.90009	3.553583	0.0297884	0.577478	0.0388952	0.353838	1.535528	2.883069
15726	-540.3318	-566.7122	26.38041	8.300596	0.00317892	0.82091	0.00875621	0.167155	2.166714	2.883069
15732	-541.416	-566.2202	24.80424	4.146124	0.668826	0.0874538	0.0725418	0.171179	0.5254339	5.617285
15738	-542.5064	-568.4286	25.92217	6.145001	0.233873	0.274564	0.327639	0.163923	0.6463773	4.454374
15744	-538.5168	-567.8912	29.37435	6.878146	0.0100071	0.330615	0.49477	0.164608	2.100133	1.221853
15750	-539.25	-564.8752	25.62524	29.72803	0.334707	0.0349543	0.47298	0.157359	2.093401	0.609627
15756	-538.4006	-567.6118	29.21115	7.17457	0.576304	0.0526699	0.278403	0.0926235	1.866093	1.457886
15762	-543.2236	-569.007	25.78335	26.881	0.471165	0.013685	0.4338	0.0813507	1.993212	1.000652
15768	-542.5069	-570.4282	27.92127	9.754924	0.626009	0.0691458	0.199684	0.105161	1.879238	1.816059
15774	-540.6876	-566.3105	25.62287	9.754924	0.764852	0.0400078	0.0666553	0.128485	1.442604	3.513556
15780	-538.183	-564.8184	26.63539	5.408407	0.226634	0.263543	0.305632	0.20419	1.718881	3.599892
15786	-537.9122	-564.9115	26.99936	10.41015	0.271253	0.399304	0.118656	0.210787	2.05009	2.200737
15792	-544.3254	-568.726	24.40063	2.141996	0.411555	0.36965	0.0168784	0.201916	0.5951198	6.444405
15798	-539.8188	-562.3395	22.52067	7.361257	0.34794	0.168572	0.0372977	0.446191	0.5697849	6.138802
15804	-550.0971	-566.8716	16.77459	50.06176	0.39423	0.391585	0.0132141	0.20097	0.2947829	6.138802
15810	-538.8546	-563.532	24.67735	10.44127	0.594807	0.0639604	0.0429599	0.298273	0.7382818	4.354873
15816	-535.4782	-562.9195	27.44129	5.398011	0.435012	0.0917763	0.0588421	0.414369	1.328586	3.359702
15822	-537.087	-563.6903	26.60334	17.66596	0.310678	0.00938479	0.541163	0.138774	1.328586	1.92989
15828	-533.3735	-563.5614	30.18788	4.215912	0.296241	0.0115156	0.52196	0.170283	1.408989	1.933411
15834	-533.5143	-563.4056	29.89123	4.551827	0.12516	0.02003	0.77221	0.0825999	1.776853	1.775977
15840	-536.1989	-562.3272	26.12834	11.42823	0.343452	0.226582	0.0966581	0.333307	1.359778	3.010669
15846	-535.7554	-562.877	27.12159	4.611581	0.342502	0.23262	0.0963907	0.328487	0.7732532	4.062621
15852	-534.3433	-557.2314	22.88806	22.16293	0.30166	0.246605	0.0848965	0.366838	0.8055064	4.062621
15858	-536.606	-563.1045	26.49855	12.23436	0.225933	0.508102	0.0371152	0.22885	1.661065	2.48362
15864	-532.4772	-562.6807	30.20349	4.743136	0.11945	0.00772386	0.813989	0.0588371	2.1645	1.176712
15870	-533.2751	-559.7434	26.46829	11.49916	0.439615	0.00440366	0.413191	0.14279	1.504355	2.706609
15876	-528.952	-561.098	32.14605	1.943794	0.352215	0.0605324	0.492059	0.095194	2.161912	0.8477337
15882	-527.6774	-559.7511	32.0737	1.567318	0.244234	0.554536	0.16861	0.0326195	2.436788	0.9594366
15888	-535.2986	-563.3523	28.05369	8.20606	0.290513	0.497202	0.200559	0.0117256	3.247788	0.9817241
15894	-536.0542	-563.6104	27.55619	4.541459	0.360349	0.220171	0.371543	0.0479373	1.826546	3.218292
15900	-536.1432	-561.6075	25.4643	24.00713	0.598214	0.0975693	0.15384	0.150377	1.985309	1.582279
15906	-529.6696	-556.8698	27.20024	14.23603	0.47757	0.0612353	0.0965511	0.364644	1.986337	1.500932
15912	-531.8255	-561.481	29.65552	5.49406	0.394209	0.0956251	0.416557	0.0936094	1.986337	1.501309
15918	-534.8233	-564.2335	29.41022	7.070251	0.420281	0.052363	0.407141	0.120215	2.528219	0.6065606
15924	-533.0215	-562.2915	29.26999	6.809788	0.557144	0.321676	0.0287981	0.0923828	2.528219	0.9417513
15930	-543.4434	-569.8069	26.36355	2.177911	0.144065	0.603094	0.114936	0.137905	0.8509384	5.216379
15936	-535.8505	-563.0312	27.18071	5.972906	0.184458	0.772188	0.0196102	0.0237443	1.020309	3.558619
15942	-528.4201	-558.3572	29.93712	2.895888	0.511843	0.151956	0.270314	0.0658869	1.131009	2.72791
15948	-532.0246	-560.695	28.67037	2.895888	0.300123	0.304899	0.010711	0.384267	1.341651	3.360199
15954	-537.2505	-565.5234	28.27291	6.006452	0.471358	0.454447	0.00559507	0.0685995	1.15596	2.822364
15960	-538.2386	-567.8281	29.58953	5.795551	0.774133	0.0922422	0.0213045	0.11232	1.96897	1.473406
15966	-540.305	-571.2317	30.92679	3.231919	0.45603	0.340702	0.0324083	0.170861	2.227738	1.156109
15972	-538.2745	-569.5821	31.30757	1.37709	0.294343	0.454246	0.0224505	0.22896	2.104488	1.944616
15978	-536.14	-567.1992	31.0592	1.74649	0.362057	0.358536	0.204049	0.0753585	2.166846	1.858342
15984	-539.2669	-571.7469	32.48001	0.7140695	0.0455905	0.607809	0.237715	0.108886	1.260189	2.159274
15990	-533.6978	-564.1093	30.41152	1.720404	0.22728	0.405321	0.255108	0.112291	2.038049	2.381027
15996	-532.5196	-563.4419	30.92231	1.567975	0.344993	0.29363	0.292173	0.0692042	1.918947	2.211263
16002	-539.258	-569.9254	30.66735	4.017089	0.28784	0.168665	0.503743	0.039752	1.703718	1.452073
16008	-541.3758	-573.1073	31.73145	2.031185	0.165685	0.246888	0.434677	0.15275	1.372808	1.790498
16014	-543.1745	-568.724	25.54943	4.863371	0.325525	0.479157	0.0840737	0.111244	1.02073	4.746192
16020	-543.8156	-571.3487	27.53316	8.142041	0.223767	0.213988	0.514118	0.0481271	2.210409	2.16629
16026	-544.0118	-572.0998	28.08796	7.575863	0.586185	0.0466847	0.241055	0.126075	1.881582	2.136143
16032	-541.9983	-569.3875	27.38917	6.166314	0.20122	0.195042	0.510772	0.0929664	1.811116	2.924032
16038	-538.1355	-568.1626	30.02702	4.458305	0.183085	0.185753	0.613281	0.0178807	1.828412	1.674617
16044	-536.4209	-564.6548	28.23382	10.14944	0.381094	0.19321	0.224817	0.200878	1.788908	1.583668
16050	-548.5342	-578.1321	29.59795	2.363594	0.390274	0.327363	0.277017	0.00534568	1.639551	2.834754
16056	-534.1732	-565.142	30.9688	1.215875	0.244248	0.432317	0.318009	0.00542561	1.187638	2.834754
16062	-547.1503	-568.1849	21.03457	11.18621	0.350179	0.117888	0.28701	0.244923	0.7578346	6.253528
16068	-546.6522	-566.5841	19.93193	15.35199	0.19453	0.0311997	0.382893	0.391377	0.9537624	6.253528
16074	-537.0303	-561.8058	24.77548	2.595941	0.0558002	0.542838	0.377858	0.0235047	0.7120127	6.007599
16080	-540.2404	-566.3115	26.07109	4.70921	0.0540838	0.742081	0.177523	0.0263119	0.5335037	4.765364
16086	-538.7093	-565.7226	27.01332	1.996665	0.216349	0.287946	0.431718	0.0639878	1.145921	4.765364
16092	-532.4395	-559.3542	26.91466	3.1266	0.279661	0.278003	0.303772	0.138564	0.5923913	4.712916
16098	-529.358	-555.434	26.07604	4.857189	0.374186	0.131204	0.356028	0.138583	0.7561161	4.601028
16104	-532.0813	-557.8417	25.76032	5.097277	0.269223	0.47279	0.153372	0.104615	0.6242373	4.793107
16110	-533.7104	-559.6534	25.94299	5.651446	0.290417	0.322294	0.056706	0.330583	0.7738722	4.478593
16116	-536.7201	-562.7913	26.07123	5.651446	0.122562	0.793149	0.0136083	0.0706812	0.645631	4.478593
16122	-540.2398	-567.819	27.57922	5.005414	0.0380636	0.607409	0.265821	0.0887064	0.3384888	3.949499
16128	-541.9452	-568.5401	26.59484	2.808902	0.0848786	0.806874	0.0187573	0.0894902	0.3230358	5.147338
16134	-531.6911	-561.5386	29.84746	6.353711	0.611678	0.110027	0.0680329	0.210262	1.931342	1.120172
16140	-531.3203	-561.0191	29.69883	7.16814	0.67851	0.0361739	0.0723849	0.212931	2.214212	0.5815846
16146	-535.7215	-565.8434	30.12193	6.420965	0.53551	0.0352822	0.4113	0.0179081	2.060141	0.5556388
16152	-534.7243	-564.4101	29.68586	7.139255	0.475291	0.0313147	0.4775	0.0158943	2.243227	0.5556388
16158	-541.6588	-570.0755	28.41662	6.918833	0.287123	0.0856314	0.192108	0.435137	2.498613	1.642251
16164	-530.1128	-559.3417	29.22888	7.737484	0.54237	0.0569308	0.204301	0.196398	2.226606	0.9747829
16170	-533.9544	-561.7267	27.77233	8.366529	0.382298	0.276712	0.189172	0.151817	2.18015	1.983313
16176	-546.3648	-573.0577	26.6929	8.366529	0.45914	0.131332	0.227196	0.182332	1.582381	3.034564
16182	-539.9424	-564.4144	24.47198	40.31629	0.277043	0.0368963	0.137089	0.548972	2.135413	0.6657271
16188	-533.3857	-563.7716	30.38586	2.918567	0.435063	0.0158284	0.251575	0.297534	1.47888	2.219585
16194	-534.3215	-565.1054	30.78384	2.918567	0.0554857	0.561441	0.107434	0.275639	1.60753	1.870784
16200	-532.9032	-562.8167	29.9135	0.9826046	0.057124	0.578107	0.29015	0.0746187	2.110582	3.051069
16206	-531.7355	-562.5147	30.77922	2.504962	0.0538293	0.544765	0.273415	0.127991	1.690889	1.995051
16212	-534.3776	-561.6125	27.23493	9.531869	0.177924	0.0833473	0.503181	0.235548	1.914523	2.287553
16218	-536.7551	-562.5702	25.81513	4.42108	0.285305	0.150507	0.186481	0.377707	1.37172	4.513357
16224	-531.3795	-557.6244	26.24494	4.42108	0.287049	0.210075	0.353969	0.148907	0.9419161	4.513357
16230	-535.2252	-563.4746	28.24944	5.788008	0.155624	0.31521	0.14802	0.381146	1.502956	2.676383
16236	-546.2159	-572.7466	26.53074	8.597971	0.0973501	0.497597	0.217502	0.187551	1.619835	3.067543
16242	-545.7912	-568.4459	22.65461	40.09339	0.0888481	0.145428	0.558639	0.207085	2.082734	2.211135
16248	-538.1641	-562.3919	24.22781	35.15892	0.153996	0.579546	0.0250713	0.241386	2.23365	1.334928
16254	-538.7655	-562.3246	23.55913	35.15892	0.115051	0.432982	0.348787	0.103179	1.899394	2.051157
16260	-533.2438	-563.0497	29.80589	4.338162	0.271893	0.116352	0.548838	0.0629167	1.84862	1.854378
16266	-529.2904	-559.5673	30.27687	3.418545	0.054649	0.3064	0.539807	0.0991441	1.84862	1.854378
16272	-532.1095	-564.1436	32.03402	0.7782013	0.282909	0.415878	0.253398	0.0478155	2.252292	1.746209
16278	-531.0657	-560.2768	29.21108	4.252896	0.429635	0.112932	0.384819	0.0726143	1.394194	2.560784
16284	-529.9927	-559.3743	29.38165	5.096827	0.152928	0.0634054	0.7386	0.0450663	2.069544	1.758533
16290	-534.3106	-564.0283	29.7177	6.400048	0.132827	0.469093	0.18914	0.20894	2.416914	0.6953334
16296	-534.9148	-563.5599	28.64513	9.228723	0.121966	0.399489	0.279111	0.199434	1.865343	1.406072
16302	-534.515	-567.269	32.75404	1.293722	0.0860093	0.113242	0.660109	0.140639	1.865343	1.088648
16308	-530.8883	-561.8325	30.94415	3.924497	0.336035	0.225081	0.229411	0.209474	2.168669	0.8168856
16314	-532.8864	-564.245	31.35863	2.64438	0.214279	0.462128	0.262336	0.0612568	2.473122	0.8302506
16320	-537.7612	-565.5068	27.74564	6.440612	0.18991	0.516974	0.168096	0.125021	1.818053	2.640556
16326	-535.9597	-567.0587	31.09896	2.392224	0.394139	0.170147	0.421359	0.0143554	2.485017	1.237147
16332	-538.7144	-567.9835	29.26907	2.218922	0.272637	0.0931373	0.600587	0.0336385	3.31574	2.049447
16338	-539.5833	-567.9485	28.36521	4.292099	0.287671	0.155256	0.52158	0.0354933	2.661293	2.283441
16344	-540.9933	-572.861	31.8677	1.605173	0.113352	0.376532	0.494486	0.0156301	2.240243	1.294589
16350	-540.7497	-572.2599	31.5102	1.26685	0.215218	0.149128	0.623708	0.0119459	1.870912	2.032262
16356	-539.5331	-569.5867	30.05358	2.019067	0.127176	0.0413939	0.826275	0.00515571	2.044994	2.455848
16362	-538.5027	-562.0751	23.5724	12.45307	0.08412	0.100337	0.420443	0.3951	2.003011	3.98745
16368	-534.9161	-562.1705	27.25441	6.154846	0.350181	0.106036	0.37983	0.163953	1.639737	3.110106
16374	-541.6164	-571.3751	29.75866	2.61836	0.155222	0.0173914	0.644869	0.182518	3.570316	1.323016
16380	-539.7697	-567.2577	27.48801	11.2172	0.430762	0.0228646	0.397244	0.14913	3.275746	0.5306174
16386	-540.7754	-572.3796	31.60428	2.082523	0.225652	0.0197952	0.534494	0.220059	2.76719	0.5085034
16392	-543.4119	-573.3872	29.97525	3.39455	0.141292	0.388417	0.292036	0.178255	2.406531	1.684985
16398	-544.771	-571.9093	27.13834	12.60592	0.178848	0.25852	0.464598	0.0980344	2.279497	1.588912
16404	-528.5208	-559.0561	30.53537	4.117632	0.298943	0.436347	0.00989004	0.25482	1.78193	1.455063
16410	-530.1071	-560.985	30.87793	2.599049	0.0791399	0.710496	0.00785957	0.202505	1.793453	1.816618
16416	-523.8334	-556.2025	32.36907	1.635646	0.176307	0.625947	0.00950631	0.188239	2.219678	0.8021956
16422	-534.0759	-564.9683	30.89243	2.25487	0.44734	0.41335	0.0138468	0.125462	2.490647	1.472182
16428	-541.3303	-571.0906	29.76028	2.070185	0.0754452	0.6532	0.01698	0.254374	2.294059	2.459789
16434	-546.4537	-574.3695	27.91576	4.197796	0.238278	0.263172	0.410749	0.0878007	2.877927	2.459789
16440	-532.9418	-562.5871	29.64531	3.579267	0.246526	0.314702	0.331967	0.106805	2.317267	1.905658
16446	-544.1499	-574.2068	30.05685	6.045469	0.579606	0.254952	0.0229309	0.142512	2.144683	0.7952322
16452	-543.7778	-573.1217	29.34388	7.784431	0.287132	0.210662	0.0333141	0.468893	1.583273	1.419275
16458	-542.0045	-573.8548	31.85031	2.13574	0.177415	0.771376	0.0322294	0.0189794	2.47839	0.4564167
16464	-536.1787	-565.6713	29.49252	6.741002	0.334194	0.37494	0.223899	0.066967	2.080784	1.178405
16470	-538.7522	-564.9856	26.23338	10.75809	0.575053	0.0763357	0.29864	0.0499714	2.232669	2.51455
16476	-530.8131	-559.9001	29.08699	2.154051	0.289818	0.102024	0.563178	0.0449803	2.818629	2.51455
16482	-539.1659	-570.0716	30.90577	3.795268	0.2254	0.255625	0.177521	0.341454	2.414432	0.4711131
16488	-538.6902	-570.7885	32.09833	1.616	0.243485	0.0912701	0.577067	0.0881776	2.399455	0.9294921
16494	-528.9067	-561.3576	32.45092	1.616	0.151763	0.791245	0.0149642	0.042027	2.278978	0.4437608
16500	-532.5653	-565.0641	32.49881	1.616	0.0421907	0.84882	0.0639047	0.0450851	2.237919	0.5018086
