Iteration	Posterior	Likelihood	Prior	beta_scale	matrix_probs[1]	matrix_probs[2]	matrix_probs[3]	matrix_probs[4]	rate_log_sd	tree_length
0	-542.3698	-568.8577	26.48791	3.596694	0.200953	0.510454	0.170602	0.117991	1.16939	4.481149
6	-543.9603	-569.7286	25.76827	4.997307	0.241294	0.0610608	0.464974	0.232671	1.322701	4.421014
12	-550.419	-578.3504	27.93141	2.956365	0.346571	0.166221	0.413762	0.0734463	3.990651	0.03015821
18	-550.1991	-578.1305	27.93141	2.956365	0.0383742	0.66437	0.233061	0.0641947	3.990651	0.03015821
24	-540.0355	-569.913	29.87754	0.5417123	0.19041	0.608181	0.169257	0.0321524	4.031012	0.03015821
30	-541.1868	-569.224	28.03715	2.509996	0.282491	0.378682	0.324887	0.0139391	4.031012	0.0260995
36	-539.9701	-567.6535	27.68332	2.509996	0.19963	0.359853	0.427271	0.013246	4.384837	0.0260995
42	-546.747	-576.9159	30.16897	2.195642	0.185357	0.220876	0.490862	0.102905	1.586942	2.589062
48	-544.7938	-575.9847	31.19096	1.178923	0.253828	0.420143	0.29591	0.030118	1.80293	2.336903
54	-542.064	-568.1356	26.07162	5.308499	0.261345	0.463638	0.252884	0.0221323	4.384837	0.02206197
60	-540.6668	-567.1502	26.48339	2.597192	0.221822	0.25844	0.483518	0.0362198	4.768704	0.01187879
66	-537.7092	-564.582	26.87276	2.037277	0.104505	0.560333	0.280119	0.0550433	4.768704	0.01187879
72	-542.0193	-569.8404	27.82102	1.515635	0.0967067	0.498691	0.338166	0.0664363	4.973337	0.02548984
78	-538.6486	-563.5706	24.92207	5.138854	0.219953	0.54706	0.166307	0.0666798	4.973337	0.01147595
84	-539.2981	-565.9832	26.6851	2.707732	0.147736	0.69016	0.0428589	0.119245	4.462164	0.01147595
90	-529.4626	-558.5829	29.12023	1.152882	0.0621522	0.820326	0.0180306	0.0994912	4.206741	0.03163617
96	-529.1648	-556.6679	27.50316	3.950233	0.165326	0.522065	0.0479618	0.264648	4.056526	0.03678906
102	-530.1592	-558.9265	28.76727	1.895755	0.0486065	0.830686	0.0763146	0.0443927	4.05335	0.03644484
108	-533.4358	-563.0306	29.59479	0.817873	0.0820832	0.714075	0.128875	0.0749672	4.05335	0.0311395
114	-529.7091	-558.4049	28.6958	1.98264	0.102346	0.749949	0.0831359	0.0645687	3.980988	0.03353006
120	-528.3837	-556.8758	28.49213	2.351685	0.109242	0.661206	0.20192	0.0276329	3.918745	0.03353006
126	-528.2574	-556.825	28.56752	2.351685	0.290048	0.504527	0.132057	0.0733681	3.918745	0.0363611
132	-540.4088	-567.9688	27.56001	3.495824	0.208007	0.643523	0.0832717	0.0651992	4.114622	0.03221967
138	-541.5923	-568.1661	26.57378	5.89904	0.322443	0.114585	0.479363	0.0836086	4.114622	0.03628231
144	-535.9543	-561.3584	25.40411	9.107709	0.17385	0.540582	0.10927	0.176298	4.114622	0.0322935
150	-538.4674	-565.4984	27.03097	5.388182	0.296525	0.0863022	0.47898	0.138192	4.074705	0.04576293
156	-532.3213	-559.8902	27.56892	4.906731	0.495418	0.144189	0.262648	0.0977452	3.90396	0.05482592
162	-533.9814	-558.3136	24.33224	12.0396	0.493223	0.14355	0.0235179	0.339709	4.202563	0.02530389
168	-536.3786	-561.6592	25.28068	8.483183	0.532647	0.145005	0.0936359	0.228712	4.191027	0.02530389
174	-536.428	-563.5065	27.07848	9.753163	0.0962662	0.140054	0.384093	0.379587	3.323432	0.1089837
180	-533.2563	-562.5991	29.34283	3.625865	0.441936	0.131608	0.308417	0.11804	3.326771	0.1089837
186	-530.4488	-559.0116	28.56274	5.447629	0.32618	0.182393	0.227633	0.263794	3.209346	0.1022302
192	-531.2659	-560.8859	29.61997	3.282086	0.118252	0.250831	0.444019	0.186898	3.288777	0.1162724
198	-535.5225	-562.4603	26.93782	9.182431	0.183817	0.313086	0.300712	0.202385	3.396851	0.0824699
204	-528.1868	-558.7483	30.56155	1.396782	0.147422	0.639342	0.0589273	0.154309	3.396851	0.0824699
210	-531.2547	-560.4946	29.2399	3.275208	0.462908	0.293604	0.14293	0.100558	3.396851	0.0824699
216	-531.8246	-562.3195	30.49493	1.472543	0.24051	0.215424	0.506727	0.0373391	3.396851	0.0824699
222	-529.2753	-556.5204	27.24513	9.051782	0.407012	0.213388	0.3389	0.0406999	3.308852	0.1031036
228	-527.5394	-554.0652	26.52581	11.98888	0.258617	0.493609	0.123935	0.123839	3.269995	0.1031036
234	-525.548	-555.2634	29.71541	3.016458	0.276627	0.527984	0.163758	0.0316313	3.269995	0.1052126
240	-536.2447	-566.4477	30.20302	2.197722	0.0959829	0.405889	0.433199	0.0649296	3.269995	0.09929716
246	-532.8737	-562.4006	29.52691	3.695223	0.041737	0.862457	0.0804116	0.0153946	3.269995	0.1353754
252	-536.7682	-567.5095	30.74129	3.055412	0.298664	0.433712	0.157328	0.110297	1.788027	1.718205
258	-535.8183	-566.3539	30.53561	2.490977	0.414527	0.324201	0.153593	0.107679	1.496775	2.286812
264	-536.7524	-566.5867	29.83433	5.897132	0.191934	0.100678	0.367674	0.339714	2.34363	0.8941368
270	-543.0833	-572.9738	29.89049	4.784595	0.0441822	0.615844	0.181299	0.158675	1.800754	1.685473
276	-546.7318	-577.4339	30.7021	2.205345	0.0753283	0.509293	0.207651	0.207729	2.868259	1.354408
282	-535.4321	-567.1427	31.71054	1.90078	0.1779	0.0241918	0.762195	0.0357135	2.417435	1.071196
288	-535.326	-565.2397	29.91363	4.748708	0.219367	0.0406037	0.619226	0.120803	2.195621	1.387069
294	-537.3503	-568.5426	31.19235	1.691769	0.126756	0.162164	0.578337	0.132743	2.395131	1.6361
300	-535.9547	-564.3091	28.35438	6.902754	0.380709	0.167538	0.329162	0.122591	2.555051	1.650433
306	-539.5893	-570.1515	30.56214	1.74283	0.28133	0.106118	0.330345	0.282207	2.296369	2.106178
312	-532.3909	-564.7541	32.36318	1.538207	0.0367923	0.268504	0.597111	0.0975932	1.966096	1.155286
318	-540.8075	-570.0911	29.28358	5.344177	0.0890041	0.551135	0.217342	0.142519	2.885847	1.12321
324	-530.9767	-561.9918	31.01506	1.494589	0.201406	0.290676	0.463398	0.0445197	1.872979	2.221552
330	-537.5649	-568.4789	30.91398	2.824786	0.432056	0.288374	0.14923	0.130341	2.872334	0.7350155
336	-530.5801	-561.3688	30.78862	2.161737	0.194137	0.559712	0.239423	0.00672797	1.694239	2.14328
342	-528.7493	-559.6026	30.85334	4.240912	0.135366	0.405571	0.432417	0.0266456	1.948061	0.9908666
348	-535.8084	-568.6893	32.88089	1.386077	0.0380599	0.554319	0.281298	0.126323	2.052075	0.4683926
354	-532.6957	-565.5951	32.89934	1.28477	0.00848142	0.625343	0.206041	0.160136	2.126283	0.5248
360	-540.1859	-569.1021	28.9162	2.691652	0.00667052	0.705337	0.162048	0.125945	1.322481	3.301886
366	-540.7816	-571.055	30.27336	1.251489	0.00751805	0.81472	0.0734837	0.104279	1.328917	3.147533
372	-545.5746	-575.712	30.1374	1.117268	0.00241041	0.892005	0.0721507	0.0334334	1.592101	3.147533
378	-544.4681	-574.4073	29.93921	1.471244	0.00309787	0.861811	0.0921219	0.0429688	1.465515	3.147533
384	-537.5914	-566.9581	29.36662	2.474677	0.0584825	0.293696	0.48867	0.159152	1.27467	3.147533
390	-533.4896	-563.4123	29.92276	6.39861	0.395691	0.0771338	0.291192	0.235983	1.944096	1.022072
396	-535.2826	-563.1987	27.91615	8.902021	0.386574	0.0782975	0.295585	0.239543	2.212316	1.754598
402	-534.7288	-564.3924	29.66356	1.618291	0.249253	0.208916	0.343863	0.197968	1.56487	3.177881
408	-536.649	-563.2885	26.63951	8.839479	0.418358	0.122949	0.291101	0.167592	1.254558	3.177881
414	-541.6054	-569.2951	27.68971	10.04335	0.52382	0.125397	0.101996	0.248787	1.596116	2.109533
420	-536.9019	-566.6808	29.77892	7.454956	0.0397176	0.0905875	0.652087	0.217608	1.674951	1.066445
426	-533.9206	-562.4887	28.56812	12.20039	0.46589	0.281332	0.18391	0.0688684	1.839416	0.7923157
432	-535.0304	-566.1747	31.14437	3.601234	0.151799	0.525061	0.248804	0.0743355	1.91656	1.054899
438	-532.4763	-560.7389	28.2626	8.585963	0.291392	0.195865	0.362386	0.150357	1.605138	1.995841
444	-532.6474	-564.5572	31.90982	1.426669	0.0793532	0.687489	0.213447	0.0197105	1.076167	2.196552
450	-539.8215	-569.6062	29.78473	3.886587	0.568371	0.209726	0.114217	0.107686	1.013182	2.553923
456	-539.9863	-563.4452	23.45895	11.82883	0.368501	0.0709483	0.359403	0.201148	0.8632436	4.776563
462	-543.3695	-568.0217	24.65216	3.089973	0.211439	0.314802	0.430389	0.0433705	0.332743	6.114939
468	-544.0008	-565.6383	21.63745	11.0378	0.41816	0.31064	0.185427	0.0857733	0.4463764	6.114939
474	-543.8211	-567.5724	23.75135	11.0378	0.527528	0.123331	0.137894	0.211247	0.579437	4.878513
480	-538.7595	-567.7097	28.95021	1.818823	0.110699	0.359544	0.467671	0.0620856	1.172108	3.729746
486	-535.668	-565.3005	29.63247	2.458317	0.186085	0.445644	0.216643	0.151628	1.070967	3.117085
492	-541.3007	-569.3338	28.03312	2.458317	0.287347	0.327936	0.334533	0.0501847	1.328648	3.899955
498	-546.0306	-574.6968	28.66626	3.310172	0.301749	0.139189	0.479675	0.0793865	2.642373	2.427784
504	-539.3293	-567.5228	28.19346	4.293718	0.0746619	0.580032	0.283879	0.0614269	2.253901	2.646379
510	-531.4511	-562.8568	31.40567	1.558088	0.175627	0.0440057	0.667768	0.1126	1.853191	1.941628
516	-530.5188	-561.249	30.73026	1.098422	0.140526	0.443073	0.355348	0.0610533	1.550384	2.827484
522	-529.9047	-560.7258	30.82111	2.019851	0.154921	0.428646	0.382972	0.0334603	1.908577	2.049583
528	-527.0332	-556.9576	29.92438	2.805863	0.1011	0.358405	0.512518	0.0279772	1.521448	2.528979
534	-534.499	-560.6368	26.13784	7.24857	0.0554697	0.5528	0.368553	0.0231776	2.300103	3.150322
540	-542.6501	-560.2386	17.58848	59.36308	0.055538	0.203627	0.724935	0.0158993	1.723222	4.534075
546	-532.8259	-558.018	25.19203	10.21154	0.320648	0.404937	0.263214	0.0112006	1.509702	3.654027
552	-529.0577	-560.2773	31.21957	2.008127	0.288584	0.279376	0.310378	0.121662	2.38868	1.43723
558	-535.934	-567.3156	31.38166	2.008127	0.286656	0.269327	0.32673	0.117286	1.888061	1.686449
564	-540.0637	-568.1095	28.0458	9.797779	0.445144	0.255934	0.270551	0.0283711	1.638333	1.887813
570	-529.6643	-560.3269	30.6626	4.639109	0.473979	0.125339	0.285065	0.115617	1.91511	1.027622
576	-539.5823	-571.7464	32.16404	1.602608	0.227673	0.319444	0.42848	0.0244036	1.841282	1.378307
582	-534.6778	-564.8172	30.13941	2.767338	0.189552	0.404272	0.289906	0.116271	1.914747	2.157405
588	-531.8418	-564.3821	32.54032	1.535474	0.349894	0.357973	0.189177	0.102955	2.055277	0.8964656
594	-529.7224	-563.0055	33.2831	0.6750112	0.252641	0.589592	0.102507	0.0552603	2.254736	0.757193
600	-531.1863	-562.5037	31.31743	3.25284	0.302069	0.224667	0.327848	0.145416	2.254736	0.6642053
606	-534.3587	-564.2591	29.90043	5.912597	0.488606	0.0387356	0.371623	0.101035	2.459107	0.6052188
612	-527.1884	-556.6789	29.49054	6.05541	0.270968	0.0214817	0.31608	0.391471	2.737278	0.3113656
618	-536.532	-565.984	29.45201	4.28134	0.245372	0.0237617	0.250867	0.479999	3.55472	0.7160967
624	-532.861	-562.7687	29.90771	4.28134	0.203927	0.334631	0.21158	0.249862	2.616331	1.226482
630	-538.9216	-568.1117	29.19009	8.866722	0.052508	0.386237	0.0643727	0.496882	2.159801	0.6605608
636	-536.9648	-564.4248	27.45994	8.230533	0.181802	0.207061	0.438119	0.173018	1.647883	2.552561
642	-542.6303	-569.299	26.66873	15.52932	0.230782	0.250769	0.378946	0.139504	2.71175	1.136337
648	-535.5758	-565.6201	30.04424	5.438788	0.231292	0.49596	0.129019	0.143729	2.147633	1.066688
654	-532.5285	-563.6998	31.17126	3.087963	0.252516	0.568237	0.0847899	0.094457	2.165151	1.066688
660	-535.0943	-564.0729	28.97865	7.975409	0.391423	0.287898	0.174262	0.146417	2.470596	0.9005171
666	-529.6035	-560.4262	30.82273	3.382547	0.248775	0.35538	0.215109	0.180736	1.649419	1.625019
672	-534.2301	-564.369	30.13883	5.877148	0.349078	0.338518	0.168093	0.144311	1.561931	1.338236
678	-537.6766	-564.31	26.6334	5.877148	0.0869423	0.0590571	0.852574	0.00142609	1.456109	3.644844
684	-538.1778	-569.0396	30.86183	4.40207	0.366364	0.248859	0.280567	0.10421	1.511904	1.303326
690	-541.8552	-571.0028	29.14757	5.231052	0.0196123	0.717041	0.192024	0.0713231	1.66444	2.150213
696	-542.5296	-576.0234	33.49388	0.6738052	0.25538	0.544604	0.145845	0.054171	1.560362	1.250448
702	-537.974	-568.2614	30.28747	2.097918	0.289239	0.174692	0.474715	0.0613531	1.855072	2.391398
708	-544.6012	-569.7279	25.12669	3.700612	0.438445	0.367538	0.188797	0.00522033	0.8254426	5.399334
714	-529.0441	-560.7841	31.73998	2.151084	0.0596687	0.583221	0.240541	0.116569	2.564337	0.4126568
720	-527.7041	-558.7063	31.00222	3.363102	0.0649177	0.634526	0.173733	0.126824	1.795472	1.389318
726	-528.781	-557.5056	28.72459	4.586015	0.401123	0.0950135	0.423257	0.0806066	1.561294	2.661483
732	-537.8339	-569.2208	31.38694	2.485259	0.0749287	0.588953	0.15619	0.179928	2.018306	1.332086
738	-535.1915	-563.392	28.20055	12.06279	0.411416	0.131999	0.278072	0.178513	2.145977	0.9055197
744	-533.6907	-561.6664	27.97569	5.834244	0.0714068	0.812058	0.0911788	0.0253567	1.705842	2.708778
750	-532.1576	-563.6953	31.53769	2.189667	0.374234	0.226815	0.312143	0.0868067	1.876071	1.483991
756	-538.3983	-566.3901	27.99171	6.749979	0.0382557	0.247125	0.633724	0.080895	1.016064	2.911908
762	-529.377	-561.4576	32.08051	2.058035	0.430199	0.189534	0.332049	0.048218	1.723259	1.251828
768	-535.646	-563.4324	27.78635	6.920048	0.382421	0.444641	0.0598203	0.113118	1.559131	2.669908
774	-527.2424	-557.9505	30.70809	4.103003	0.0474925	0.863194	0.0562117	0.0331015	1.638761	1.43799
780	-531.9448	-562.5431	30.59825	3.167233	0.0341973	0.428162	0.500861	0.0367805	1.474606	1.986141
786	-536.1247	-565.0204	28.89566	7.23247	0.37283	0.373103	0.242398	0.0116688	1.414742	1.986141
792	-532.2743	-559.6583	27.38401	8.059882	0.392125	0.0994312	0.422253	0.0861916	1.578644	2.674965
798	-533.8997	-562.2544	28.35463	10.0571	0.712046	0.0625421	0.0589729	0.166439	1.63998	1.621871
804	-539.8352	-567.244	27.40879	10.0571	0.326429	0.159446	0.0898037	0.424321	2.404146	1.751012
810	-537.4726	-567.2021	29.72944	2.987071	0.167868	0.641837	0.156244	0.0340514	2.300632	2.084924
816	-537.2755	-568.3433	31.06785	1.263738	0.141466	0.492783	0.357482	0.0082693	2.982996	1.569704
822	-537.0503	-568.4681	31.41779	1.051322	0.0305558	0.55123	0.416428	0.00178612	3.148412	1.33105
828	-537.8825	-570.2845	32.40199	0.8200278	0.0582781	0.695697	0.242634	0.00339142	2.456473	1.284791
834	-543.3759	-575.3527	31.97682	1.027962	0.567428	0.0422011	0.359351	0.0310197	2.334244	1.544556
840	-546.1962	-576.6223	30.42608	2.549261	0.216849	0.0764031	0.650588	0.0561597	2.848856	1.401374
846	-538.3148	-568.4233	30.10847	4.338959	0.166925	0.497025	0.29282	0.0432302	2.142931	1.423547
852	-538.4879	-566.3583	27.87043	2.363527	0.496156	0.0962816	0.335848	0.0717144	1.087465	4.16723
858	-545.6761	-572.1001	26.424	3.695673	0.0621049	0.431725	0.267051	0.239119	1.735919	4.16723
864	-533.188	-564.3739	31.18593	2.040837	0.00832485	0.948385	0.011354	0.0319365	1.453314	2.098865
870	-535.0172	-562.8997	27.88252	2.845415	0.0178834	0.605963	0.307548	0.0686059	1.051869	4.001909
876	-532.7037	-561.5587	28.85494	1.764374	0.399635	0.157354	0.26915	0.173862	0.8367129	4.001909
882	-527.4644	-556.3765	28.91212	2.238801	0.0583523	0.746719	0.11317	0.0817581	1.559906	3.343518
888	-529.1261	-561.2638	32.13766	0.9368745	0.0753293	0.540056	0.296333	0.0882816	2.005034	1.731679
894	-535.2886	-565.0841	29.79555	3.997411	0.141707	0.418125	0.194832	0.245336	2.573065	1.461443
900	-530.8443	-559.4155	28.57119	7.437936	0.124406	0.394406	0.12514	0.356047	1.974151	1.779523
906	-540.5348	-562.1463	21.61152	40.70932	0.233488	0.210159	0.13862	0.417732	2.055287	2.84425
912	-535.3645	-560.3354	24.97084	21.93591	0.000617722	0.655674	0.26429	0.0794183	2.548908	1.743148
918	-527.5502	-554.6525	27.10232	12.84797	0.00196894	0.561541	0.18335	0.25314	2.328495	1.539634
924	-527.3224	-557.5679	30.24552	3.438595	0.00283452	0.808403	0.0479807	0.140782	2.312384	1.539634
930	-526.3333	-556.7882	30.45485	2.864305	0.0525154	0.768126	0.0455902	0.133768	2.413526	1.557126
936	-527.4686	-557.1027	29.63416	2.748823	0.0553744	0.809944	0.0566393	0.0780423	2.232134	2.286141
942	-532.5951	-558.9324	26.33733	7.602683	0.0534754	0.399848	0.437204	0.109473	1.199078	3.610817
948	-526.3891	-557.4777	31.08856	0.7064213	0.0134484	0.463547	0.485334	0.0376708	1.048638	3.154328
954	-523.9925	-553.1119	29.11938	4.547979	0.00804147	0.441923	0.530522	0.0195135	1.378751	2.54093
960	-532.9418	-561.4164	28.47457	3.240077	0.160671	0.462474	0.292516	0.0843394	0.9069587	3.609537
966	-530.4715	-559.3197	28.8482	5.020746	0.263714	0.586048	0.0851994	0.065039	1.043246	2.784567
972	-536.5787	-561.1983	24.61955	6.868311	0.0370023	0.699023	0.182528	0.0814464	1.533699	4.540524
978	-531.3323	-563.5574	32.22507	1.643156	0.0805898	0.722885	0.0860234	0.110502	2.062074	1.114123
984	-530.7936	-561.7782	30.98462	3.43304	0.060245	0.793453	0.0636964	0.0826061	1.855028	1.32536
990	-545.6199	-570.7074	25.0875	22.9252	0.779425	0.0527276	0.00489583	0.162951	2.352245	1.698387
996	-537.4881	-567.4376	29.94947	4.96355	0.579426	0.0426978	0.00396455	0.373912	2.497416	1.014306
1002	-537.5653	-565.6344	28.06907	8.756393	0.395295	0.372071	0.00244071	0.230193	2.980653	1.066123
1008	-531.2922	-562.0083	30.71616	5.259844	0.595853	0.0459109	0.00597573	0.352261	1.718138	0.8945035
1014	-530.9367	-562.4068	31.47013	3.144704	0.243842	0.598706	0.0132955	0.144156	1.929344	0.9721557
1020	-535.7782	-565.3379	29.55963	2.589556	0.203674	0.63051	0.0140018	0.151814	1.987319	2.551847
1026	-536.5104	-563.9852	27.47485	7.461802	0.0876585	0.194834	0.575004	0.142503	1.878451	2.551847
1032	-535.3825	-564.2288	28.84628	4.094519	0.0814852	0.496845	0.379228	0.0424417	1.311879	2.882055
1038	-528.2184	-558.8368	30.61837	2.167236	0.0394216	0.825231	0.114815	0.0205328	1.056894	2.651487
1044	-531.5644	-560.8723	29.30786	5.912764	0.0716948	0.715054	0.193692	0.0195588	1.284748	2.114032
1050	-539.205	-567.2136	28.00853	11.32964	0.344234	0.243319	0.0540152	0.358431	2.048824	1.329238
1056	-537.429	-566.3715	28.9425	8.53248	0.370799	0.55288	0.0012224	0.0750992	1.856493	1.338407
1062	-535.2668	-563.9077	28.64095	7.21453	0.293248	0.450781	0.174376	0.0815945	1.917493	1.822021
1068	-534.6929	-562.3153	27.62239	7.21453	0.149732	0.507293	0.275088	0.0678866	2.568003	2.069797
1074	-538.1679	-568.3109	30.14302	2.57925	0.406696	0.0856827	0.135154	0.372467	1.825025	2.290685
1080	-534.5343	-559.1682	24.63391	33.44745	0.439986	0.218266	0.161514	0.180234	1.939255	1.3871
1086	-532.9959	-563.6155	30.61958	3.22334	0.336559	0.190307	0.292552	0.180582	2.419511	1.258863
1092	-538.5213	-567.869	29.34772	6.942934	0.685826	0.0872924	0.0718034	0.155078	2.60628	0.6716454
1098	-534.8587	-564.9095	30.0508	3.461881	0.259046	0.360704	0.197395	0.182855	3.016709	1.118771
1104	-534.7738	-565.0341	30.26026	2.331539	0.126313	0.503669	0.104612	0.265406	2.389309	1.953638
1110	-534.2977	-564.8393	30.54167	4.427608	0.318739	0.345582	0.263978	0.0717018	2.462029	0.5597231
1116	-531.5164	-562.0746	30.55813	3.644464	0.125482	0.515724	0.351445	0.00734933	2.700399	0.8164486
1122	-545.2218	-575.5364	30.31463	5.763415	0.164467	0.40496	0.42094	0.00963266	2.034911	0.739563
1128	-537.2293	-565.7631	28.53379	9.871251	0.372122	0.0731791	0.532904	0.0217947	1.969678	1.270033
1134	-537.8351	-568.1547	30.31958	2.30282	0.464494	0.172092	0.339659	0.0237546	1.813708	2.304292
1140	-542.8112	-573.8029	30.99178	1.937156	0.431876	0.188286	0.236198	0.143639	3.478244	0.5760108
1146	-540.3686	-571.2312	30.86261	2.564667	0.403644	0.175978	0.286129	0.134249	3.136616	0.6502241
1152	-532.1736	-562.5833	30.40971	4.090906	0.39066	0.280938	0.221723	0.106678	1.649629	1.655009
1158	-537.6359	-565.017	27.38105	11.58035	0.667712	0.112161	0.128991	0.0911365	2.183402	1.655009
1164	-538.0265	-563.21	25.18344	21.60934	0.288016	0.169127	0.411849	0.131007	1.919548	2.059045
1170	-532.2143	-559.0767	26.8624	9.523596	0.171171	0.0141103	0.389141	0.425578	2.021876	2.457014
1176	-533.502	-561.7818	28.27984	5.035625	0.427452	0.156165	0.204538	0.211845	1.605287	2.784502
1182	-532.7198	-562.5905	29.87068	5.588793	0.220894	0.268544	0.14627	0.364292	2.596354	0.6543122
1188	-537.4406	-567.7451	30.3045	3.095343	0.12303	0.123186	0.618387	0.135397	2.830247	1.24105
1194	-536.0891	-567.0206	30.93142	1.607754	0.155564	0.461822	0.211413	0.171201	1.546112	2.421894
1200	-534.1659	-563.5919	29.426	3.908914	0.326591	0.382453	0.163117	0.127839	1.879128	2.22589
1206	-533.972	-562.7274	28.75541	5.745183	0.0995487	0.170144	0.558229	0.172078	2.10853	1.977795
1212	-533.0714	-561.4587	28.3873	7.615391	0.169763	0.131055	0.446131	0.253051	2.166884	1.732756
1218	-537.1452	-564.4221	27.27693	14.62983	0.45076	0.0189087	0.0906197	0.439712	2.0626	1.32032
1224	-537.2754	-565.527	28.2516	6.751131	0.495952	0.0652707	0.31281	0.125968	3.390944	1.113806
1230	-540.0553	-567.0461	26.99078	10.95119	0.215322	0.541123	0.0816261	0.161929	3.316128	1.199952
1236	-537.3421	-566.2693	28.92715	3.276979	0.275935	0.073353	0.453729	0.196983	1.756159	2.825734
1242	-534.9886	-566.2069	31.21823	1.938121	0.0343498	0.192012	0.503409	0.270229	2.088263	1.697927
1248	-541.5225	-566.4496	24.92707	11.65322	0.261455	0.309913	0.346521	0.0821109	1.640981	3.52213
1254	-540.3238	-569.3631	29.03931	1.781563	0.171521	0.262512	0.288736	0.277231	3.200893	2.481901
1260	-530.4849	-561.5774	31.09245	2.408105	0.0954551	0.305319	0.372235	0.22699	2.087706	1.544644
1266	-532.4222	-561.2766	28.85433	1.793469	0.121622	0.466313	0.131281	0.280784	1.788744	3.438779
1272	-535.0109	-567.0465	32.03557	1.393182	0.0970878	0.372245	0.306525	0.224142	2.867211	0.3945973
1278	-538.4535	-566.5583	28.10482	4.481696	0.458182	0.0789772	0.218634	0.244207	2.625401	2.414784
1284	-531.9147	-558.8096	26.89491	11.39936	0.362007	0.301633	0.134051	0.20231	1.806031	2.265587
1290	-534.4842	-562.901	28.4168	5.709569	0.366966	0.333464	0.119389	0.180182	1.829214	2.388045
1296	-536.0492	-564.7803	28.73101	4.406964	0.312107	0.490798	0.0785489	0.118546	1.558033	2.710652
1302	-532.2854	-560.6971	28.41163	4.811137	0.360281	0.543391	0.037021	0.0593068	1.69259	2.710652
1308	-532.1918	-561.1381	28.94631	4.811137	0.397334	0.236615	0.237137	0.128914	1.157901	2.710652
1314	-532.7625	-562.9326	30.17013	1.72524	0.359525	0.279583	0.280199	0.0806933	1.31098	2.974584
1320	-545.6422	-569.106	23.46385	3.878367	0.196632	0.1099	0.48046	0.213009	1.077916	6.121155
1326	-542.1833	-570.7056	28.52231	3.034298	0.119664	0.180797	0.429624	0.269915	0.9318358	3.636991
1332	-532.6981	-562.2108	29.51274	3.228744	0.132647	0.354895	0.331955	0.180504	1.425091	2.687064
1338	-536.7281	-566.8094	30.08133	3.443881	0.332629	0.215272	0.119963	0.332136	1.985747	1.884704
1344	-535.5725	-563.4211	27.84854	3.514951	0.237085	0.431169	0.0880275	0.243719	1.902854	3.303747
1350	-539.3263	-565.6948	26.36846	19.26635	0.268646	0.362193	0.165564	0.203597	1.75187	1.610196
1356	-544.2093	-572.5469	28.33761	7.287198	0.146396	0.118166	0.387738	0.347701	1.194088	2.476676
1362	-541.103	-570.9085	29.80547	1.699108	0.100201	0.35955	0.265387	0.274863	2.287774	2.614632
1368	-540.8643	-567.8137	26.94932	8.831552	0.0919637	0.317307	0.380775	0.209954	1.878471	2.614632
1374	-539.5907	-565.6998	26.10917	11.62811	0.124498	0.531723	0.205989	0.13779	1.214983	3.08001
1380	-537.7971	-566.5105	28.71345	6.539447	0.365088	0.136757	0.433777	0.0643782	1.443286	2.244949
1386	-537.3612	-563.8134	26.4522	15.10295	0.00973895	0.0714225	0.795237	0.123602	1.709467	2.092445
1392	-537.5648	-563.2424	25.67762	9.677173	0.0284768	0.199986	0.219028	0.55251	1.009404	3.745313
1398	-536.0301	-560.0442	24.01411	21.44146	0.301681	0.0861164	0.286649	0.325553	1.488023	3.072105
1404	-536.7622	-565.0422	28.27998	8.510801	0.212886	0.103487	0.344469	0.339159	2.046994	1.696088
1410	-535.4559	-563.4402	27.98438	8.998352	0.100975	0.283893	0.444439	0.170693	2.152934	1.728857
1416	-534.4102	-561.431	27.02074	9.268954	0.0718837	0.0802347	0.557072	0.29081	2.316028	2.214317
1422	-535.3552	-563.9835	28.62827	7.749805	0.368459	0.323873	0.250507	0.0571609	2.747611	1.049564
1428	-536.2609	-567.1656	30.90465	3.078266	0.270398	0.374162	0.289404	0.0660364	2.455539	1.049564
1434	-537.2121	-565.7669	28.55476	3.456304	0.242708	0.335846	0.362171	0.059274	2.853615	2.313031
1440	-533.4076	-562.3576	28.94997	2.781648	0.0925121	0.435444	0.420373	0.0516706	2.853615	2.313031
1446	-536.1313	-561.6112	25.47991	11.75713	0.283812	0.35788	0.275405	0.0829026	2.036934	2.946089
1452	-535.6586	-567.3974	31.73878	2.508802	0.0148261	0.672748	0.231424	0.081002	2.256119	0.7258094
1458	-533.5335	-564.3017	30.76818	2.658262	0.00545923	0.783794	0.157592	0.0531548	1.774943	1.878288
1464	-533.2898	-563.5283	30.23852	2.658262	0.00551913	0.781422	0.159321	0.0537379	1.401409	2.466009
1470	-541.2613	-572.6547	31.39345	1.832638	0.226801	0.50278	0.21372	0.0566994	1.917535	1.752261
1476	-531.5933	-562.6315	31.03824	2.313051	0.204999	0.403209	0.271367	0.120426	1.855442	1.795902
1482	-530.8094	-562.8266	32.01718	0.9510712	0.105653	0.716043	0.16031	0.0179948	2.019072	1.795902
1488	-529.623	-561.1635	31.5405	1.826082	0.305586	0.357288	0.303907	0.0332199	1.466761	1.963647
1494	-530.4367	-562.0381	31.60133	1.59703	0.153313	0.671367	0.158044	0.0172758	2.155552	1.569958
1500	-526.6732	-557.8083	31.13512	3.614446	0.316635	0.262428	0.398043	0.0228941	2.080257	0.8880664
1506	-524.4655	-555.9779	31.51234	1.439955	0.366811	0.375504	0.246255	0.0114302	1.519884	2.158961
1512	-526.8749	-557.0465	30.17168	2.135961	0.153151	0.727506	0.118929	0.000413783	1.834747	2.459657
1518	-530.7993	-561.0214	30.22211	5.303984	0.435477	0.512277	0.0510693	0.00117657	1.973132	1.114968
1524	-538.8618	-567.2054	28.3436	5.220343	0.465796	0.449512	0.0815301	0.00316111	1.186705	2.951732
1530	-532.301	-562.1286	29.82759	2.63176	0.128035	0.635992	0.234206	0.00176683	2.222291	2.216161
1536	-536.5719	-566.7755	30.20364	4.441718	0.120084	0.337592	0.542164	0.000160037	1.885105	1.510157
1542	-531.9495	-560.8353	28.88576	4.167216	0.252134	0.435522	0.308236	0.00410893	1.212522	2.896683
1548	-543.1987	-574.0794	30.88065	4.231967	0.408642	0.0418074	0.542321	0.0072294	1.384803	1.452092
1554	-539.1978	-569.8456	30.64788	4.649638	0.386868	0.0732285	0.513425	0.026478	2.249134	0.5769445
1560	-534.281	-564.2918	30.01087	5.89823	0.466583	0.114373	0.0762198	0.342824	2.340189	0.6408171
1566	-530.0775	-559.1299	29.05237	8.139596	0.347637	0.105805	0.0994134	0.447144	1.910791	1.302507
1572	-538.5787	-570.6888	32.11016	2.166539	0.0538541	0.492922	0.286182	0.167042	2.01805	0.8654517
1578	-540.3006	-568.6387	28.33809	5.060123	0.131726	0.627962	0.151742	0.0885703	3.534084	1.464394
1584	-540.6997	-565.7444	25.0447	5.859133	0.0440723	0.215763	0.152324	0.587841	1.024342	4.79579
1590	-531.6259	-560.5947	28.96879	3.453913	0.0755612	0.634502	0.0138992	0.276038	1.049869	3.165411
1596	-533.6592	-562.5476	28.88835	3.453913	0.049134	0.346377	0.550243	0.054246	1.096422	3.185517
1602	-532.7016	-562.0364	29.33471	5.491964	0.228744	0.216492	0.49962	0.0551437	1.769715	1.88397
1608	-535.3868	-566.7341	31.34723	2.798695	0.29167	0.451417	0.0815017	0.175411	1.768777	1.400697
1614	-539.5815	-565.607	26.02558	9.179669	0.246075	0.480475	0.0867479	0.186702	1.673397	3.235455
1620	-540.6809	-567.897	27.21615	16.19524	0.0963865	0.762473	0.0182503	0.12289	1.624575	1.472892
1626	-539.9941	-569.4987	29.50458	3.347752	0.0859968	0.738175	0.0754181	0.10041	3.490267	1.236951
1632	-543.0421	-572.7988	29.75669	3.347752	0.0457609	0.568933	0.232035	0.153271	3.24308	1.232815
1638	-537.7706	-567.0096	29.23904	3.99677	0.0741557	0.450972	0.364974	0.109899	3.417029	1.232815
1644	-533.9526	-561.0627	27.11007	18.26144	0.044593	0.873462	0.00501763	0.0769269	2.204274	0.6182624
1650	-536.4255	-568.143	31.71748	1.515479	0.146607	0.65965	0.00143196	0.192311	2.140747	1.546286
1656	-535.4892	-565.7558	30.26661	2.872146	0.072742	0.741079	0.00418617	0.181993	3.077384	1.176951
1662	-538.1573	-564.4575	26.30019	19.34909	0.735549	0.115957	0.0972551	0.0512387	2.263011	1.259002
1668	-533.0461	-564.3317	31.28562	1.856664	0.375526	0.325693	0.273163	0.0256183	1.645338	1.998659
1674	-531.1604	-559.5783	28.41792	8.376207	0.0718039	0.718378	0.191827	0.0179903	2.016578	1.648338
1680	-531.2463	-561.8353	30.58902	2.221417	0.127988	0.375459	0.326715	0.169838	1.864871	2.134306
1686	-528.8582	-559.2721	30.41398	2.45489	0.0291893	0.512766	0.346682	0.111363	1.747602	2.219319
1692	-526.37	-557.2472	30.87719	2.45489	0.0262963	0.207681	0.645574	0.120448	1.708262	1.94017
1698	-529.6407	-559.4838	29.84309	3.75482	0.0918319	0.477612	0.153557	0.276999	1.871419	2.009828
1704	-528.2596	-559.3359	31.07626	3.75482	0.5029	0.0496745	0.159574	0.287852	1.953298	1.00654
1710	-528.2185	-558.6971	30.47864	5.462663	0.532142	0.0518703	0.115411	0.300576	2.058022	0.6099232
1716	-528.0289	-556.9223	28.89337	10.63655	0.533778	0.160926	0.121236	0.184059	1.930509	0.7383802
1722	-536.5711	-568.4262	31.8551	2.447926	0.0661875	0.581437	0.343412	0.00896365	1.736115	1.198984
1728	-531.5704	-561.5864	30.01606	6.427017	0.230321	0.280959	0.457528	0.031192	1.593508	1.243616
1734	-533.3635	-563.4665	30.10306	5.174927	0.332224	0.369569	0.233701	0.0645062	1.68207	1.493155
1740	-530.1196	-561.6804	31.56077	3.072895	0.0662764	0.655194	0.164169	0.11436	2.069948	0.7435008
1746	-533.2465	-566.3207	33.07422	1.138202	0.0565356	0.854424	0.0219568	0.0670835	1.982942	0.7689253
1752	-532.9641	-562.7991	29.83504	7.089125	0.0381913	0.577186	0.223422	0.161201	2.009411	0.7689253
1758	-535.4087	-566.8258	31.4171	2.860969	0.124887	0.363887	0.343907	0.167319	1.964113	1.150342
1764	-536.6332	-567.3804	30.74727	2.727823	0.248696	0.00100331	0.385714	0.364586	2.198379	1.562951
1770	-550.1872	-574.1702	23.98299	38.01113	0.375592	0.169739	0.410077	0.0445917	1.861822	1.589972
1776	-547.2521	-573.4125	26.16035	12.42291	0.255886	0.101704	0.60493	0.0374802	1.662427	2.665885
1782	-542.2556	-568.4171	26.1615	5.911613	0.570345	0.183728	0.152524	0.0934029	1.034057	4.150038
1788	-538.8418	-565.8536	27.01179	7.949787	0.150738	0.113061	0.678723	0.0574776	1.393115	3.03406
1794	-543.1927	-569.8776	26.68492	16.72936	0.0900173	0.262561	0.601043	0.0463779	2.161945	1.392671
1800	-541.68	-568.8925	27.2125	17.25683	0.337577	0.427014	0.17332	0.0620894	2.269173	0.6359859
1806	-543.0566	-570.772	27.71545	11.02641	0.597923	0.137239	0.08231	0.182528	3.012989	0.7341841
1812	-536.5021	-564.9832	28.48104	9.298207	0.141042	0.432557	0.113823	0.312578	2.6493	0.8115077
1818	-535.4057	-564.3546	28.94884	8.612057	0.353041	0.390044	0.224723	0.0321922	2.179202	1.032054
1824	-531.3941	-561.0252	29.63112	5.326491	0.198479	0.367463	0.399903	0.034154	1.758408	1.733931
1830	-530.4465	-562.7378	32.29131	2.013041	0.0751681	0.301666	0.520806	0.10236	2.074482	0.6890095
1836	-530.5049	-560.2118	29.70688	6.343114	0.214197	0.257277	0.484866	0.0436598	2.509509	0.4962963
1842	-535.0476	-564.3887	29.34115	6.684266	0.365721	0.249982	0.306498	0.0777995	2.509509	0.9330616
1848	-530.3153	-559.4351	29.11973	7.610467	0.270038	0.0564785	0.216566	0.456918	2.265681	1.082913
1854	-527.8433	-556.1253	28.28204	9.452999	0.276456	0.283424	0.109866	0.330253	2.529723	1.102269
1860	-533.666	-562.8435	29.17743	7.305943	0.199211	0.330214	0.0988225	0.371752	2.597366	0.7638146
1866	-541.995	-571.862	29.867	3.877773	0.164568	0.256331	0.137306	0.441796	2.804104	1.270447
1872	-532.4177	-561.5563	29.13868	7.47685	0.0991927	0.225583	0.249708	0.425517	2.312582	1.062114
1878	-528.4996	-557.9966	29.49701	7.47685	0.334882	0.12734	0.397097	0.140681	2.312582	0.58322
1884	-528.3284	-557.6731	29.34466	3.911656	0.0914566	0.284946	0.391067	0.23253	2.214151	2.059511
1890	-530.4225	-561.0714	30.64894	3.061279	0.148408	0.114048	0.556247	0.181297	2.197454	1.484995
1896	-534.3448	-564.5686	30.22382	5.056179	0.0975048	0.114192	0.559424	0.22888	1.622814	1.484995
1902	-532.5759	-561.4601	28.88421	5.221316	0.416715	0.0359667	0.203402	0.343917	1.593438	2.367596
1908	-530.668	-562.0463	31.37824	2.081859	0.224764	0.0871678	0.364209	0.323859	1.580508	1.864837
1914	-534.3405	-566.0489	31.70844	2.526678	0.134791	0.508542	0.168646	0.188021	2.240922	0.7762466
1920	-534.5079	-567.5528	33.04491	1.035608	0.140664	0.390364	0.39974	0.0692318	2.096183	0.7914192
1926	-532.2724	-565.2503	32.9779	0.6885479	0.128708	0.333054	0.365762	0.172476	2.096183	1.220662
1932	-534.6954	-564.1551	29.45967	4.776327	0.31311	0.173812	0.348664	0.164413	1.377104	2.261557
1938	-542.5584	-570.7547	28.19623	2.975235	0.326346	0.148699	0.485815	0.0391401	1.402557	3.573534
1944	-536.594	-567.7946	31.20058	2.093624	0.393657	0.143085	0.230335	0.232923	2.735536	1.114408
1950	-537.4539	-567.3889	29.93497	3.460089	0.143576	0.638469	0.113794	0.10416	2.302862	1.760899
1956	-538.7756	-568.9784	30.20277	2.832095	0.138532	0.527159	0.153199	0.181109	2.400927	1.760899
1962	-536.3595	-566.7279	30.36832	5.222033	0.399316	0.00085611	0.337938	0.26189	2.001484	0.980671
1968	-534.6647	-564.0448	29.38007	7.521115	0.589725	0.000352845	0.254649	0.155273	2.345576	0.7305498
1974	-534.9378	-565.1825	30.24476	5.075561	0.402362	0.00194765	0.393166	0.202525	2.345576	0.7992129
1980	-534.4307	-563.1962	28.76548	4.894099	0.141824	0.421566	0.285078	0.151532	2.001103	2.273122
1986	-540.3235	-569.5627	29.23923	2.968279	0.181346	0.341625	0.311469	0.16556	1.94779	2.627807
1992	-545.1753	-575.5057	30.33041	3.589097	0.398391	0.311919	0.125903	0.163787	1.5915	1.929594
1998	-538.4216	-569.1512	30.72965	2.074387	0.108881	0.158098	0.703957	0.0290649	1.935357	2.065575
2004	-540.089	-569.9649	29.87594	3.425755	0.0726234	0.180943	0.727048	0.0193863	2.395001	1.750971
2010	-535.2071	-564.5755	29.36842	5.55173	0.068888	0.13897	0.790049	0.00209352	2.474959	1.327243
2016	-540.1836	-569.0064	28.82279	5.122555	0.068888	0.13897	0.790049	0.00209352	2.345526	1.944825
2022	-540.3297	-572.8456	32.51587	1.568811	0.0909936	0.183564	0.43832	0.287123	1.990193	0.9627294
2028	-537.6851	-562.098	24.41296	22.52436	0.538241	0.0782603	0.205849	0.177649	2.068029	2.373991
2034	-534.7983	-564.9549	30.15661	5.218802	0.45648	0.0263652	0.164315	0.35284	2.008478	1.173436
2040	-535.2715	-565.6069	30.33536	3.497988	0.325793	0.182971	0.485986	0.0052501	1.587683	1.961994
2046	-535.8928	-566.2652	30.37236	3.497988	0.241339	0.440022	0.100638	0.218	2.519498	1.253621
2052	-531.0114	-560.3046	29.29322	3.497988	0.462886	0.0870818	0.131096	0.318936	1.339729	2.781568
2058	-537.4836	-565.1498	27.6662	7.753248	0.454938	0.00637831	0.0632593	0.475424	1.21921	2.781568
2064	-529.3229	-559.1657	29.84276	3.097422	0.212582	0.268879	0.462977	0.0555615	1.667036	2.378086
2070	-526.4016	-558.1927	31.79103	1.848618	0.347466	0.149164	0.472032	0.0313383	1.897607	1.469019
2076	-527.1883	-559.3283	32.13998	1.071322	0.223544	0.385347	0.377624	0.0134841	1.767924	1.801772
2082	-534.4841	-562.6482	28.16414	9.386466	0.338958	0.300522	0.350004	0.0105159	2.715925	1.055905
2088	-532.6699	-563.4978	30.82789	1.762295	0.447607	0.0358067	0.505616	0.0109701	1.430551	2.480114
2094	-534.5633	-561.2155	26.65219	5.979799	0.388241	0.0661977	0.311766	0.233796	0.9289187	3.914969
2100	-537.5582	-567.3554	29.79723	3.731632	0.0921708	0.574857	0.183785	0.149187	1.839305	2.069505
2106	-538.5976	-568.5395	29.94185	1.501767	0.111805	0.487421	0.188324	0.21245	1.58391	3.059643
2112	-533.1429	-561.5857	28.44285	3.852165	0.0635282	0.267774	0.593526	0.0751718	1.711509	2.957941
2118	-538.1379	-563.6919	25.55403	15.78871	0.118231	0.498349	0.233661	0.14976	1.315769	2.82164
2124	-533.4081	-560.9792	27.5711	2.208972	0.0937814	0.0935009	0.740467	0.0722507	1.153133	4.360822
2130	-535.812	-565.7427	29.93068	2.456503	0.0874258	0.0522737	0.792946	0.0673542	1.379673	2.751944
2136	-541.464	-570.2233	28.75935	8.550821	0.0781572	0.526423	0.287512	0.107908	1.9201	1.427742
2142	-539.7018	-564.9653	25.26352	24.04566	0.00283854	0.189256	0.806373	0.00153267	1.811806	1.84305
2148	-538.2151	-566.1036	27.88848	7.686949	0.0824149	0.068469	0.810245	0.038871	2.667872	1.714931
2154	-536.9439	-566.8206	29.87676	5.722437	0.182784	0.493344	0.0655179	0.258354	1.954149	1.282037
2160	-539.4472	-567.2082	27.76098	8.104273	0.432436	0.237967	0.192416	0.137181	2.166955	2.053136
2166	-535.8339	-564.5001	28.66622	9.153989	0.259028	0.37859	0.301081	0.061301	1.539576	1.648558
2172	-534.5832	-563.4796	28.89638	4.633318	0.45432	0.191816	0.294004	0.0598601	1.526861	2.563173
2178	-530.1948	-559.7224	29.52758	2.711948	0.387501	0.156434	0.239773	0.216293	1.186429	3.011778
2184	-537.6709	-564.6218	26.9509	19.39188	0.15236	0.216489	0.331822	0.299329	1.667132	1.207037
2190	-533.6937	-562.222	28.5283	8.657881	0.149237	0.632179	0.125092	0.0934919	1.437463	1.915644
2196	-532.6012	-564.0526	31.45142	2.928839	0.156358	0.395905	0.349785	0.0979529	2.222872	0.8038607
2202	-532.4953	-561.7602	29.26495	8.10747	0.510924	0.0736066	0.307377	0.108093	2.332983	0.4007739
2208	-548.5608	-574.0814	25.5206	15.68276	0.489192	0.0514191	0.214723	0.244665	2.996952	1.776521
2214	-534.2629	-564.0163	29.75341	6.458948	0.406715	0.205572	0.207555	0.180158	1.889072	1.205966
2220	-535.0685	-562.1645	27.09607	17.63687	0.664448	0.149522	0.150964	0.0350661	2.349569	0.5165624
2226	-530.7421	-559.6742	28.93203	9.040728	0.469194	0.0602114	0.2382	0.232395	2.349569	0.345482
2232	-528.4285	-559.6505	31.22196	2.99335	0.149728	0.598089	0.173973	0.0782092	2.29769	0.9398868
2238	-530.1939	-560.3613	30.16739	4.390426	0.366942	0.131884	0.162043	0.339131	2.29769	1.232435
2244	-529.6204	-555.4744	25.85398	8.923233	0.45353	0.077415	0.25015	0.218905	0.9676048	3.790027
2250	-534.3357	-559.0718	24.73607	7.304471	0.428579	0.0055685	0.35899	0.206862	0.8338659	4.783831
2256	-533.0608	-559.788	26.72717	7.066708	0.404389	0.00317932	0.5047	0.0877323	1.128992	3.528755
2262	-526.4485	-556.4183	29.96981	2.688223	0.373656	0.121183	0.469933	0.0352277	1.239167	2.721108
2268	-530.494	-560.5777	30.08372	1.842284	0.333354	0.120649	0.440835	0.105162	1.009428	3.150767
2274	-531.8921	-563.8401	31.94807	0.7720074	0.0275518	0.420212	0.44121	0.111026	1.805511	2.110589
2280	-536.074	-568.4254	32.3514	0.6282435	0.0432027	0.350882	0.5815	0.0244156	2.295382	1.602229
2286	-536.3827	-568.6274	32.24465	1.447704	0.146421	0.409923	0.34932	0.0943353	2.514331	0.7886638
2292	-535.4542	-565.6907	30.23654	4.877837	0.0672707	0.158874	0.709088	0.0647673	2.435805	0.8044216
2298	-533.3913	-565.4347	32.0434	2.410082	0.0210271	0.657724	0.294363	0.0268867	2.048726	0.6713689
2304	-531.0053	-561.3521	30.34686	5.792857	0.0272753	0.58641	0.381832	0.00448287	1.794082	0.977596
2310	-527.2392	-558.8153	31.57608	2.903158	0.172174	0.238478	0.564459	0.0248886	2.019835	0.9163528
2316	-525.251	-557.6371	32.38602	0.6575206	0.0337446	0.29522	0.63819	0.0328455	1.954329	1.797451
2322	-529.3145	-560.9687	31.65416	0.9768804	0.0673827	0.31414	0.545811	0.072666	1.430438	2.404646
2328	-531.4665	-560.8991	29.43254	0.9703751	0.0269783	0.604359	0.262207	0.106456	1.423619	3.74344
2334	-533.4505	-562.4867	29.03628	3.198385	0.136369	0.43882	0.271964	0.152848	1.080697	3.192367
2340	-537.4072	-567.9788	30.57162	1.581674	0.126615	0.369416	0.445723	0.0582466	2.668522	1.940807
2346	-527.6114	-558.3357	30.72433	3.954351	0.166512	0.516449	0.154897	0.162143	1.948305	1.236825
2352	-529.6171	-556.7833	27.16617	17.78442	0.445533	0.364287	0.0133796	0.176801	1.948305	0.9991651
2358	-527.5161	-557.9446	30.42843	5.818569	0.379896	0.446136	0.0848234	0.0891445	1.948305	0.6525759
2364	-530.8029	-560.7164	29.91353	5.87535	0.282313	0.0850826	0.509551	0.123054	2.476746	0.461336
2370	-529.6664	-559.7884	30.12205	5.87535	0.434081	0.392625	0.121422	0.0518718	1.876011	1.085097
2376	-529.7808	-561.1612	31.38037	3.037839	0.275375	0.521532	0.134191	0.0689025	1.795911	1.234709
2382	-532.9786	-561.0932	28.11454	11.43333	0.491434	0.407012	0.0444253	0.0571281	1.877692	1.361035
2388	-528.904	-560.2817	31.37775	1.23149	0.0813261	0.613225	0.223557	0.0818923	1.589475	2.322361
2394	-532.7835	-561.8814	29.09792	2.9226	0.14239	0.211976	0.440058	0.205576	1.564564	2.964114
2400	-538.708	-563.7071	24.99907	2.86553	0.31537	0.194781	0.382007	0.107842	1.293683	5.47306
2406	-529.7233	-561.2078	31.48445	2.86553	0.231497	0.286561	0.387466	0.0944759	1.600933	1.39231
2412	-531.9569	-561.1337	29.1768	3.083836	0.0547834	0.669428	0.00696189	0.268826	1.056776	3.162765
2418	-531.1185	-559.5422	28.42376	1.433232	0.0631387	0.839971	0.0210579	0.0758323	1.231663	4.180745
2424	-524.1923	-555.3037	31.11135	3.824557	0.636755	0.0776495	0.215911	0.0696842	1.857978	1.030173
2430	-528.3732	-557.3116	28.93837	2.504209	0.0363118	0.663859	0.114864	0.184965	1.023065	3.535769
2436	-523.5053	-553.9743	30.46897	1.847063	0.199783	0.288139	0.487125	0.0249519	1.325742	2.725649
2442	-535.5045	-561.1306	25.62614	6.887631	0.516536	0.0756374	0.337169	0.0706572	1.496833	3.987337
2448	-533.7517	-559.6861	25.93433	2.412039	0.198335	0.590359	0.188693	0.0226125	0.7373923	5.425699
2454	-529.6841	-559.8709	30.1868	2.645574	0.288089	0.386721	0.274083	0.0511068	1.468036	2.461777
2460	-533.5828	-564.6725	31.08972	3.399356	0.585984	0.198757	0.111306	0.103953	2.171747	0.9652383
2466	-530.6121	-559.0832	28.47112	8.21716	0.29565	0.169771	0.248468	0.286111	2.534516	1.247889
2472	-535.6118	-565.7232	30.11142	4.141831	0.282662	0.180454	0.437554	0.0993295	2.974765	0.6958237
2478	-537.9546	-568.8419	30.88732	3.415122	0.654102	0.0603081	0.109752	0.175838	2.614615	0.3992775
2484	-538.2416	-567.0481	28.8064	2.826912	0.246779	0.174887	0.487382	0.0909523	2.492369	2.612143
2490	-539.6362	-569.7494	30.11317	3.199457	0.268757	0.377561	0.187692	0.16599	2.531553	1.574896
2496	-533.9015	-565.4272	31.52578	2.443742	0.262361	0.382659	0.233354	0.121626	1.97534	1.276928
2502	-531.093	-561.5301	30.43716	3.558454	0.0754373	0.688813	0.0873279	0.148422	2.341381	1.319489
2508	-536.335	-565.8391	29.50411	6.807693	0.128947	0.344309	0.294045	0.232699	2.036194	1.186644
2514	-536.9138	-567.7867	30.8729	2.345523	0.0904889	0.342496	0.401563	0.165452	2.158241	1.683662
2520	-543.8423	-573.0236	29.18125	3.716665	0.103323	0.265747	0.452873	0.178057	2.133384	2.283603
2526	-542.3643	-570.7111	28.34687	5.799127	0.319833	0.277528	0.0974182	0.305221	1.578392	2.566883
2532	-547.4222	-573.6271	26.2049	8.736347	0.279347	0.0566844	0.36592	0.298049	2.051389	2.979681
2538	-540.1852	-569.4034	29.21815	2.97121	0.319691	0.0757037	0.488697	0.115908	2.195329	2.485947
2544	-539.826	-565.9919	26.16591	4.688523	0.723602	0.0194838	0.245098	0.0118165	1.632284	4.097768
2550	-532.5512	-563.0763	30.52504	2.021932	0.483877	0.0478128	0.401139	0.0671712	1.238946	2.662462
2556	-532.7342	-565.1618	32.42762	1.700897	0.320481	0.0750793	0.518002	0.0864376	1.719154	1.196121
2562	-537.0199	-564.7072	27.68735	10.84219	0.147294	0.715161	0.0986526	0.0388926	1.927893	1.747355
2568	-534.5912	-565.6619	31.07066	2.395203	0.217272	0.484292	0.22704	0.0713965	1.12483	2.22351
2574	-539.153	-565.2229	26.06995	9.613515	0.086209	0.565384	0.265056	0.0833514	1.632133	3.161829
2580	-536.3965	-563.0788	26.68234	10.01952	0.114753	0.403332	0.368832	0.113084	0.9099199	3.161829
2586	-545.0317	-566.8304	21.79865	40.95055	0.185353	0.467015	0.292913	0.0547195	0.7555468	3.492291
2592	-538.7245	-568.749	30.02441	6.499363	0.137249	0.27895	0.396668	0.187133	2.056182	0.7254387
2598	-535.5379	-566.5855	31.04758	3.406347	0.119419	0.642029	0.074303	0.164249	2.215436	0.9595872
2604	-529.1937	-561.529	32.33531	1.35317	0.152461	0.247575	0.556161	0.0438038	2.359129	0.9625403
2610	-531.0372	-563.3252	32.28798	1.205818	0.0248875	0.41338	0.52837	0.0333618	2.489588	1.015749
2616	-531.352	-562.7391	31.38705	2.911227	0.0843434	0.391347	0.482247	0.0420625	2.131628	0.9923496
2622	-533.8288	-564.6967	30.86792	3.184402	0.0574113	0.398578	0.412939	0.131072	2.461531	1.019374
2628	-540.4971	-569.2192	28.72208	7.027973	0.066091	0.560135	0.307576	0.0661978	2.44119	1.43031
2634	-538.0523	-569.1902	31.13786	1.404975	0.0145242	0.329507	0.550196	0.105773	3.256199	1.199703
2640	-542.9989	-572.2651	29.26613	3.693843	0.179547	0.230578	0.526857	0.0630173	3.675165	1.120114
2646	-541.1874	-570.3204	29.13296	4.74393	0.202071	0.224248	0.512393	0.0612873	2.446814	1.776645
2652	-533.9328	-563.0392	29.10636	5.79085	0.572036	0.0344806	0.327701	0.0657823	1.294313	2.269155
2658	-536.65	-567.302	30.65201	2.291421	0.555684	0.0334949	0.346919	0.0639019	0.9642083	2.633588
2664	-535.2278	-560.7097	25.48186	7.592851	0.561526	0.122076	0.231582	0.084816	0.7781866	4.342899
2670	-535.2792	-560.8195	25.54031	7.592851	0.254436	0.254086	0.422294	0.0691829	0.8710199	4.257306
2676	-534.3259	-560.3449	26.01906	3.393902	0.539118	0.0474865	0.32901	0.0843851	0.7940796	5.014805
2682	-532.7812	-561.099	28.3178	1.492655	0.109369	0.727325	0.123488	0.0398182	0.574084	4.582484
2688	-533.1253	-558.7015	25.57617	4.306655	0.339129	0.434159	0.108092	0.11862	0.757781	5.020121
2694	-537.9709	-563.4029	25.43199	4.306655	0.344645	0.0605993	0.394552	0.200203	0.7899447	5.082285
2700	-539.6207	-567.0408	27.42008	2.432983	0.195012	0.574257	0.188683	0.0420477	0.9542689	4.470467
2706	-533.9791	-562.2369	28.25774	2.432983	0.311599	0.361392	0.31786	0.0091486	0.9279929	4.01048
2712	-534.469	-563.3705	28.90145	9.758619	0.143227	0.739519	0.0467056	0.0705478	2.032868	0.8946745
2718	-532.6776	-559.4089	26.73127	20.50585	0.315432	0.314385	0.0602566	0.309926	1.809031	1.119987
2724	-526.208	-555.3352	29.12721	4.496243	0.362255	0.377142	0.225378	0.0352246	1.372247	2.555004
2730	-523.9192	-556.7613	32.84206	1.163138	0.124813	0.522441	0.347743	0.00500299	1.782892	1.192497
2736	-527.0196	-558.7307	31.71101	0.9626585	0.19651	0.444552	0.307668	0.0512702	3.064545	1.231922
2742	-526.1196	-555.8855	29.76586	4.541633	0.242504	0.565357	0.128869	0.0632701	1.458921	2.078664
2748	-525.6378	-556.1646	30.52679	2.480105	0.330689	0.248448	0.350149	0.0707141	1.580659	2.243306
2754	-528.1256	-558.1859	30.06028	4.338159	0.563124	0.271247	0.0538563	0.111772	1.910086	1.632835
2760	-535.9998	-566.6394	30.63956	2.945959	0.353757	0.344873	0.159259	0.142111	1.841694	1.797573
2766	-537.6523	-565.313	27.66069	10.44836	0.600997	0.19277	0.108984	0.0972491	2.267418	1.595741
2772	-537.384	-566.7525	29.36846	7.168719	0.455257	0.343279	0.106463	0.0950001	1.503559	1.611616
2778	-541.9425	-566.037	24.09449	30.82298	0.445285	0.410494	0.084688	0.0595338	1.356354	2.356872
2784	-531.4141	-558.9243	27.51023	8.915892	0.387076	0.22908	0.351774	0.0320698	1.704754	2.356872
2790	-536.886	-566.411	29.52503	5.034372	0.508464	0.0191253	0.41225	0.0601602	1.923243	1.779267
2796	-536.4264	-564.9231	28.49667	3.989392	0.590982	0.0881765	0.235015	0.0858265	1.532757	2.991166
2802	-537.1155	-567.2794	30.16385	4.512146	0.300099	0.352514	0.181209	0.166179	2.216306	1.25584
2808	-543.9231	-572.4555	28.53235	11.58214	0.154255	0.667183	0.0931437	0.0854182	2.128397	0.5959193
2814	-535.3893	-564.5594	29.17	4.785777	0.1455	0.622541	0.151928	0.0800312	1.006232	2.673361
2820	-536.7259	-563.6796	26.95368	11.50486	0.116774	0.352044	0.351235	0.179947	1.281355	2.543693
2826	-538.6729	-566.684	28.01109	6.975527	0.186499	0.38547	0.140637	0.287393	1.77526	2.383036
2832	-537.3038	-565.7884	28.48466	6.975527	0.143253	0.749266	0.011559	0.0959222	1.962441	1.953214
2838	-544.1624	-573.4588	29.29644	8.663026	0.111202	0.511407	0.127101	0.25029	1.54146	1.275429
2844	-536.0166	-565.0669	29.05032	5.835983	0.136415	0.361784	0.203008	0.298793	1.687571	2.037997
2850	-541.8774	-572.4185	30.54114	2.582017	0.176327	0.545058	0.0244192	0.254195	2.756934	1.366449
2856	-546.6859	-577.802	31.1161	1.473303	0.188078	0.634967	0.0133527	0.163603	3.014606	1.366449
2862	-544.4402	-574.8563	30.41608	1.672007	0.21394	0.722281	0.0151889	0.0485903	2.483326	2.117094
2868	-540.5953	-569.4328	28.83751	5.483051	0.198369	0.486422	0.137808	0.177401	2.964073	1.382442
2874	-534.3491	-564.1528	29.80362	4.128153	0.186582	0.0652652	0.552803	0.195351	2.851592	1.177839
2880	-544.3547	-571.3726	27.01793	11.95802	0.465291	0.0241959	0.225544	0.284969	3.560736	0.4344197
2886	-550.5479	-577.3998	26.85191	11.4029	0.246468	0.0180236	0.447936	0.287573	3.866951	0.5271446
2892	-539.6026	-568.2035	28.60092	6.502438	0.0251501	0.20812	0.558658	0.208072	2.044393	1.932389
2898	-536.7607	-564.6068	27.84607	7.556293	0.0207984	0.590287	0.174589	0.214326	2.045354	2.19109
2904	-543.7322	-572.4472	28.71499	7.553538	0.276235	0.0710196	0.647861	0.00488415	2.881496	0.8866727
2910	-540.6131	-571.06	30.44685	4.813672	0.0582054	0.537131	0.36949	0.0351733	2.350666	0.6476051
2916	-536.625	-567.2929	30.66795	4.813672	0.165673	0.345345	0.102158	0.386824	1.815163	1.043187
2922	-531.1083	-557.1117	26.00346	20.7235	0.0450847	0.632043	0.0946982	0.228174	2.234918	1.346007
2928	-527.7987	-558.2492	30.45053	1.637255	0.198276	0.587436	0.0884739	0.125815	2.135887	2.337421
2934	-536.4472	-562.9134	26.46618	17.86305	0.388974	0.407796	0.111243	0.0919873	1.919825	1.588356
2940	-531.5786	-557.8999	26.32126	15.20713	0.352524	0.314653	0.213285	0.119538	1.72778	2.152765
2946	-527.8541	-557.6249	29.77086	5.949366	0.247743	0.411558	0.0297853	0.310914	1.797547	1.420146
2952	-527.8028	-557.2678	29.46505	6.120876	0.4883	0.0787677	0.0282276	0.404704	1.798658	1.599134
2958	-538.1938	-565.7651	27.57126	4.470019	0.561713	0.0906099	0.0352343	0.312443	2.845129	2.614068
2964	-538.322	-567.512	29.19	3.586947	0.177933	0.269923	0.0483878	0.503756	2.743501	1.922548
2970	-538.1495	-565.6696	27.52007	4.115352	0.412869	0.170161	0.0870291	0.32994	2.808252	2.772456
2976	-535.0517	-566.2165	31.16487	3.263071	0.409852	0.358967	0.0639158	0.167265	2.018437	1.114512
2982	-534.1241	-563.0287	28.90464	4.368583	0.195168	0.535331	0.131564	0.137938	1.853948	2.430368
2988	-535.9874	-564.7387	28.75134	1.91326	0.247898	0.453495	0.187257	0.111349	1.404876	3.66766
2994	-535.5574	-561.7885	26.23115	11.47195	0.514526	0.103927	0.150435	0.231112	2.116184	2.478533
3000	-535.1925	-563.326	28.13344	7.091382	0.168383	0.188958	0.326086	0.316574	3.1054	1.35441
3006	-535.8168	-563.0392	27.22239	10.65149	0.100941	0.49447	0.314077	0.0905119	3.638028	0.66848
3012	-540.6335	-569.8069	29.17347	7.989929	0.0980442	0.320732	0.220555	0.360669	1.934386	1.221278
3018	-537.6693	-566.6437	28.97437	7.989929	0.084703	0.60861	0.146568	0.160119	2.499196	0.8672712
3024	-540.0508	-571.2236	31.17284	3.444237	0.228918	0.512716	0.123475	0.13489	2.116439	0.9088055
3030	-538.7631	-567.7707	29.00757	3.873009	0.338893	0.149587	0.423161	0.0883594	1.100309	2.979466
3036	-539.1157	-567.5778	28.46219	5.068671	0.481075	0.0968968	0.248986	0.173042	1.086471	2.979466
3042	-545.3899	-569.4786	24.0887	5.413596	0.415433	0.0215948	0.116266	0.446706	1.139165	5.361172
3048	-542.2377	-569.4912	27.25354	5.413596	0.411915	0.0148755	0.00534505	0.567865	0.9171743	3.704995
3054	-538.5633	-564.0232	25.45998	7.222571	0.347809	0.0106621	0.469325	0.172203	1.007113	4.295106
3060	-535.4867	-559.7822	24.29544	11.25305	0.672074	0.00561845	0.235499	0.0868079	1.021743	4.295106
3066	-540.9012	-565.7263	24.82504	9.876638	0.423479	0.0567712	0.294764	0.224986	0.8452628	4.295106
3072	-538.9426	-563.6326	24.69002	5.265002	0.360289	0.293887	0.255255	0.0905688	0.6103231	5.355178
3078	-539.3562	-566.2497	26.89358	5.508411	0.310469	0.382835	0.219958	0.0867378	0.9737294	3.857506
3084	-536.0567	-565.7228	29.66616	2.871638	0.423211	0.20138	0.272634	0.102775	1.279621	2.811634
3090	-536.898	-564.3509	27.45283	3.137698	0.287063	0.332183	0.211224	0.16953	1.217644	4.052483
3096	-542.242	-570.6203	28.37832	2.267097	0.263867	0.1685	0.213141	0.354492	0.8481354	4.052483
3102	-531.6084	-561.0797	29.47134	4.740724	0.0651673	0.505772	0.385254	0.043807	1.141685	2.41402
3108	-535.3804	-561.39	26.0096	11.98836	0.359013	0.220907	0.39061	0.0294698	1.005017	3.213443
3114	-540.5456	-565.5503	25.00476	15.87812	0.107858	0.066367	0.81345	0.0123247	1.127167	3.253274
3120	-536.4963	-562.4484	25.95211	15.87812	0.49074	0.0467256	0.0387163	0.423818	1.016036	2.751389
3126	-536.1772	-564.0222	27.84502	9.744466	0.347519	0.190218	0.0663975	0.395866	1.317416	2.24183
3132	-533.76	-563.7541	29.9941	6.000953	0.264977	0.203657	0.10753	0.423835	1.907528	1.12885
3138	-535.5478	-565.3889	29.84104	3.531385	0.129785	0.512984	0.14964	0.207592	2.429343	1.710726
3144	-534.5884	-564.4112	29.82275	4.304156	0.0678864	0.447664	0.32761	0.156839	3.096761	0.8250608
3150	-533.5003	-564.4457	30.94543	3.95476	0.157554	0.360192	0.2367	0.245554	2.290292	0.5498434
3156	-531.9274	-561.724	29.79656	4.766596	0.345206	0.2868	0.162823	0.205171	2.962107	0.3113683
3162	-539.0754	-567.8084	28.73295	4.29011	0.158969	0.322286	0.182969	0.335776	4.342197	0.5136146
3168	-537.9186	-567.8839	29.96526	4.459349	0.507342	0.45908	0.0294537	0.00412394	2.237526	1.417272
3174	-535.4266	-564.978	29.55133	4.022766	0.270665	0.303089	0.360327	0.0659193	1.465207	2.373639
3180	-534.7725	-564.483	29.71049	3.323006	0.329783	0.130028	0.469851	0.0703389	1.67665	2.373639
3186	-537.7193	-568.9465	31.22725	2.130672	0.285555	0.112589	0.406838	0.195018	2.588734	1.196482
3192	-533.5291	-564.0237	30.49459	2.130672	0.517119	0.0760971	0.274975	0.131809	1.557349	2.433469
3198	-536.8202	-564.987	28.16683	9.985699	0.619494	0.153543	0.0721749	0.154789	1.858334	1.613526
3204	-542.3332	-570.0589	27.72568	13.26305	0.131442	0.526698	0.169536	0.172324	1.66865	1.499019
3210	-546.4211	-578.3987	31.97768	1.812945	0.619562	0.136639	0.232245	0.0115538	1.699202	1.499019
3216	-547.394	-577.1393	29.74528	2.212924	0.399264	0.0443268	0.544698	0.0117105	2.013828	2.579432
3222	-546.7242	-570.3649	23.64064	30.68129	0.141161	0.724941	0.121566	0.0123322	1.493343	2.565792
3228	-540.0548	-569.475	29.42023	6.230202	0.321021	0.393867	0.263446	0.0216659	1.755367	1.633195
3234	-539.3222	-572.4836	33.1614	0.7787943	0.336533	0.333741	0.304669	0.0250561	2.032902	1.026024
3240	-540.5218	-569.4384	28.91655	1.654655	0.0744957	0.348218	0.441245	0.136041	1.270695	3.768648
3246	-537.8632	-567.8085	29.94527	0.962324	0.0532615	0.66256	0.239159	0.0450188	1.514603	3.397103
3252	-530.2325	-563.125	32.8925	0.6967498	0.0169178	0.502973	0.46581	0.0142996	1.908437	1.433119
3258	-535.1846	-564.4358	29.25123	2.754855	0.0559863	0.879629	0.0207931	0.0435917	1.464938	2.994207
3264	-534.3241	-564.9838	30.65973	1.660987	0.174916	0.393713	0.370586	0.0607852	0.8411425	2.994207
3270	-536.0759	-563.9917	27.91573	4.697568	0.256696	0.375999	0.304209	0.0630956	1.310782	3.268512
3276	-536.8418	-565.5429	28.7011	1.685479	0.131304	0.375506	0.396627	0.0965634	0.6530022	4.230346
3282	-535.3422	-565.3529	30.01068	3.142761	0.243129	0.511153	0.189081	0.0566365	1.734904	2.210362
3288	-529.7026	-557.6889	27.98625	3.142761	0.484351	0.25324	0.149579	0.112829	0.982559	3.880103
3294	-535.279	-563.6716	28.39259	2.960253	0.103583	0.64194	0.0233666	0.23111	1.624497	3.334239
3300	-531.735	-559.546	27.81095	2.694591	0.142296	0.340974	0.0919595	0.42477	1.399395	3.898117
3306	-527.7994	-558.0472	30.24778	1.322043	0.0231926	0.944314	0.012399	0.0200942	1.107354	3.255553
3312	-540.0957	-566.0882	25.9925	9.469077	0.354215	0.507001	0.0618893	0.0768942	1.591227	3.255553
3318	-534.6812	-561.7928	27.11165	4.240055	0.379296	0.400541	0.144882	0.0752812	1.088632	3.987847
3324	-536.8155	-565.1584	28.3429	4.240055	0.622286	0.0451582	0.204044	0.128512	1.056018	3.292766
3330	-546.3889	-577.5631	31.17416	0.8554231	0.261061	0.472084	0.240331	0.0265244	2.008868	2.420857
3336	-541.1867	-571.3231	30.13639	3.055022	0.19359	0.328223	0.459746	0.0184414	1.632332	2.228683
3342	-532.1858	-560.6394	28.45364	1.676813	0.187441	0.75399	0.0407134	0.0178557	1.24366	4.039169
3348	-531.2542	-559.01	27.75574	2.581152	0.208517	0.554232	0.194243	0.0430079	1.281279	4.039169
3354	-539.2289	-562.5355	23.30655	27.02856	0.396516	0.201574	0.329053	0.0728567	2.111772	2.659186
3360	-534.4882	-560.639	26.15086	12.46508	0.278119	0.0493954	0.369956	0.302529	1.832245	2.560826
3366	-539.1244	-562.6395	23.51508	37.55069	0.0646156	0.711878	0.0398213	0.183685	1.433015	2.229492
3372	-533.4476	-559.7838	26.33623	16.52669	0.527991	0.351578	0.0214568	0.0989743	2.660132	1.303247
3378	-533.505	-561.2209	27.71586	6.196411	0.410477	0.310402	0.0333903	0.24573	2.136165	2.517704
3384	-529.1894	-557.512	28.32254	3.150834	0.159562	0.523248	0.200874	0.116316	1.023015	3.660216
3390	-530.618	-556.5113	25.89327	9.428946	0.763475	0.145539	0.0867382	0.00424811	1.00944	3.660216
3396	-528.9832	-557.474	28.49078	2.939206	0.302076	0.494093	0.202891	0.000941234	0.9803658	3.660216
3402	-532.0877	-563.2029	31.11526	3.136469	0.209217	0.539297	0.250971	0.000515668	1.606512	1.545055
3408	-533.9652	-566.367	32.40186	0.5641813	0.110514	0.398143	0.490962	0.000380699	1.802794	1.95683
3414	-526.7338	-556.2694	29.53559	3.761301	0.430838	0.312065	0.256799	0.000298392	1.633695	2.361343
3420	-529.8767	-560.3269	30.45021	4.149015	0.239368	0.641107	0.119031	0.00049407	1.711495	1.559969
3426	-527.7867	-558.3491	30.56238	3.305967	0.240068	0.602428	0.123556	0.0339483	1.478403	1.954464
3432	-529.2772	-559.0046	29.72735	4.816627	0.261311	0.251411	0.464138	0.0231395	1.559728	1.954464
3438	-530.6141	-559.459	28.84489	2.861086	0.385332	0.0408438	0.523519	0.0503056	1.025375	3.455775
3444	-533.5577	-558.4962	24.93851	6.818786	0.252488	0.4101	0.13572	0.201691	1.380747	4.456884
3450	-537.6825	-568.298	30.61554	5.137012	0.319095	0.0318519	0.527738	0.121315	1.47383	1.266938
3456	-537.4272	-563.2076	25.78042	8.136564	0.61125	0.010084	0.243043	0.135623	1.376908	3.732255
3462	-535.0459	-564.2774	29.23153	3.757503	0.220511	0.18031	0.474835	0.124343	2.204122	2.191922
3468	-547.2758	-570.614	23.33819	48.90126	0.309677	0.30092	0.0276184	0.361784	1.965772	1.284101
3474	-540.6696	-563.7942	23.12454	48.90126	0.46149	0.282122	0.0181844	0.238204	1.838668	1.5479
3480	-538.9125	-567.7202	28.8077	6.417469	0.178499	0.26094	0.385293	0.175269	2.447828	1.524054
3486	-533.8002	-563.5301	29.72983	5.81156	0.169051	0.50771	0.1109	0.212339	1.846573	1.455045
3492	-537.2025	-564.6744	27.47189	12.99489	0.795456	0.0194111	0.0920221	0.0931108	1.549978	1.808304
3498	-532.9112	-563.488	30.57682	0.9294557	0.00685899	0.738212	0.215438	0.0394911	1.47474	3.066789
3504	-537.0051	-563.2937	26.28864	1.494975	0.0203605	0.505765	0.356647	0.117227	1.31973	5.295551
3510	-537.5831	-562.8165	25.23343	12.68027	0.313718	0.114824	0.266787	0.304671	1.333542	3.384006
3516	-533.2844	-563.344	30.05963	4.974356	0.214645	0.530605	0.140227	0.114524	2.183474	1.196404
3522	-540.0244	-569.2806	29.25619	2.180595	0.414581	0.0933731	0.270845	0.221201	1.649094	3.111701
3528	-539.6135	-570.2558	30.6423	1.744653	0.20063	0.335205	0.231719	0.232445	1.787667	2.381046
3534	-535.8772	-566.0887	30.21152	3.81985	0.193226	0.343075	0.251546	0.212153	2.246238	1.462326
3540	-539.4516	-568.5571	29.1055	8.797001	0.464899	0.340251	0.0778426	0.117007	1.824758	1.163686
3546	-540.7346	-566.3834	25.64882	12.33338	0.212089	0.465581	0.162224	0.160106	1.729744	2.9486
3552	-533.2365	-561.3592	28.12276	5.827374	0.398773	0.0963962	0.394669	0.110162	1.202934	2.926734
3558	-531.4798	-560.6932	29.2134	6.266531	0.251427	0.041919	0.170866	0.535788	1.918015	1.65522
3564	-533.4116	-563.21	29.79839	3.472347	0.1773	0.651409	0.052399	0.118891	1.675529	2.265475
3570	-538.8815	-568.6665	29.78498	3.418567	0.257595	0.220491	0.299516	0.222398	1.850091	2.180605
3576	-536.0229	-567.3969	31.37402	2.964216	0.154592	0.13644	0.496197	0.21277	1.850091	1.231551
3582	-533.831	-562.2537	28.42261	9.950746	0.134795	0.339053	0.22037	0.305782	2.116525	1.222418
3588	-536.6063	-564.9335	28.32724	10.70064	0.191445	0.488974	0.0313249	0.288257	1.827147	1.376327
3594	-537.3282	-560.9613	23.63312	11.84046	0.0579548	0.628665	0.0957359	0.217644	1.191575	4.493381
3600	-534.9753	-563.6199	28.64451	1.039227	0.107253	0.520001	0.314147	0.0585988	0.8256148	4.493381
3606	-530.877	-560.8719	29.99489	3.997245	0.0832046	0.518095	0.353241	0.0454598	1.137567	2.308056
3612	-538.2183	-567.4332	29.21487	4.638425	0.10807	0.535198	0.0747841	0.281948	2.312756	1.845599
3618	-535.5817	-564.6034	29.02172	9.490816	0.155189	0.551968	0.0940869	0.198756	2.177208	0.595976
3624	-533.5077	-565.2462	31.73851	2.680915	0.0967861	0.279807	0.580753	0.0426536	1.961362	0.953848
3630	-529.7086	-561.6365	31.92793	1.663314	0.0427916	0.631877	0.227801	0.0975308	2.292653	1.158704
3636	-539.0835	-566.3581	27.27457	8.138175	0.0289564	0.27285	0.539095	0.159098	2.127073	2.386189
3642	-536.5126	-566.7882	30.27566	2.561909	0.113388	0.361481	0.294498	0.230633	3.329992	1.119639
3648	-537.3164	-566.4141	29.09774	6.254402	0.435603	0.279679	0.106277	0.178442	2.555551	1.260211
3654	-538.7712	-565.4264	26.65515	12.82224	0.557553	0.146354	0.122129	0.173963	2.934857	1.423784
3660	-540.2444	-566.0212	25.77684	20.26193	0.314878	0.192814	0.160898	0.33141	2.971903	0.9552881
3666	-536.6005	-564.7602	28.15975	9.028788	0.249149	0.303849	0.219485	0.227517	2.378981	1.428272
3672	-542.2015	-564.6057	22.40412	7.345061	0.271747	0.295606	0.199049	0.233599	1.255025	5.831469
3678	-539.4558	-566.5445	27.08871	3.684223	0.326662	0.343446	0.207786	0.122106	1.634451	3.848896
3684	-536.184	-564.8952	28.71118	4.83514	0.239753	0.535496	0.135297	0.0894546	1.614101	2.567707
3690	-538.2868	-568.4188	30.13207	3.918561	0.18937	0.151275	0.453693	0.205662	1.311859	2.132647
3696	-536.1936	-566.021	29.82733	4.579443	0.322817	0.0556307	0.527927	0.0936245	1.979743	1.669097
3702	-536.6851	-566.2111	29.52593	6.997726	0.220155	0.196464	0.426907	0.156474	1.5179	1.528393
3708	-538.2832	-566.1877	27.90451	6.471016	0.135016	0.564196	0.173141	0.127647	2.887615	1.84026
3714	-531.5324	-562.8053	31.27293	3.512212	0.509525	0.204557	0.211799	0.0741201	1.975759	0.9125719
3720	-525.9621	-556.6461	30.68398	1.943566	0.384065	0.415717	0.159648	0.0405698	1.633217	2.353812
3726	-529.7743	-559.9922	30.2179	2.946155	0.213176	0.586447	0.135514	0.0648627	1.465768	2.324936
3732	-537.3244	-563.0799	25.75549	28.1948	0.306453	0.451616	0.136148	0.105783	1.90502	0.9532438
3738	-541.8212	-570.0826	28.26143	11.80447	0.629862	0.0403144	0.0754839	0.254339	2.023686	1.031744
3744	-525.9042	-554.2	28.29582	2.84515	0.167579	0.517146	0.275199	0.0400764	1.072068	3.75315
3750	-536.9131	-563.8317	26.9186	9.704454	0.545128	0.0454758	0.279029	0.130367	1.011255	3.011073
3756	-533.8928	-561.3284	27.43555	7.397158	0.487584	0.093473	0.249575	0.169368	1.186124	3.011073
3762	-535.839	-562.276	26.43699	14.37068	0.275016	0.402985	0.00931193	0.312687	1.107562	2.578781
3768	-536.4324	-563.5121	27.07975	4.695906	0.497114	0.217037	0.00975741	0.276091	1.164171	3.840865
3774	-536.4704	-562.631	26.1606	11.13716	0.495534	0.134825	0.0123268	0.357314	1.292864	3.073946
3780	-538.0791	-566.0465	27.96734	5.443968	0.346817	0.26689	0.0465103	0.339783	1.422616	2.98032
3786	-538.4244	-563.5378	25.11339	25.53978	0.230098	0.554067	0.0573583	0.158477	1.394738	2.089043
3792	-535.1331	-564.5295	29.39648	6.3762	0.329256	0.47073	0.0531538	0.146861	1.647152	1.688929
3798	-537.4857	-567.3775	29.89181	3.558044	0.216646	0.159477	0.269475	0.354402	1.968113	1.982456
3804	-539.5124	-567.4964	27.98391	8.791877	0.207626	0.100913	0.385064	0.306397	1.53145	2.187456
3810	-543.7086	-574.246	30.53738	3.752019	0.0158446	0.329807	0.386377	0.267971	1.855145	1.537659
3816	-542.606	-573.6902	31.08419	1.44497	0.0862406	0.449351	0.254613	0.209795	1.943531	2.159025
3822	-534.6007	-565.0709	30.47021	3.40139	0.314543	0.482486	0.137695	0.0652767	1.460742	1.992256
3828	-542.548	-571.1707	28.62269	9.169296	0.481152	0.349084	0.122535	0.0472285	1.744747	1.527389
3834	-529.8593	-559.6317	29.77232	0.8245899	0.0668784	0.613098	0.234584	0.0854396	1.020223	3.86621
3840	-529.4735	-560.9632	31.48977	1.252662	0.198621	0.526537	0.201465	0.0733768	1.728889	2.147683
3846	-525.7903	-557.1904	31.40007	2.033277	0.157905	0.680743	0.0418372	0.119515	1.75067	1.757046
3852	-529.9787	-560.9084	30.92975	1.845153	0.191564	0.52775	0.134995	0.145692	1.775356	2.153355
3858	-530.567	-558.1639	27.59688	3.192896	0.0464273	0.658699	0.192949	0.101925	0.7138241	4.238846
3864	-529.1387	-558.8716	29.73287	1.865742	0.123723	0.542892	0.27634	0.0570453	1.259887	3.19948
3870	-530.1843	-562.147	31.96264	0.9656218	0.085277	0.306148	0.574312	0.0342635	1.16506	2.384574
3876	-533.66	-561.1199	27.4599	1.165176	0.193432	0.577888	0.195097	0.0335821	0.3711295	5.337875
3882	-538.4583	-566.8744	28.41615	3.65738	0.0603616	0.488208	0.416116	0.0353138	0.600598	3.687828
3888	-533.5695	-564.6676	31.09807	1.04225	0.105764	0.696553	0.0389237	0.158759	0.8924765	3.035573
3894	-531.6561	-559.4981	27.84196	7.756904	0.16494	0.526774	0.0607014	0.247584	1.163412	2.707507
3900	-528.0009	-559.4257	31.42478	2.319966	0.138724	0.44305	0.264601	0.153625	1.742225	1.598668
3906	-537.1082	-565.4312	28.32297	12.81745	0.0962073	0.36864	0.324559	0.210593	2.055125	0.5886359
3912	-531.5812	-561.395	29.81383	5.509147	0.43925	0.261891	0.14925	0.14961	2.055125	1.32055
3918	-535.0546	-563.7542	28.69962	7.787508	0.508666	0.141011	0.205026	0.145296	1.982169	1.60203
3924	-528.445	-556.6632	28.21814	7.787508	0.461236	0.282458	0.0796455	0.17666	1.87255	2.011346
3930	-533.4149	-563.1504	29.73549	3.711556	0.303932	0.212944	0.422117	0.0610079	2.307882	1.8022
3936	-533.2943	-564.0118	30.71759	2.002364	0.269923	0.384963	0.336622	0.00849269	1.331875	2.494458
3942	-537.2092	-566.166	28.95682	5.347336	0.327213	0.466669	0.195823	0.0102952	1.564848	2.306129
3948	-537.3062	-568.2019	30.8957	2.375654	0.147086	0.368764	0.461207	0.0229432	1.942336	1.804522
3954	-537.3475	-567.4413	30.09377	3.159806	0.1148	0.413441	0.466785	0.00497404	3.044418	1.206319
3960	-544.7624	-574.6708	29.90837	2.56554	0.0317929	0.67189	0.176277	0.12004	2.652661	1.907023
3966	-540.7881	-570.9441	30.156	1.352093	0.31317	0.245958	0.398909	0.0419633	4.03664	1.401944
3972	-536.8426	-562.5404	25.69788	11.98942	0.370853	0.0627663	0.151459	0.414922	2.51697	2.484585
3978	-535.6828	-564.5995	28.91665	2.799704	0.125403	0.473195	0.0334961	0.367906	2.604091	2.484585
3984	-533.4533	-562.6332	29.17987	2.799704	0.374433	0.338459	0.0239585	0.26315	3.90627	1.423334
3990	-531.3707	-559.6747	28.304	9.291048	0.411074	0.213312	0.00686143	0.368753	2.947059	0.4064929
3996	-535.4232	-561.8142	26.39099	15.85685	0.233069	0.445647	0.00818664	0.313098	1.920079	1.895671
4002	-533.4611	-560.5475	27.08644	13.4891	0.586401	0.297878	0.0186656	0.0970556	2.885126	0.9667764
4008	-529.84	-558.9023	29.06234	7.912351	0.409447	0.117941	0.377412	0.0952004	2.595755	0.6168588
4014	-535.9602	-568.3395	32.3793	1.378189	0.141369	0.50936	0.197968	0.151303	2.422019	0.8141671
4020	-539.8851	-571.9307	32.04558	0.6145127	0.143573	0.377425	0.201055	0.277947	2.74735	1.505141
4026	-539.2589	-567.1013	27.84236	6.736791	0.180262	0.471503	0.0950675	0.253167	2.162641	2.297029
4032	-530.746	-561.3247	30.57865	2.285648	0.377481	0.238656	0.250051	0.133813	2.445893	1.717787
4038	-529.1804	-560.6157	31.43526	2.713584	0.374983	0.484874	0.076563	0.0635802	2.041584	1.147273
4044	-527.9418	-560.5625	32.62072	0.6021644	0.108891	0.430278	0.426778	0.0340526	2.749754	1.036197
4050	-532.1593	-564.1297	31.97041	0.6391396	0.23715	0.35216	0.229453	0.181237	3.571986	0.8037066
4056	-527.4982	-559.071	31.57283	1.588319	0.352366	0.421527	0.081571	0.144536	2.016792	1.695798
4062	-537.5744	-567.9933	30.41895	3.179285	0.226298	0.347817	0.218931	0.206954	2.069576	1.695798
4068	-532.9573	-563.261	30.30373	2.203787	0.0706301	0.3564	0.478473	0.0944971	1.935457	2.281224
4074	-538.1946	-568.6996	30.50501	1.725592	0.0414186	0.780733	0.158989	0.0188599	2.115097	2.269723
4080	-540.9653	-571.6653	30.69995	2.292097	0.185613	0.0402894	0.762094	0.0120029	2.076973	1.886074
4086	-540.0132	-569.5324	29.5192	1.699881	0.39064	0.338572	0.183579	0.0872091	2.380329	2.733385
4092	-543.6097	-574.2778	30.66813	4.900415	0.128047	0.23854	0.281255	0.352158	2.06964	0.6901103
4098	-543.2829	-574.1096	30.82669	4.027357	0.0619652	0.0730715	0.757583	0.107381	2.06964	1.000768
4104	-541.3591	-571.119	29.75985	3.517124	0.244809	0.467269	0.252178	0.035744	2.142906	1.968615
4110	-545.545	-574.628	29.08292	2.261416	0.197974	0.273249	0.499871	0.0289057	1.589466	3.215906
4116	-546.5605	-574.3818	27.82127	1.773578	0.167364	0.308659	0.491326	0.0326515	1.0385	4.469416
4122	-541.3857	-570.0016	28.61585	0.9993573	0.115817	0.49915	0.33223	0.0528026	0.9332055	4.471274
4128	-544.1723	-574.9029	30.73054	0.6465997	0.137907	0.478763	0.33076	0.052569	1.002723	3.42985
4134	-543.7794	-571.216	27.43668	5.171354	0.104865	0.300699	0.465401	0.129035	1.308195	3.42985
4140	-541.7653	-571.7019	29.93658	2.543926	0.414237	0.205549	0.223078	0.157136	4.113536	0.5157196
4146	-541.0523	-568.2485	27.19622	11.91254	0.301031	0.111445	0.277758	0.309765	3.391948	0.4307106
4152	-536.6389	-565.4221	28.78318	10.70253	0.377042	0.174359	0.169441	0.279158	2.081397	0.63128
4158	-531.9262	-561.1389	29.21269	8.077089	0.149171	0.458291	0.0740257	0.318513	2.388029	0.63128
4164	-538.9828	-565.0433	26.06047	14.50214	0.123385	0.439337	0.173823	0.263455	3.23226	0.1088694
4170	-542.5013	-573.3801	30.8788	2.176906	0.312194	0.490311	0.11639	0.0811051	3.40896	0.417666
4176	-537.1437	-565.9422	28.79852	2.736518	0.157275	0.356312	0.400836	0.0855772	1.741928	3.106213
4182	-532.6451	-559.4251	26.78009	4.952011	0.311533	0.625604	0.0117282	0.0511344	4.201017	0.03271997
4188	-538.9614	-561.9509	22.98949	20.42357	0.732932	0.180212	0.046565	0.0402919	4.205078	0.03271997
4194	-537.049	-567.4085	30.35955	1.933559	0.117002	0.669084	0.0290891	0.184825	3.218339	1.502997
4200	-540.7859	-567.0465	26.26066	5.57922	0.613921	0.181818	0.0290587	0.175203	4.205078	0.02502455
4206	-533.6574	-560.763	27.10561	3.218319	0.321293	0.244398	0.227455	0.206854	4.498407	0.02535562
4212	-532.7041	-560.9698	28.26573	1.604289	0.220453	0.456988	0.249525	0.0730342	4.448475	0.02535562
4218	-532.2243	-560.1921	27.96783	2.106352	0.0833181	0.813054	0.0943055	0.00932246	4.35399	0.02535562
4224	-539.635	-567.1066	27.47158	2.846053	0.295039	0.487452	0.192787	0.0247216	4.35399	0.02535562
4230	-539.0341	-565.3788	26.34467	3.751845	0.255978	0.640014	0.0412792	0.0627294	4.45334	0.0148469
4236	-537.0876	-564.8007	27.71313	2.594236	0.237371	0.551403	0.0987177	0.112508	4.356193	0.02770795
4242	-537.1854	-563.7789	26.59349	4.436552	0.10911	0.492365	0.191566	0.20696	4.356193	0.02472001
4248	-535.7622	-561.6229	25.86069	6.035688	0.219729	0.524469	0.16852	0.0872817	4.356193	0.02324962
4254	-537.8732	-565.8783	28.00503	3.574078	0.496138	0.280608	0.0128611	0.210393	0.598831	3.950981
4260	-537.4607	-565.9298	28.46911	2.398335	0.194273	0.406907	0.00478207	0.394038	0.8441839	3.950981
4266	-540.2346	-569.2925	29.05788	4.557822	0.20439	0.611212	0.103318	0.0810797	1.07416	2.763733
4272	-537.3401	-566.6363	29.29618	5.75802	0.138522	0.518632	0.0605465	0.2823	2.044858	1.64442
4278	-536.0561	-566.6745	30.61833	0.9901774	0.0504837	0.729215	0.0893845	0.130917	1.186783	3.176971
4284	-535.8036	-567.5164	31.71284	1.364159	0.116496	0.600912	0.152785	0.129806	1.65545	1.981758
4290	-536.5048	-569.0123	32.50752	1.364159	0.042371	0.759046	0.103695	0.0948874	2.020687	1.113604
4296	-538.8196	-567.5775	28.75788	1.364159	0.0661865	0.574949	0.217225	0.141639	2.118225	3.514271
4302	-540.8456	-569.5469	28.70132	1.985846	0.147408	0.665707	0.149273	0.0376116	1.663707	3.514271
4308	-537.4959	-566.3908	28.89487	2.103145	0.204052	0.496394	0.18508	0.114475	1.383048	3.514271
4314	-544.9018	-573.0763	28.17446	1.922313	0.370775	0.272761	0.190028	0.166437	2.23886	3.514271
4320	-539.1399	-565.9304	26.79055	4.657517	0.116806	0.56777	0.134853	0.180571	2.574264	3.197439
4326	-532.1428	-560.6565	28.51364	5.808466	0.0590771	0.335452	0.413748	0.191722	1.80464	2.317425
4332	-530.6891	-559.3039	28.6148	5.732551	0.139059	0.0548899	0.470921	0.33513	1.802744	2.273059
4338	-530.2502	-556.1983	25.94806	13.67122	0.444385	0.0689791	0.271746	0.214889	1.902387	2.478722
4344	-532.6561	-560.538	27.88185	13.67122	0.491967	0.281203	0.177013	0.0498166	1.593496	1.369696
4350	-529.8364	-557.8671	28.03064	3.942374	0.15081	0.713159	0.130941	0.00509006	1.068775	3.554262
4356	-541.7222	-565.9913	24.26908	14.53564	0.0679274	0.29398	0.138271	0.499822	1.611837	3.554262
4362	-539.9527	-564.1255	24.17275	24.38002	0.524271	0.0215421	0.0281426	0.426044	2.221518	2.263466
4368	-537.0363	-565.5644	28.52816	3.981817	0.428918	0.016648	0.225181	0.329253	2.424666	2.426832
4374	-538.6784	-566.5328	27.8544	4.74522	0.481624	0.011181	0.191689	0.315506	1.680274	3.072842
4380	-533.043	-561.7458	28.70279	4.959425	0.437594	0.077245	0.0916802	0.393481	1.506952	2.605484
4386	-531.1383	-560.0845	28.9462	3.095151	0.523491	0.0135701	0.397055	0.0658839	1.883257	2.800707
4392	-531.274	-560.507	29.23299	4.209193	0.448846	0.0816225	0.322269	0.147263	1.767619	2.32549
4398	-535.3102	-562.9568	27.64665	5.878874	0.362792	0.0070233	0.597984	0.0322012	1.787842	2.848808
4404	-530.0786	-559.5001	29.42158	6.666949	0.0102959	0.600987	0.313923	0.0747944	2.268692	1.097497
4410	-531.9059	-563.9354	32.02958	1.388406	0.00521171	0.798022	0.158906	0.0378605	1.820939	1.633019
4416	-533.5984	-563.3827	29.78427	5.388072	0.00521083	0.797887	0.13074	0.0661618	1.796431	1.578719
4422	-528.4117	-557.0102	28.59855	2.636077	0.142112	0.384663	0.193615	0.27961	1.869219	3.187562
4428	-527.7875	-558.3608	30.57331	2.636077	0.0856472	0.554959	0.141772	0.217621	2.469949	1.534186
4434	-533.4851	-562.3619	28.87688	7.602757	0.509889	0.320631	0.039312	0.130168	2.544322	1.051596
4440	-534.753	-563.4479	28.69491	4.751346	0.343088	0.170168	0.393859	0.0928854	2.402201	2.099896
4446	-536.1652	-564.7383	28.57311	4.784636	0.276991	0.291385	0.291827	0.139797	2.080795	2.375775
4452	-543.3845	-573.1989	29.81437	2.761539	0.39098	0.0923852	0.515593	0.00104232	4.081949	0.4203043
4458	-547.1544	-569.8052	22.65083	41.54354	0.640012	0.0341992	0.325026	0.000762125	3.879781	0.5791105
4464	-535.0667	-559.1621	24.0954	11.8957	0.236633	0.273308	0.325017	0.165041	1.321861	4.150968
4470	-533.72	-562.7278	29.00783	5.751125	0.299087	0.317595	0.339437	0.0438803	1.37194	2.292552
4476	-538.3093	-567.8087	29.49939	2.814913	0.113554	0.352572	0.329824	0.20405	2.099433	2.429622
4482	-538.3886	-564.7726	26.38395	9.217929	0.297655	0.306405	0.286636	0.109304	1.526412	3.103521
4488	-540.7249	-568.6332	27.9083	4.052932	0.135391	0.685046	0.103344	0.076219	2.436574	2.781181
4494	-538.9031	-560.3362	21.4331	22.34741	0.429429	0.232152	0.290984	0.0474351	1.529625	4.461396
4500	-542.3275	-568.4842	26.15662	3.393719	0.23917	0.107322	0.59255	0.0609586	1.261156	4.677746
4506	-546.8342	-573.3794	26.54522	2.768347	0.507375	0.222536	0.104816	0.165272	1.241527	4.677746
4512	-535.0851	-563.2755	28.19045	2.876675	0.23228	0.276114	0.228796	0.26281	2.301492	3.083086
4518	-541.2775	-570.7084	29.43083	3.773234	0.247812	0.467754	0.0593694	0.225065	2.057863	2.152153
4524	-537.6784	-566.7243	29.04589	5.939458	0.201306	0.299631	0.366178	0.132884	3.042763	0.9727293
4530	-535.0385	-564.3321	29.29352	5.939458	0.0541827	0.472916	0.184892	0.288009	2.644665	1.117204
4536	-532.0588	-560.8461	28.78735	3.33667	0.0571837	0.740454	0.0115819	0.19078	2.100265	2.680319
4542	-538.4893	-568.7213	30.23204	1.770961	0.0980604	0.746794	0.0088795	0.146266	2.378794	2.25227
4548	-535.1064	-565.2227	30.11626	4.809481	0.419049	0.403139	0.0265148	0.151297	2.357776	1.053641
4554	-531.2162	-561.6898	30.47355	3.868902	0.240339	0.516495	0.0513199	0.191846	2.787449	0.4002374
4560	-535.4028	-563.4311	28.02822	9.986308	0.476585	0.0774136	0.193096	0.252905	2.607395	1.130213
4566	-537.2086	-566.3181	29.10952	6.139969	0.489652	0.103635	0.202949	0.203765	2.822882	1.051615
4572	-535.8428	-564.2161	28.37329	7.657675	0.496309	0.164682	0.157585	0.181424	3.020907	1.060338
4578	-533.0545	-563.2955	30.24095	3.06795	0.28802	0.29931	0.139351	0.27332	3.143088	1.032475
4584	-539.0242	-569.6376	30.61345	3.06795	0.394371	0.122715	0.0822678	0.400646	2.512883	1.261495
4590	-539.7709	-568.9385	29.16762	4.487561	0.352214	0.162442	0.284287	0.201058	2.947415	1.474293
4596	-536.0398	-568.0551	32.0153	2.077908	0.12256	0.614589	0.23782	0.0250305	2.191842	0.848169
4602	-537.5096	-567.9977	30.48802	3.792584	0.361492	0.252975	0.371699	0.0138349	2.028964	1.427821
4608	-543.5419	-572.5792	29.03724	6.952813	0.374137	0.226843	0.384701	0.0143188	2.370223	1.256308
4614	-539.396	-567.1766	27.78059	12.28732	0.591948	0.127792	0.191143	0.0891168	1.827264	1.501941
4620	-539.3336	-565.4944	26.16086	15.31687	0.155754	0.0783658	0.226884	0.538996	2.160155	1.958898
4626	-538.6258	-566.4285	27.80263	11.5704	0.0322434	0.602512	0.0469684	0.318276	2.082448	1.418943
4632	-544.4284	-574.801	30.37264	2.72493	0.357735	0.250819	0.0972039	0.294242	1.979668	1.978392
4638	-539.923	-567.2026	27.27967	13.21491	0.283439	0.0338807	0.489346	0.193334	2.886914	0.8109102
4644	-537.3135	-565.742	28.4285	7.921816	0.49337	0.12662	0.175059	0.20495	2.71059	1.212958
4650	-537.943	-566.8356	28.89259	7.921816	0.410914	0.101344	0.0949755	0.392767	2.760755	0.6214372
4656	-536.0052	-565.4257	29.42058	5.707934	0.477837	0.105452	0.0688931	0.347818	2.601347	1.12332
4662	-544.2268	-573.592	29.36517	7.20462	0.364267	0.203726	0.133096	0.298911	2.251962	0.9886785
4668	-536.6673	-564.1982	27.53088	12.69576	0.366655	0.246438	0.297639	0.089268	2.887542	0.4792975
4674	-531.6412	-562.5995	30.95825	3.336602	0.485849	0.193637	0.111351	0.209163	2.557215	0.3534803
4680	-530.6104	-562.6421	32.03171	2.338567	0.365321	0.150443	0.320876	0.16336	2.149977	0.4413903
4686	-536.6294	-569.4407	32.81137	1.345474	0.461869	0.280347	0.161653	0.0961308	2.030143	0.7999795
4692	-540.4733	-569.7792	29.30585	8.638285	0.514395	0.023754	0.230531	0.23132	2.047452	0.7673442
4698	-544.095	-572.454	28.35904	5.413982	0.302585	0.211075	0.471378	0.0149628	2.016295	2.381664
4704	-534.8326	-567.8948	33.06217	0.9741483	0.20472	0.436028	0.292021	0.0672309	1.756067	1.185642
4710	-541.5445	-569.049	27.50446	16.45694	0.194775	0.463425	0.277835	0.0639649	2.057943	0.7510945
4716	-529.1775	-560.3742	31.19669	3.915166	0.0974579	0.604867	0.265669	0.0320056	2.057943	0.5557969
4722	-530.7344	-562.5347	31.80027	2.661529	0.186053	0.691394	0.0859684	0.036584	2.11839	0.6854504
4728	-536.3563	-565.9486	29.59222	5.941242	0.255332	0.414828	0.0302664	0.299573	1.926384	1.460686
4734	-539.7589	-568.8875	29.12856	1.803065	0.430578	0.31424	0.00362592	0.251557	0.8097689	3.842905
4740	-526.0497	-556.9835	30.93377	2.433278	0.145638	0.670113	0.0952723	0.088976	1.173891	2.263397
4746	-528.9319	-556.9918	28.05988	5.719517	0.436605	0.271245	0.155321	0.13683	1.43072	2.852672
4752	-531.2207	-562.0684	30.84765	0.5447899	0.108492	0.533364	0.219574	0.13857	1.997962	2.831015
4758	-525.4614	-554.9076	29.44622	1.347634	0.150479	0.630197	0.202599	0.0167252	1.239703	3.633479
4764	-526.0643	-556.7897	30.72544	3.77597	0.319847	0.50625	0.0765309	0.0973721	1.881532	1.36444
4770	-527.05	-557.4163	30.36631	3.280917	0.187086	0.689112	0.052332	0.0714701	1.232997	2.253466
4776	-526.2269	-555.5595	29.33256	7.391203	0.513611	0.305125	0.0766214	0.104642	1.462318	1.613514
4782	-534.2882	-561.951	27.66276	7.391203	0.197795	0.407037	0.0767024	0.318466	1.253633	2.834479
4788	-540.2377	-568.6362	28.3985	7.391203	0.501532	0.161167	0.149529	0.187772	2.381224	1.624477
4794	-539.7267	-566.9164	27.18975	1.129635	0.126087	0.664109	0.178908	0.0308966	1.166613	5.066114
4800	-531.4369	-561.8641	30.42718	4.207815	0.309628	0.244565	0.380054	0.0657533	2.011754	1.325645
4806	-538.8539	-568.264	29.41017	4.264263	0.0437996	0.545869	0.12143	0.288901	1.897784	2.109863
4812	-535.8633	-567.6249	31.76162	1.587835	0.0392434	0.77256	0.0772476	0.110949	1.701201	1.785044
4818	-533.6709	-563.7132	30.04232	1.580979	0.0323164	0.376408	0.409109	0.182167	2.27236	2.537958
4824	-534.171	-563.1642	28.99321	6.438542	0.232954	0.271896	0.342599	0.152551	1.616002	1.972273
4830	-536.2261	-568.162	31.93598	1.345734	0.0708555	0.571163	0.271473	0.0865083	2.349075	1.33363
4836	-538.9066	-570.8302	31.92356	1.345734	0.226285	0.290998	0.398746	0.083972	2.361492	1.33363
4842	-537.4767	-568.58	31.10338	2.761125	0.103717	0.166789	0.635354	0.0941401	2.08188	1.364884
4848	-544.0092	-574.748	30.73886	3.453011	0.0920816	0.122063	0.564076	0.22178	2.265882	1.178668
4854	-533.694	-561.4603	27.76627	12.96125	0.316112	0.0964121	0.25521	0.332266	2.500562	0.7484652
4860	-533.7287	-562.9434	29.21473	7.551439	0.295217	0.238131	0.0631064	0.403546	2.538108	0.6649737
4866	-538.7868	-567.9447	29.15792	4.739278	0.293788	0.115253	0.236726	0.354234	3.285551	1.111192
4872	-547.8396	-576.6794	28.83984	6.171837	0.0211923	0.702141	0.0184686	0.258198	1.825813	2.000536
4878	-548.2342	-575.6175	27.38328	13.29855	0.163421	0.796827	0.0209592	0.0187928	1.7836	1.659867
4884	-559.0572	-586.6376	27.58038	4.56197	0.607381	0.0856662	0.0236972	0.283255	1.208961	3.560833
4890	-535.4287	-563.6309	28.20223	8.841376	0.343624	0.255611	0.35749	0.0432761	1.979852	1.729368
4896	-538.8969	-566.2923	27.39536	2.568726	0.517181	0.321613	0.134003	0.0272036	1.297082	4.239754
4902	-544.0034	-568.4471	24.44374	15.70775	0.162364	0.0428801	0.4413	0.353456	0.810778	3.783672
4908	-538.0806	-563.7936	25.71296	5.84923	0.11376	0.572713	0.254809	0.0587172	1.311645	4.260798
4914	-538.0491	-566.3543	28.30517	8.031039	0.121094	0.28511	0.48259	0.111206	2.003439	1.811629
4920	-534.2291	-562.6673	28.43814	6.279664	0.0068621	0.658053	0.282885	0.0521996	1.463069	2.467524
4926	-538.0308	-570.094	32.0632	1.454881	0.00604504	0.699566	0.28764	0.00674862	2.195633	1.276277
4932	-528.8641	-559.0524	30.18829	3.649646	0.0285538	0.702079	0.232008	0.0373585	2.875904	0.1941988
4938	-534.2522	-565.5072	31.25501	2.383803	0.261961	0.0289244	0.686865	0.0222499	2.70007	0.2451742
4944	-533.811	-559.4342	25.62312	9.712275	0.202487	0.484491	0.295824	0.0171984	2.069866	3.15118
4950	-526.7097	-557.6807	30.97097	2.457621	0.0753908	0.40463	0.500386	0.019593	2.439782	1.342474
4956	-525.9949	-554.6483	28.65338	10.51028	0.247106	0.576253	0.168141	0.00849989	2.020821	0.9613101
4962	-524.7376	-555.7978	31.06026	1.794947	0.3507	0.155871	0.483581	0.00984882	1.443462	2.308642
4968	-531.8138	-560.3201	28.50627	8.916392	0.146181	0.295147	0.503952	0.0547202	1.715656	1.685775
4974	-529.6563	-561.2259	31.56959	2.318408	0.125575	0.653207	0.100114	0.121104	1.477335	1.685775
4980	-539.7626	-569.8221	30.05944	1.104489	0.11126	0.578742	0.252783	0.0572147	1.190278	3.43771
4986	-541.1614	-570.9597	29.79831	5.460685	0.351489	0.412378	0.164229	0.0719041	2.657241	0.7625541
4992	-535.5376	-565.533	29.99538	5.460685	0.180797	0.55216	0.185727	0.0813166	1.831193	1.369979
4998	-533.9556	-563.4218	29.46617	5.460685	0.189309	0.574188	0.0776921	0.158811	2.713106	1.070111
5004	-534.3311	-562.208	27.87692	12.54223	0.337963	0.441237	0.0836112	0.137189	1.880986	1.341385
5010	-537.3232	-564.9118	27.58851	6.004109	0.105871	0.466224	0.214161	0.213744	1.819385	2.835645
5016	-537.9404	-568.4138	30.47341	1.421491	0.0960684	0.26593	0.523374	0.114627	1.480537	2.844024
5022	-537.7519	-567.3119	29.56	3.56761	0.0942577	0.118299	0.582767	0.204676	1.823047	2.29054
5028	-545.82	-577.8335	32.0135	2.380097	0.028869	0.12163	0.639063	0.210438	1.701029	1.131289
5034	-535.0658	-564.5114	29.44561	4.43046	0.160869	0.551366	0.125325	0.162439	1.595868	2.231705
5040	-532.0758	-560.5313	28.45549	5.442068	0.311108	0.279573	0.242369	0.16695	2.14321	2.231705
5046	-532.6697	-562.4997	29.82997	4.362586	0.205585	0.293295	0.400471	0.100649	3.037707	0.8547528
5052	-532.5131	-559.2494	26.73625	4.362586	0.112054	0.46153	0.218277	0.20814	2.682106	3.246702
5058	-532.7843	-562.2888	29.50457	4.362586	0.0875869	0.360755	0.388965	0.162692	2.701525	1.449689
5064	-532.1501	-562.1414	29.99126	3.230783	0.0876045	0.747407	0.0424135	0.122575	1.532043	2.320386
5070	-536.1209	-564.873	28.75207	8.478797	0.129997	0.396079	0.316819	0.157106	1.303238	1.891152
5076	-534.9961	-562.1127	27.11663	5.807082	0.655917	0.0554281	0.116696	0.171958	1.27036	3.48774
5082	-535.2653	-564.3855	29.12013	9.390017	0.529281	0.0129835	0.318976	0.138759	1.575986	1.219333
5088	-532.643	-561.8262	29.18315	3.876039	0.202422	0.404911	0.33723	0.0554379	1.123746	2.858452
5094	-533.4182	-562.9721	29.55389	6.15369	0.385993	0.0426916	0.288231	0.283085	1.443748	1.779379
5100	-527.373	-557.2033	29.83032	6.15369	0.295046	0.396061	0.17332	0.135573	1.793865	1.31483
5106	-534.8377	-565.2021	30.36436	4.527995	0.174762	0.377457	0.285863	0.161918	1.793865	1.427028
5112	-542.0747	-573.2215	31.14685	1.865346	0.305252	0.123188	0.321866	0.249694	2.986063	1.092118
5118	-536.5882	-568.5981	32.00983	2.259384	0.110687	0.576912	0.213844	0.0985573	1.795564	1.124912
5124	-534.1604	-565.1095	30.94904	3.674416	0.0846398	0.683485	0.0177635	0.214112	1.966243	1.152498
5130	-542.1077	-573.5858	31.47803	2.146657	0.479371	0.0917152	0.0451231	0.383791	1.944462	1.500705
5136	-534.3409	-561.1848	26.84389	6.296383	0.22276	0.0363009	0.564511	0.176428	1.213315	3.571282
5142	-541.6909	-570.6402	28.94925	4.00855	0.0710527	0.536233	0.00746844	0.385246	1.298664	2.85358
5148	-547.3389	-578.6402	31.30125	1.369173	0.0679064	0.366168	0.0562588	0.509666	2.965076	1.331736
5154	-540.0634	-568.2219	28.15853	3.781339	0.027272	0.745446	0.0225942	0.204688	1.665619	3.177061
5160	-534.2341	-562.3802	28.14615	3.588249	0.326884	0.218997	0.374724	0.0793945	1.160114	3.541227
5166	-541.3807	-567.5012	26.1205	3.445593	0.398837	0.135982	0.402394	0.0627876	1.399935	4.604149
5172	-540.0165	-566.1126	26.09607	2.602849	0.236308	0.198554	0.473458	0.0916796	1.101444	5.065008
5178	-539.7737	-565.4994	25.72566	3.638012	0.366631	0.141836	0.411794	0.0797391	1.338463	4.801196
5184	-538.9178	-563.3827	24.46487	7.678188	0.178411	0.466798	0.292916	0.0618748	0.951266	4.801196
5190	-539.0472	-564.656	25.60874	5.477624	0.163889	0.128336	0.485918	0.221857	1.672751	4.199101
5196	-543.8594	-573.1262	29.26687	2.224136	0.23505	0.057179	0.69587	0.0119009	2.142908	2.789206
5202	-539.9064	-567.99	28.08359	3.742951	0.354939	0.129097	0.49088	0.0250836	1.3241	3.434206
5208	-539.1284	-565.6308	26.50236	10.98601	0.273832	0.320533	0.389655	0.0159809	1.620173	2.691756
5214	-538.7247	-564.8792	26.15449	12.13255	0.151818	0.702264	0.110904	0.0350131	1.692826	2.691756
5220	-541.3626	-565.1473	23.78465	10.98468	0.249529	0.0136181	0.407899	0.328954	2.930923	3.531108
5226	-535.1147	-563.9519	28.83718	6.252854	0.340892	0.0186043	0.0469142	0.593589	1.606909	2.126759
5232	-534.6963	-561.593	26.89671	16.98066	0.474555	0.0154619	0.0166556	0.493328	2.005999	1.312329
5238	-534.2683	-561.8745	27.60616	6.714552	0.27142	0.461726	0.196111	0.0707434	2.171673	2.445958
5244	-534.0506	-560.875	26.8244	17.40493	0.136486	0.647664	0.117412	0.0984371	2.090762	1.239973
5250	-530.589	-559.0821	28.49311	11.12169	0.255997	0.0782039	0.316628	0.349171	2.098235	0.8834975
5256	-531.7031	-561.1772	29.47416	7.136658	0.323868	0.115304	0.266708	0.29412	1.986087	1.15741
5262	-531.1641	-559.5204	28.3563	7.374202	0.260079	0.14149	0.547721	0.0507097	2.038583	1.897352
5268	-537.1001	-566.218	29.11792	4.057022	0.30488	0.389606	0.05251	0.253004	2.073994	2.250864
5274	-535.5764	-565.626	30.04958	3.967068	0.25973	0.635468	0.0495194	0.0552828	1.860319	1.803608
5280	-534.7831	-563.5636	28.78045	4.73112	0.372482	0.540068	0.0710164	0.0164333	1.906857	2.369793
5286	-527.5571	-557.2153	29.65811	5.446876	0.455621	0.0482246	0.483742	0.0124129	2.34266	1.233052
5292	-542.5563	-570.8827	28.32644	1.310481	0.0144074	0.862431	0.00137505	0.121787	0.5977771	4.655078
5298	-544.7085	-574.3816	29.67314	1.310481	0.0273536	0.845962	0.0013488	0.125336	1.987388	3.080486
5304	-539.5852	-564.639	25.05385	31.29656	0.231851	0.439667	0.0781442	0.250338	1.836883	1.320764
5310	-537.753	-566.1467	28.39375	3.10332	0.248806	0.168096	0.47106	0.112038	1.156295	3.557629
5316	-540.6807	-564.7034	24.02273	3.832476	0.165766	0.296709	0.501378	0.036146	1.229833	5.745899
5322	-543.8429	-569.3129	25.46998	5.682053	0.225357	0.224563	0.36354	0.18654	2.423513	3.802334
5328	-538.7279	-567.3978	28.66988	8.209786	0.354369	0.187163	0.302994	0.155473	2.575554	1.036155
5334	-541.0669	-563.6321	22.5652	28.52921	0.322379	0.346771	0.0500656	0.280784	0.7974488	3.76939
5340	-537.9724	-564.1833	26.21092	9.174548	0.363453	0.390952	0.0564444	0.18915	1.03664	3.501382
5346	-538.9933	-560.0245	21.03118	13.96533	0.545741	0.0637786	0.0936824	0.296798	1.22963	5.655054
5352	-541.8231	-570.6798	28.85672	5.289539	0.164447	0.529017	0.159965	0.146571	3.078203	0.1158047
5358	-553.1513	-580.4784	27.32702	10.12696	0.0916898	0.710127	0.0235361	0.174647	3.14142	0.135866
5364	-550.2723	-578.3766	28.10436	7.949607	0.577791	0.166379	0.0303823	0.225448	3.015377	0.1405195
5370	-541.152	-560.4056	19.25358	20.63091	0.330976	0.172972	0.339971	0.15608	1.213369	5.98493
5376	-533.0062	-558.281	25.27479	7.508631	0.15581	0.53775	0.260761	0.0456798	0.3657809	4.706595
5382	-535.1947	-562.1914	26.99666	6.733383	0.226434	0.498833	0.231581	0.0431526	0.6538203	3.715318
5388	-538.6775	-572.3507	33.67319	0.6691396	0.0578202	0.911704	0.0194568	0.0110191	1.510115	1.143823
5394	-530.8361	-563.2087	32.3726	1.618634	0.139291	0.510084	0.340676	0.00994934	2.116088	0.9369281
5400	-535.5027	-567.7215	32.21874	2.272912	0.0715138	0.537108	0.384243	0.00713481	2.008838	0.4420501
5406	-537.3254	-569.4519	32.12652	1.848409	0.0724983	0.544501	0.375767	0.00723303	2.246563	0.8580112
5412	-539.4286	-570.2748	30.84617	1.770263	0.0972563	0.355985	0.504091	0.0426673	2.048472	2.067954
5418	-533.8954	-565.8964	32.00095	2.411398	0.0849682	0.610593	0.280681	0.0237574	1.890083	0.9394682
5424	-534.6862	-566.2582	31.57201	2.045495	0.0665862	0.422087	0.490362	0.0209643	1.82886	1.5717
5430	-537.1273	-566.0496	28.92237	5.506328	0.468978	0.123905	0.398763	0.00835405	1.801544	2.133499
5436	-533.724	-563.3749	29.65092	2.779083	0.0433263	0.559866	0.356439	0.0403696	1.912977	2.465622
5442	-536.6167	-568.9248	32.30809	1.991623	0.0738043	0.818162	0.04904	0.0589942	1.672042	1.142925
5448	-536.9942	-566.1004	29.10615	5.62717	0.305866	0.313406	0.136239	0.244489	2.397803	1.5638
5454	-539.1583	-569.6014	30.44316	1.766076	0.253013	0.19928	0.392248	0.155459	3.353775	1.436208
5460	-533.5996	-564.1489	30.54931	3.143614	0.0797461	0.611231	0.246676	0.0623472	3.025994	0.7642396
5466	-536.6761	-567.1669	30.49077	3.17229	0.239177	0.444509	0.314098	0.00221575	2.941878	0.9199878
5472	-536.8702	-568.7386	31.8684	1.952227	0.166334	0.340321	0.492599	0.000746377	2.318901	0.9745685
5478	-537.8139	-567.8031	29.98917	2.081046	0.116773	0.536878	0.345825	0.000523987	3.370773	1.582433
5484	-540.7573	-568.0488	27.29147	8.376062	0.236747	0.29565	0.110636	0.356968	1.666579	2.617883
5490	-540.6638	-570.2352	29.5714	5.729508	0.11879	0.349246	0.53059	0.00137396	2.225385	1.307555
5496	-535.2594	-563.9595	28.70015	1.728182	0.0112631	0.894289	0.094305	0.000142519	1.961476	3.458506
5502	-533.5995	-563.6818	30.08233	1.208445	0.00226457	0.65201	0.345621	0.000103908	1.684992	3.073181
5508	-539.7174	-570.8269	31.10947	1.888195	0.00420458	0.347036	0.648566	0.000192924	2.096537	1.79521
5514	-535.1222	-564.0673	28.94508	2.772471	0.0037304	0.420676	0.575422	0.000171166	2.139889	2.764333
5520	-536.6336	-566.1088	29.47521	3.068142	0.00657173	0.741092	0.245374	0.00696174	1.429838	2.764333
5526	-531.7166	-564.648	32.93139	0.9066081	0.0110411	0.406504	0.412251	0.170203	2.38346	0.7272843
5532	-537.4348	-565.4711	28.03631	9.187314	0.0400249	0.628524	0.172922	0.158529	3.25623	0.5653334
5538	-538.5368	-569.1487	30.61189	5.288223	0.290082	0.379271	0.172503	0.158145	1.630459	1.077702
5544	-531.0109	-560.4497	29.43874	4.363733	0.279745	0.365757	0.283745	0.0707525	2.04056	1.964851
5550	-528.1026	-560.607	32.50446	1.440396	0.00495003	0.590221	0.264044	0.140785	1.982634	1.089273
5556	-534.1469	-565.9081	31.76121	3.070634	0.035536	0.585792	0.263583	0.115088	1.844146	0.7822527
5562	-537.5932	-567.9921	30.39883	2.994935	0.0599926	0.308315	0.4888	0.142892	1.824246	1.953508
5568	-535.8731	-565.585	29.71194	6.516735	0.0858454	0.472693	0.108327	0.333134	1.662294	1.406521
5574	-534.1238	-565.1887	31.06488	4.57293	0.0209103	0.704461	0.164885	0.109744	1.645688	0.9222113
5580	-535.7991	-564.8165	29.01739	7.528573	0.0447457	0.127026	0.618487	0.209741	1.204916	1.979366
5586	-533.5961	-563.2213	29.62513	7.685862	0.0386997	0.284061	0.495838	0.181401	1.481949	1.302011
5592	-530.9946	-559.3257	28.33107	6.264773	0.0973342	0.76547	0.100448	0.0367485	1.417386	2.566287
5598	-529.0655	-560.3965	31.33096	1.047184	0.0606074	0.432215	0.440817	0.0663597	1.110753	2.759959
5604	-525.5603	-555.4377	29.87739	3.068427	0.132015	0.655949	0.0189927	0.193043	0.8750441	2.857051
5610	-528.9522	-557.2226	28.27047	2.793457	0.246121	0.723683	0.0232087	0.00698771	1.062893	3.791561
5616	-530.8529	-557.1333	26.28043	12.45787	0.256548	0.435222	0.1509	0.15733	1.225179	2.854714
5622	-531.9962	-561.7568	29.76066	2.677838	0.405849	0.373898	0.158685	0.0615683	1.235669	2.854714
5628	-529.7169	-560.6055	30.88857	1.309051	0.082551	0.517438	0.236754	0.163257	1.148691	2.854714
5634	-527.6429	-556.5322	28.88935	3.060378	0.283372	0.554418	0.133399	0.0288104	1.115807	3.30605
5640	-525.708	-557.7835	32.07545	2.181687	0.461938	0.220688	0.261005	0.0563695	1.182128	1.603746
5646	-527.4991	-559.68	32.18089	2.214045	0.433027	0.396467	0.159233	0.0112733	1.370835	1.36424
5652	-526.0597	-554.7693	28.70952	8.812724	0.081009	0.781173	0.134343	0.00347463	1.599989	1.644757
5658	-527.6353	-558.0204	30.38507	4.58803	0.183823	0.484319	0.25761	0.0742483	2.282934	0.9602212
5664	-533.6199	-561.6982	28.07831	10.07357	0.79645	0.0605246	0.0720551	0.0709703	2.162434	1.435628
5670	-531.6371	-558.3406	26.7035	16.77823	0.719134	0.0283377	0.211032	0.0414969	2.086343	1.429952
5676	-533.5166	-562.6313	29.11471	4.845009	0.0980204	0.515283	0.284153	0.102544	1.508763	2.378064
5682	-537.0166	-568.9249	31.90832	1.43573	0.0393475	0.777327	0.114065	0.0692603	1.494036	1.916076
5688	-541.1763	-571.2575	30.08119	4.473223	0.404624	0.257573	0.217543	0.120259	1.493812	1.865259
5694	-534.0805	-561.3893	27.30889	5.643154	0.393691	0.380994	0.205168	0.020147	1.364956	3.357737
5700	-532.2124	-560.1224	27.90998	9.757063	0.420002	0.247675	0.31083	0.0214934	1.091003	2.342892
5706	-527.4738	-557.9698	30.49594	2.616954	0.100158	0.728492	0.168245	0.00310487	1.365675	2.342892
5712	-529.7819	-556.0265	26.24452	8.325615	0.617822	0.0185706	0.353658	0.00994865	1.022496	3.635216
5718	-528.8601	-554.0343	25.17414	5.868674	0.42754	0.0145487	0.550118	0.00779407	0.7750063	4.860593
5724	-527.6846	-554.7738	27.08926	1.819874	0.33019	0.00165497	0.648898	0.0192573	0.6763348	5.06023
5730	-529.1601	-554.0355	24.8754	10.62282	0.421136	0.0102583	0.21935	0.349255	1.019856	4.056215
5736	-530.8237	-560.6675	29.84375	5.898434	0.268796	0.00654751	0.5886	0.136057	1.482569	1.61546
5742	-531.2811	-561.6259	30.34481	2.978673	0.298247	0.0072649	0.65309	0.0413977	2.374116	1.61546
5748	-532.0321	-559.7617	27.72963	8.435358	0.417573	0.00602958	0.542039	0.0343585	2.322254	1.902363
5754	-533.0045	-561.818	28.81356	7.559079	0.391845	0.00378616	0.596314	0.00805518	2.915657	0.7041886
5760	-531.7952	-561.7529	29.95771	5.506744	0.372127	0.00359564	0.566307	0.0579698	2.281511	0.9937432
5766	-527.563	-558.4713	30.90827	3.656847	0.178809	0.433242	0.30074	0.0872097	2.073376	1.101198
5772	-537.2425	-567.3988	30.15635	3.366357	0.378224	0.193741	0.38308	0.0449542	2.985631	1.099107
5778	-543.6479	-571.7498	28.10193	10.40449	0.184741	0.56097	0.187113	0.0671752	2.441389	1.114217
5784	-550.1631	-579.1264	28.96327	3.200679	0.234637	0.0479486	0.678442	0.0389721	0.8322779	3.381145
5790	-534.9904	-565.9817	30.99132	1.246486	0.11663	0.780562	0.0839454	0.0188631	1.802429	2.423397
5796	-536.6799	-565.4575	28.77757	0.9962694	0.0847624	0.499952	0.400538	0.0147473	1.213765	4.223133
5802	-532.0007	-563.1383	31.13754	0.8957989	0.121045	0.707376	0.160471	0.0111078	1.525753	2.717725
5808	-532.4424	-563.426	30.9836	1.259206	0.0827633	0.496705	0.344225	0.0763073	1.936927	2.335665
5814	-536.3701	-565.2713	28.90113	5.443914	0.130219	0.78151	0.0829537	0.00531694	1.631469	2.273699
5820	-536.0956	-564.775	28.67935	6.025374	0.00257585	0.599802	0.159135	0.238487	2.28536	1.835774
5826	-542.4481	-571.0336	28.58554	9.072009	0.00752417	0.518656	0.132758	0.341062	1.891719	1.465766
5832	-542.4885	-569.8711	27.38266	16.85787	0.344575	0.356658	0.0755547	0.223213	1.776765	1.112387
5838	-535.2354	-565.791	30.55552	4.986142	0.213642	0.411318	0.135956	0.239085	2.097244	0.7661907
5844	-532.955	-561.9437	28.98878	3.602069	0.277088	0.324514	0.28602	0.112378	1.84166	2.625915
5850	-533.373	-563.9921	30.61906	3.822034	0.405211	0.0121754	0.418273	0.16434	2.353054	1.02873
5856	-532.9192	-562.9538	30.0346	3.95042	0.531858	0.00178944	0.189227	0.277125	1.762903	1.886459
5862	-536.9012	-566.2335	29.33239	6.941712	0.673498	0.00140544	0.107441	0.217655	1.840319	1.445871
5868	-543.6152	-571.595	27.97975	6.941712	0.748555	0.00075928	0.0828967	0.167789	2.675329	1.819654
5874	-537.263	-566.7718	29.50881	5.984611	0.327118	0.260962	0.137194	0.274726	1.84864	1.568544
5880	-536.4903	-568.0636	31.57331	2.708569	0.164226	0.430321	0.288331	0.117123	2.370372	0.5134914
5886	-535.9413	-568.1981	32.25674	1.666063	0.17346	0.577536	0.23122	0.0177839	2.370372	0.7080053
5892	-527.8167	-556.9634	29.14665	2.456849	0.0409848	0.4412	0.446453	0.0713629	1.483264	3.161404
5898	-530.8953	-559.7305	28.83519	8.084378	0.044863	0.482948	0.163443	0.308746	1.717415	1.627827
5904	-531.359	-561.6791	30.32011	5.648852	0.0399092	0.51503	0.174301	0.27076	1.843338	1.012255
5910	-529.3658	-560.9176	31.55179	2.085624	0.030231	0.586876	0.282162	0.100731	1.476968	1.814868
5916	-532.0701	-560.6066	28.53657	1.570326	0.0112519	0.693751	0.196879	0.0981181	0.5700673	4.42436
5922	-528.8537	-556.4054	27.55169	1.403802	0.0469409	0.793562	0.120082	0.0394154	0.5632057	5.059387
5928	-530.9932	-558.7901	27.79685	0.8950755	0.0450929	0.747179	0.169865	0.0378637	0.5634848	5.193364
5934	-530.44	-559.1162	28.6762	2.961033	0.0616281	0.686743	0.156125	0.0955041	0.9366619	3.570323
5940	-533.9334	-563.5568	29.62335	2.658594	0.0865191	0.517973	0.368482	0.0270256	0.9349029	3.125188
5946	-533.4182	-563.6432	30.22505	0.9704585	0.166726	0.630934	0.193415	0.00892583	1.21582	3.403434
5952	-534.4679	-562.1275	27.65958	2.787296	0.245765	0.277527	0.463551	0.0131573	1.245669	4.039175
5958	-529.8787	-560.1426	30.26391	1.858708	0.508557	0.206578	0.257639	0.0272261	1.459855	2.76346
5964	-526.2788	-556.4466	30.16778	4.29207	0.130484	0.684748	0.173559	0.0112091	1.459855	1.887729
5970	-532.5666	-562.6216	30.05493	4.542151	0.0761959	0.42199	0.428212	0.0736023	1.576745	1.804333
5976	-532.9881	-563.5167	30.52859	2.544694	0.214816	0.305669	0.409183	0.0703317	1.576745	2.21704
5982	-533.2379	-563.7598	30.5219	3.463046	0.111723	0.654559	0.0831091	0.150608	1.295177	2.045331
5988	-534.1898	-563.1634	28.97365	5.517992	0.680685	0.151152	0.147982	0.02018	2.163855	1.854179
5994	-543.4718	-572.6358	29.16407	4.237419	0.313581	0.408347	0.127348	0.150723	3.214669	1.362166
6000	-536.225	-565.0284	28.80336	4.898613	0.373619	0.0107944	0.612556	0.00303084	2.763184	1.737912
6006	-534.3569	-562.6159	28.25897	12.51245	0.32674	0.329362	0.298812	0.0450867	1.984442	0.9055208
6012	-539.1118	-568.9941	29.88227	2.308314	0.485227	0.423706	0.00403144	0.0870359	2.190236	2.340578
6018	-540.6055	-572.1321	31.52665	2.308314	0.248462	0.42068	0.0102142	0.320644	2.523537	0.8384307
6024	-533.2657	-564.2591	30.99342	3.11735	0.339876	0.199338	0.312008	0.148778	1.929961	1.400838
6030	-537.0848	-569.5202	32.4354	1.469556	0.297133	0.673315	0.0138815	0.0156708	1.636939	1.41456
6036	-533.83	-566.7482	32.91817	1.446233	0.377255	0.589151	0.0146599	0.0189346	1.656328	1.000511
6042	-538.7823	-571.3747	32.59236	1.55448	0.602714	0.338124	0.0469114	0.012251	1.656328	1.21305
6048	-546.6328	-577.1601	30.52729	2.021329	0.301451	0.574927	0.0341781	0.0894436	0.7954635	2.931425
6054	-539.5063	-568.0337	28.52738	3.165525	0.0866694	0.567314	0.237311	0.108706	1.242038	3.408375
6060	-540.5463	-570.7097	30.16341	0.6725349	0.066854	0.446478	0.224773	0.261895	0.8995421	3.802895
6066	-539.1757	-567.1134	27.93777	3.699831	0.449139	0.422868	0.0962656	0.0317276	1.298779	3.547282
6072	-536.1187	-567.247	31.12827	1.282196	0.0623904	0.746246	0.0322309	0.159133	1.298779	2.631398
6078	-540.9579	-568.0753	27.11743	3.387861	0.0567437	0.699044	0.196086	0.0481257	1.607348	3.940064
6084	-545.0789	-575.4338	30.35494	2.054851	0.262287	0.471778	0.0544171	0.211518	1.813267	2.395226
6090	-531.1899	-562.0371	30.84717	0.7490434	0.0866676	0.489779	0.414365	0.00918908	1.338595	3.098589
6096	-533.0044	-561.3897	28.38531	6.5818	0.387334	0.244928	0.314481	0.0532569	1.812583	2.208576
6102	-534.3804	-564.8153	30.43487	3.645913	0.287383	0.261507	0.283685	0.167424	2.871363	0.7493056
6108	-536.1488	-567.0238	30.87506	3.409039	0.153884	0.440344	0.28463	0.121142	2.643936	0.5733643
6114	-534.2122	-564.4869	30.27471	5.080217	0.142856	0.268258	0.534985	0.0539009	1.662032	1.40825
6120	-532.4529	-562.7731	30.3202	1.104081	0.038339	0.639306	0.17196	0.150394	1.724676	2.966637
6126	-526.6905	-557.7728	31.08229	1.938225	0.118302	0.567375	0.274821	0.0395012	1.404957	2.247778
6132	-530.0652	-559.7391	29.67384	5.81321	0.112984	0.194599	0.65963	0.0327866	1.650589	1.64078
6138	-532.8494	-563.1702	30.32085	4.458582	0.353308	0.0486655	0.562503	0.035524	1.545144	1.666994
6144	-535.1069	-565.5126	30.40572	5.153116	0.346779	0.0668569	0.552108	0.0342564	2.273912	0.5615773
6150	-542.6828	-571.8871	29.20429	5.153116	0.379309	0.187368	0.415835	0.0174885	3.461632	0.6088107
6156	-530.6054	-562.6598	32.05441	1.158909	0.156385	0.611576	0.218586	0.0134535	1.772428	1.799224
6162	-535.074	-564.1596	29.08564	1.276908	0.0436065	0.682115	0.243549	0.0307294	1.469824	3.746248
6168	-538.832	-566.7438	27.9118	7.241247	0.418681	0.185347	0.100929	0.295043	3.183403	1.426934
6174	-536.9564	-564.4468	27.49043	7.241247	0.331977	0.159039	0.27504	0.233944	1.234541	2.980296
6180	-534.008	-565.1091	31.10108	2.831393	0.194471	0.381357	0.285752	0.13842	2.014423	1.385239
6186	-540.3734	-571.3827	31.00923	2.831393	0.0595344	0.655584	0.135105	0.149777	2.498733	1.050889
6192	-541.5834	-572.1639	30.58053	3.221353	0.0709389	0.417707	0.432482	0.078872	2.208062	1.458165
6198	-535.3025	-566.5971	31.29461	2.429213	0.144821	0.15721	0.633164	0.0648044	2.146405	1.333598
6204	-529.2072	-558.6167	29.40952	6.383631	0.281066	0.441237	0.0579806	0.219716	1.868643	1.516432
6210	-531.4302	-562.037	30.60682	2.29068	0.228495	0.253804	0.247497	0.270204	1.259512	2.47843
6216	-529.8107	-556.4788	26.66806	14.73567	0.291212	0.154038	0.141519	0.413231	2.1484	1.696614
6222	-533.9617	-557.8142	23.85257	29.54449	0.240266	0.333048	0.116761	0.309925	2.137045	2.104277
6228	-531.4394	-557.1603	25.72088	8.577782	0.129523	0.465976	0.183869	0.220632	1.92974	3.367115
6234	-531.4814	-561.9714	30.49007	4.853781	0.0614791	0.528071	0.117883	0.292567	1.945564	1.071369
6240	-530.8151	-560.9558	30.14068	2.005772	0.0364821	0.564254	0.197475	0.201789	2.354736	2.209571
6246	-537.4195	-565.1551	27.7356	8.473307	0.2145	0.105801	0.632641	0.0470583	2.594876	1.701582
6252	-538.4711	-569.6151	31.14402	2.317347	0.246786	0.121726	0.577347	0.0541414	2.121397	1.52765
6258	-536.0757	-565.9831	29.90745	1.16289	0.160437	0.518368	0.30748	0.0137151	2.250245	2.864396
6264	-538.9263	-571.5668	32.64053	0.9745954	0.0268764	0.502501	0.298068	0.172555	2.643132	0.659193
6270	-538.2031	-568.6859	30.48286	1.861918	0.0465385	0.482796	0.352554	0.118112	3.633794	1.109459
6276	-530.4965	-561.851	31.35449	3.06687	0.25241	0.239136	0.486688	0.0217659	2.309119	0.6953748
6282	-531.143	-559.5721	28.42914	6.697197	0.225877	0.213998	0.0941163	0.466008	2.007273	2.025421
6288	-531.4068	-558.9798	27.57305	6.697197	0.0387596	0.493343	0.280643	0.187254	2.183222	2.463364
6294	-532.7716	-560.759	27.9874	1.295681	0.0832872	0.756146	0.0484745	0.112092	0.7356224	4.775177
6300	-533.0042	-562.3416	29.33736	1.065194	0.124929	0.467236	0.304845	0.102989	1.281782	3.825636
6306	-538.8992	-565.7101	26.81086	9.252968	0.179958	0.545524	0.224479	0.0500395	1.960999	2.574351
6312	-539.8215	-572.1102	32.2887	0.9769994	0.0634222	0.605875	0.249313	0.0813895	2.517933	1.193174
6318	-539.4372	-571.4177	31.9805	0.6909082	0.0779196	0.515783	0.306303	0.099994	1.294244	2.471871
6324	-535.3914	-566.9376	31.54618	2.075048	0.229512	0.304465	0.388243	0.0777799	2.192065	1.29543
6330	-528.9652	-560.9179	31.95276	1.534125	0.0358407	0.602506	0.301293	0.0603605	1.915181	1.527257
6336	-529.7925	-559.273	29.48053	3.062331	0.0550444	0.47913	0.462728	0.00309717	1.494811	2.723456
6342	-533.8513	-564.1905	30.33924	2.107696	0.227612	0.624809	0.14354	0.00403886	1.262054	2.723456
6348	-533.3418	-563.0039	29.66211	2.312235	0.471606	0.222613	0.297412	0.00836842	1.189182	3.088462
6354	-528.7544	-560.8447	32.09031	1.514065	0.043291	0.377703	0.564807	0.0141985	1.647032	1.635329
6360	-530.339	-560.9862	30.64725	1.550362	0.00931085	0.714405	0.27323	0.00305376	1.339511	2.756103
6366	-537.3082	-565.8364	28.52825	5.644999	0.11528	0.165967	0.71108	0.00767351	1.537266	2.517538
6372	-528.5665	-557.8378	29.27137	3.142179	0.123895	0.677647	0.186471	0.0119876	1.234263	2.979869
6378	-532.4161	-561.7577	29.3416	1.911844	0.0106038	0.712362	0.268305	0.00872863	1.067303	3.52153
6384	-526.9655	-557.8277	30.86219	1.710709	0.00370124	0.725633	0.266494	0.00417223	1.242931	2.601452
6390	-528.8045	-560.3907	31.58618	1.010731	0.0674229	0.447253	0.477843	0.00748113	1.149559	2.601452
6396	-535.5532	-565.3386	29.78539	1.626187	0.110992	0.450025	0.329792	0.109191	1.166581	3.337298
6402	-534.8477	-563.2801	28.43244	1.626187	0.175844	0.299101	0.419977	0.105078	2.164247	3.545146
6408	-533.2377	-562.5064	29.26867	5.655197	0.170852	0.634483	0.153287	0.0413784	3.071672	0.812834
6414	-532.6625	-560.8771	28.21452	1.842533	0.057751	0.692501	0.195394	0.0543543	2.372151	3.449152
6420	-537.0504	-568.4378	31.38742	2.053678	0.165259	0.423316	0.310064	0.101361	2.158904	1.458603
6426	-537.8714	-565.5935	27.72212	4.391279	0.190033	0.58817	0.198339	0.0234591	1.87065	3.135247
6432	-536.7785	-565.5372	28.75869	2.035129	0.201788	0.562693	0.210608	0.0249103	1.933381	3.300985
6438	-539.2655	-570.8963	31.63081	1.201802	0.0976266	0.752489	0.141133	0.00875103	2.725964	1.381988
6444	-532.7232	-564.6009	31.87766	0.403538	0.0325891	0.473987	0.363031	0.130393	2.143545	2.180361
6450	-536.3087	-568.2034	31.89465	1.9163	0.109773	0.713338	0.0331113	0.143778	2.426707	0.8569682
6456	-533.3302	-564.5964	31.26616	1.874919	0.0739866	0.480788	0.307185	0.138041	1.950453	1.79499
6462	-538.02	-566.7561	28.73615	9.300801	0.0520369	0.63326	0.164173	0.150531	1.705596	1.443358
6468	-541.0787	-570.1357	29.05703	5.106613	0.0775909	0.377221	0.376832	0.168356	1.824312	2.139389
6474	-536.0832	-563.891	27.80775	11.78148	0.410409	0.11322	0.317788	0.158584	2.262379	1.22972
6480	-533.0718	-559.2834	26.2116	19.18005	0.524641	0.144733	0.108936	0.221689	2.146004	1.44422
6486	-532.5942	-565.5589	32.96477	0.7944001	0.227814	0.218622	0.436655	0.11691	2.191705	1.046728
6492	-527.4353	-558.1056	30.67032	4.118091	0.250321	0.47294	0.136779	0.13996	1.876908	1.273246
6498	-529.5073	-559.2419	29.73464	5.460631	0.144895	0.122904	0.255011	0.47719	2.218883	1.267731
6504	-524.7577	-555.2472	30.48954	4.540897	0.00274089	0.484323	0.390477	0.122459	1.798725	1.320075
6510	-528.1825	-559.7636	31.58114	1.142415	0.0463742	0.536074	0.164874	0.252677	1.738482	2.149719
6516	-532.3881	-563.3063	30.9182	2.200572	0.0544999	0.242916	0.689997	0.012587	2.221506	1.678794
6522	-528.7161	-561.0629	32.34675	1.350807	0.0123722	0.366044	0.620133	0.00145048	1.473565	1.678794
6528	-523.992	-554.2176	30.22558	4.176303	0.228103	0.190374	0.576432	0.0050904	1.752603	1.683028
6534	-526.0677	-557.7931	31.72537	2.386573	0.163726	0.418874	0.413747	0.00365374	1.705741	1.364497
6540	-525.9805	-557.9961	32.01566	1.101458	0.205973	0.344357	0.445073	0.00459654	1.948821	1.741879
6546	-527.5591	-557.3325	29.7734	4.339954	0.0582475	0.349893	0.558717	0.033143	1.573532	2.060423
6552	-530.0982	-558.9524	28.85428	3.296172	0.11516	0.518821	0.267581	0.0984377	1.225222	3.181487
6558	-533.6512	-560.7576	27.10643	7.498275	0.161852	0.323727	0.376071	0.138349	1.19613	3.181487
6564	-539.2129	-569.1587	29.94582	2.825804	0.220825	0.210036	0.282837	0.286301	1.262296	2.668482
6570	-536.3166	-560.522	24.20531	14.38001	0.00924823	0.0375248	0.844824	0.108403	0.9413152	3.995753
6576	-532.5628	-560.4918	27.92899	7.449765	0.00743265	0.226475	0.678971	0.0871219	1.270593	2.649455
6582	-530.6067	-558.6255	28.01884	11.86736	0.0414636	0.0494042	0.572621	0.336511	2.388919	0.8879772
6588	-530.2608	-560.5481	30.28731	4.341646	0.0798372	0.523838	0.183186	0.213139	2.573447	0.8747381
6594	-534.0162	-564.1474	30.13116	4.180691	0.165365	0.221571	0.361704	0.25136	2.178216	1.437527
6600	-540.352	-568.5603	28.20832	9.40271	0.312299	0.0372544	0.0931302	0.557316	1.503024	1.94288
6606	-541.2126	-571.2071	29.99448	6.609204	0.259585	0.00766906	0.592464	0.140282	1.681576	1.129122
6612	-535.9713	-565.4604	29.48913	5.139733	0.250586	0.00667607	0.723897	0.0188416	1.850567	1.823186
6618	-541.2752	-570.3943	29.11909	4.949192	0.459085	0.0010811	0.505315	0.0345188	1.428841	2.396898
6624	-533.3999	-565.0886	31.68868	1.906944	0.0552469	0.506247	0.32134	0.117166	2.600835	0.9022023
6630	-532.9914	-562.9703	29.97888	5.643832	0.105485	0.486658	0.184148	0.223709	2.499803	0.4474433
6636	-536.9566	-566.8224	29.86582	3.257031	0.102505	0.580809	0.153172	0.163514	1.914627	2.145027
6642	-538.5759	-567.2368	28.66084	7.523612	0.0472099	0.245352	0.503156	0.204282	2.105316	1.602712
6648	-533.7233	-564.9917	31.26846	2.772884	0.0509518	0.346895	0.470446	0.131707	2.633611	0.4743973
6654	-536.7409	-569.2066	32.46561	1.105633	0.152975	0.451881	0.293777	0.101368	2.664422	0.7043599
6660	-528.1986	-559.0365	30.83797	4.622062	0.377935	0.164716	0.340024	0.117326	2.075172	0.5623373
6666	-530.987	-561.6996	30.71266	4.901169	0.221068	0.648612	0.0969709	0.0333488	1.950228	0.8033597
6672	-529.7733	-561.0606	31.28729	2.786057	0.313865	0.224634	0.270394	0.191107	1.887227	1.361024
6678	-534.7157	-566.2186	31.50288	0.7373482	0.385526	0.294749	0.221163	0.0985615	1.527226	2.593657
6684	-528.9258	-562.0606	33.13475	1.13613	0.152458	0.55897	0.284947	0.00362456	1.957996	0.7175514
6690	-530.0246	-562.7733	32.74873	1.13613	0.193436	0.598146	0.20382	0.00459876	2.328336	0.3171331
6696	-531.7631	-561.9934	30.23031	4.067371	0.120197	0.641946	0.232609	0.00524832	2.837531	0.2960299
6702	-536.3852	-567.3788	30.99357	3.523315	0.342823	0.387334	0.256028	0.0138143	2.472544	0.496057
6708	-533.5659	-563.9276	30.36166	4.92052	0.416502	0.373307	0.186992	0.0232002	2.39229	0.3823419
6714	-531.1465	-560.4845	29.33805	5.925996	0.509027	0.200033	0.170119	0.120821	2.90998	0.7943443
6720	-526.664	-556.9929	30.32884	4.568312	0.178753	0.439204	0.340977	0.0410659	2.559208	0.6881445
6726	-530.518	-559.5578	29.03984	4.558413	0.220444	0.250596	0.443661	0.0852985	3.895245	0.4198317
6732	-526.5432	-558.968	32.42486	1.011707	0.0544406	0.584357	0.162298	0.198904	2.815582	0.3606379
6738	-526.2091	-556.7599	30.55078	2.740649	0.021872	0.586064	0.185922	0.206141	3.095026	0.213525
6744	-527.2842	-557.8413	30.55704	4.073204	0.108685	0.688759	0.104947	0.0976092	2.516997	0.3028103
6750	-529.1954	-561.7659	32.57049	1.248525	0.212844	0.678095	0.0536816	0.0553797	1.705797	1.410605
6756	-525.7989	-556.8889	31.09003	3.526254	0.307982	0.277262	0.205461	0.209294	1.909515	1.148157
6762	-529.1843	-558.8918	29.70749	6.337751	0.237802	0.283523	0.451164	0.0275103	2.510644	0.4884976
6768	-532.2467	-562.1881	29.94147	5.792961	0.275645	0.249811	0.204727	0.269817	2.473951	0.5747807
6774	-533.9784	-565.0189	31.04051	3.566431	0.256828	0.0387985	0.647827	0.0565467	2.359801	0.3680131
6780	-532.7439	-562.4363	29.69241	5.593851	0.192698	0.0437131	0.729886	0.0337024	2.769722	0.3680131
6786	-529.8219	-560.6369	30.81501	3.544015	0.293848	0.225024	0.32172	0.159408	2.604528	0.6450664
6792	-535.159	-564.578	29.41903	4.462675	0.49091	0.207375	0.0619181	0.239797	2.678146	1.496496
6798	-530.0914	-559.4087	29.31734	7.66019	0.204577	0.576253	0.0559752	0.163195	2.375693	0.7099147
6804	-526.7389	-556.1118	29.37285	6.747225	0.231088	0.458341	0.0348083	0.275762	1.739428	1.542414
6810	-529.1169	-558.3477	29.2308	9.263703	0.31794	0.138385	0.305705	0.23797	1.9523	0.7517313
6816	-536.7856	-566.7156	29.92995	2.839123	0.329486	0.0174043	0.406497	0.246612	3.031559	1.499464
6822	-528.6548	-559.4265	30.77164	3.6331	0.422274	0.0223055	0.239359	0.316062	2.536279	0.7569361
6828	-525.0825	-557.4079	32.3254	1.77282	0.27428	0.322825	0.271397	0.131498	2.200408	0.7322615
6834	-529.2526	-560.3287	31.07606	2.93326	0.284603	0.161096	0.413642	0.140659	1.738828	1.565484
6840	-529.8321	-560.6447	30.81258	2.272236	0.259112	0.379003	0.270053	0.0918317	1.819413	1.993083
6846	-533.6086	-562.7279	29.11929	5.03936	0.246444	0.314678	0.181831	0.257048	2.01268	1.993083
6852	-530.4226	-560.1949	29.7723	2.818338	0.270312	0.511676	0.1414	0.0766115	1.79573	2.447656
6858	-534.7851	-562.2586	27.47357	12.49128	0.338538	0.497095	0.163572	0.000795603	1.798265	1.712223
6864	-538.5931	-566.0825	27.4894	13.48257	0.0635392	0.530529	0.196153	0.209778	1.686832	1.624694
6870	-526.6536	-558.6714	32.01779	1.468118	0.0632386	0.470971	0.247519	0.218271	2.245816	1.26282
6876	-528.275	-558.7582	30.48316	3.811929	0.204449	0.410175	0.29768	0.0876958	2.702365	0.7970513
6882	-529.7048	-559.8911	30.18633	3.735475	0.295695	0.433787	0.199782	0.0707364	3.161332	0.4497348
6888	-534.7412	-564.1444	29.40326	3.544981	0.293093	0.606877	0.0166118	0.0834185	3.60522	0.1632267
6894	-528.9991	-560.4925	31.49341	1.848588	0.26881	0.341663	0.200225	0.189302	3.054025	0.4729248
6900	-533.3034	-562.7568	29.45341	5.57319	0.453157	0.16804	0.0596808	0.319123	3.054025	0.4492423
6906	-539.6079	-566.7633	27.15539	15.72239	0.23545	0.604063	0.0323534	0.128134	2.515988	0.2906071
6912	-537.2146	-565.3435	28.12884	8.168956	0.242669	0.297115	0.16369	0.296526	2.303744	1.694935
6918	-536.4703	-566.27	29.79974	5.886904	0.481032	0.0971468	0.260617	0.161204	1.420126	1.694935
6924	-540.127	-566.7747	26.64772	21.60394	0.468088	0.100771	0.0601197	0.371021	1.779467	1.070107
6930	-543.4257	-571.0779	27.65227	11.70062	0.234445	0.477997	0.168787	0.11877	2.470499	1.201298
6936	-537.8066	-569.5581	31.75148	1.989681	0.337356	0.223783	0.253301	0.185561	2.296987	1.082184
6942	-541.5818	-569.9352	28.35334	7.9407	0.268453	0.424649	0.142849	0.164049	1.848651	1.90397
6948	-538.9403	-570.2096	31.26924	2.261899	0.308308	0.563015	0.0921073	0.0365705	1.497906	1.907087
6954	-539.0079	-569.035	30.0271	6.295889	0.606783	0.214247	0.0748058	0.104164	1.228738	1.556961
6960	-538.1397	-567.8871	29.74735	6.577366	0.570474	0.201426	0.118181	0.109919	1.472365	1.507517
6966	-543.8515	-573.739	29.8875	3.744939	0.568073	0.140639	0.138542	0.152746	0.9450542	2.577835
6972	-547.9264	-575.9497	28.02337	3.744939	0.416143	0.24894	0.102871	0.232045	0.8553929	3.740924
6978	-540.3494	-570.8098	30.46039	2.563335	0.169757	0.643666	0.0376643	0.148913	0.7771342	2.75309
6984	-532.8856	-561.5428	28.65719	10.05041	0.412803	0.151984	0.273848	0.161364	1.825077	1.247855
6990	-537.6397	-569.6877	32.04799	1.396972	0.193359	0.384826	0.222623	0.199192	1.794232	1.633501
6996	-544.3866	-573.044	28.65743	2.304804	0.139312	0.34535	0.107208	0.408131	1.564677	3.46285
7002	-543.0346	-569.1726	26.13796	5.73071	0.105912	0.473998	0.0647983	0.355292	2.0922	3.596537
7008	-546.7484	-571.3315	24.58309	30.08059	0.194362	0.643269	0.0310657	0.131303	2.461174	1.308175
7014	-540.1714	-570.0352	29.86379	4.550225	0.0986717	0.832387	0.034723	0.0342183	1.695527	1.851573
7020	-542.2334	-569.724	27.49067	1.577798	0.303398	0.217579	0.371953	0.10707	1.858712	4.283674
7026	-542.4412	-569.9826	27.54143	6.053555	0.271068	0.0772864	0.504905	0.14674	1.709428	2.919259
7032	-541.6523	-567.5566	25.90426	6.053555	0.188502	0.145312	0.6533	0.0128856	1.548327	3.972413
7038	-538.058	-570.2	32.14196	0.9141736	0.160788	0.107114	0.727778	0.00432029	2.132213	1.654812
7044	-540.7909	-572.3823	31.59133	1.378593	0.108049	0.262201	0.5699	0.0598499	2.237619	1.654812
7050	-537.4815	-567.0242	29.54264	2.153011	0.0901236	0.246193	0.535108	0.128576	1.340634	3.136627
7056	-529.6015	-557.3528	27.75135	4.395071	0.121258	0.507724	0.222928	0.14809	0.9847524	3.636898
7062	-533.957	-561.5657	27.6087	8.214515	0.109906	0.1177	0.689108	0.0832858	1.525516	2.539205
7068	-538.1126	-566.8371	28.72452	1.793433	0.123409	0.287377	0.495727	0.0934872	1.402401	3.738682
7074	-534.377	-565.4204	31.04343	1.550085	0.0870304	0.519395	0.390728	0.0028467	1.472203	2.428516
7080	-537.9677	-567.4322	29.46449	4.044051	0.224352	0.202685	0.571793	0.00116962	1.38324	2.473305
7086	-533.4178	-562.9226	29.50477	5.272741	0.292459	0.525668	0.180348	0.00152469	1.559801	1.971913
7092	-534.078	-566.0171	31.9391	2.237461	0.0351064	0.142833	0.782014	0.0400464	2.000773	1.013029
7098	-538.4198	-569.8329	31.41312	3.553285	0.301741	0.176437	0.514015	0.00780763	2.000773	0.6464852
7104	-548.2205	-569.9632	21.74272	13.11615	0.596733	0.215249	0.0330919	0.154926	1.107532	5.430659
7110	-543.2633	-568.7718	25.50851	6.593479	0.324578	0.134665	0.527001	0.0137561	0.854035	4.47751
7116	-539.1497	-567.4968	28.34715	6.593479	0.226377	0.300235	0.186144	0.287244	1.475124	2.445171
7122	-540.9892	-565.2038	24.21457	26.61682	0.247209	0.258878	0.366052	0.12786	0.9451402	2.848919
7128	-535.5642	-562.6134	27.04917	5.302453	0.357743	0.0166445	0.463659	0.161954	0.4661155	4.107226
7134	-539.1291	-565.585	26.4559	5.302453	0.23791	0.0291509	0.54412	0.188819	1.059395	4.107226
7140	-533.8273	-560.4291	26.60178	5.830834	0.564068	0.0625883	0.30795	0.065394	0.7004352	4.107226
7146	-532.4501	-558.8235	26.37339	5.879282	0.648034	0.13052	0.113426	0.108019	0.7441613	4.201468
7152	-547.4934	-572.8793	25.38594	7.549375	0.671487	0.00462453	0.0323523	0.291536	1.603305	3.936221
7158	-546.701	-570.1717	23.47068	16.46548	0.188465	0.133275	0.418687	0.259573	1.376341	3.936221
7164	-544.0444	-570.684	26.63961	8.488324	0.382895	0.104207	0.117422	0.395476	1.19022	3.277391
7170	-538.485	-567.0856	28.60062	3.305612	0.234292	0.350669	0.234082	0.180957	1.311443	3.277391
7176	-542.7324	-569.3259	26.59353	8.675612	0.130216	0.578171	0.182271	0.109343	1.846082	2.879956
7182	-545.1923	-571.6595	26.46715	3.309223	0.106985	0.570731	0.270143	0.0521417	0.9273384	4.717247
7188	-544.1267	-570.804	26.67724	2.818417	0.0660878	0.352559	0.558716	0.0226379	1.007644	4.717247
7194	-529.8653	-558.4634	28.5981	2.818417	0.469019	0.30303	0.0719689	0.155982	1.081132	3.582494
7200	-533.0245	-561.8485	28.82403	2.818417	0.147044	0.368677	0.438284	0.0459948	1.057058	3.464872
7206	-530.8037	-561.8896	31.0859	1.31418	0.00688932	0.833546	0.115201	0.0443637	1.251577	2.668544
7212	-531.6186	-562.2714	30.65282	3.04643	0.387433	0.320377	0.206655	0.0855351	1.550534	1.946129
7218	-535.8954	-561.7293	25.83385	11.79942	0.341106	0.375283	0.200587	0.0830236	1.264315	3.190234
7224	-528.9491	-556.4264	27.47731	7.088776	0.374144	0.347952	0.110315	0.167589	1.322139	2.966573
7230	-534.0982	-564.3844	30.28625	3.198044	0.295967	0.40929	0.0850422	0.209701	1.693355	2.036344
7236	-536.2421	-566.2948	30.05266	2.974498	0.2408	0.0685152	0.463977	0.226708	2.118059	1.996781
7242	-533.7372	-563.8317	30.09451	5.851135	0.221145	0.208827	0.542855	0.027174	1.440136	1.475008
7248	-535.0515	-561.9471	26.89562	20.85868	0.483492	0.166812	0.181912	0.167784	2.014249	0.4344032
7254	-536.0507	-566.6516	30.6009	4.039743	0.444939	0.386464	0.139112	0.0294846	2.253199	1.036185
7260	-527.4399	-558.5049	31.06495	4.039743	0.0223328	0.563465	0.184868	0.229334	2.034577	0.755532
7266	-530.668	-562.9744	32.30637	1.215201	0.0252447	0.679807	0.208973	0.0859755	2.175047	1.271832
7272	-533.6635	-561.1638	27.50027	9.002807	0.231188	0.217915	0.183215	0.367683	1.225596	2.646902
7278	-533.7263	-563.7201	29.99382	2.594027	0.0724664	0.117324	0.694959	0.115251	1.498663	2.583861
7284	-532.4072	-562.7359	30.3287	2.594027	0.153648	0.560232	0.168918	0.117202	1.966883	2.071895
7290	-526.9025	-559.8281	32.92558	0.9025325	0.0822723	0.314245	0.564586	0.0388967	1.823346	1.304439
7296	-530.4694	-561.779	31.30967	1.676373	0.228834	0.423083	0.303868	0.0442157	2.727192	1.304439
7302	-534.9014	-565.4486	30.54721	3.622168	0.259896	0.222268	0.213331	0.304505	1.966455	1.498419
7308	-537.7859	-564.5552	26.7693	6.686977	0.404849	0.213799	0.304796	0.0765553	2.610123	2.699344
7314	-543.1959	-574.5604	31.36446	1.14269	0.133347	0.542501	0.164458	0.159693	1.338891	2.541415
7320	-547.1132	-576.5808	29.46761	4.730778	0.194483	0.415953	0.0524988	0.337065	1.486453	2.199116
7326	-545.4272	-575.3765	29.94932	2.522656	0.315381	0.389115	0.0594269	0.236076	1.288008	2.769583
7332	-537.5905	-570.9696	33.37913	1.009479	0.242693	0.0099497	0.741303	0.00605455	1.805853	0.7663784
7338	-533.741	-564.0396	30.2986	3.537084	0.385417	0.0574062	0.55495	0.0022264	1.221095	2.213309
7344	-536.0826	-566.6157	30.53312	4.937092	0.399116	0.194412	0.0122461	0.394226	2.138197	0.7702096
7350	-530.6459	-559.0843	28.43843	11.52319	0.299551	0.122278	0.174925	0.403247	2.251336	0.5276585
7356	-530.9539	-561.6209	30.66704	5.316349	0.467231	0.400314	0.0358946	0.0965603	1.731972	0.9076562
7362	-528.5905	-556.8047	28.21421	7.409242	0.0854548	0.73512	0.0206155	0.15881	1.327521	2.444896
7368	-528.9041	-559.6754	30.77128	2.682124	0.282508	0.49464	0.0485767	0.174276	1.80849	1.842775
7374	-530.0927	-559.5764	29.48369	2.497518	0.147016	0.422311	0.356593	0.0740801	1.845617	2.723564
7380	-525.6484	-555.3972	29.74888	2.975447	0.356322	0.26735	0.309348	0.0669792	2.208432	2.137168
7386	-528.7765	-557.746	28.9695	4.645042	0.10961	0.47241	0.348906	0.0690738	1.776439	2.357288
7392	-529.6845	-558.1249	28.44046	9.30764	0.171976	0.651648	0.0726133	0.103762	2.153243	1.322811
7398	-528.9716	-560.8601	31.88849	2.670295	0.150781	0.723509	0.0105055	0.115205	2.067195	0.5842643
7404	-537.2704	-566.4973	29.22692	5.446754	0.0901186	0.636866	0.118473	0.154542	3.335252	0.5332002
7410	-531.1802	-559.6041	28.42391	6.839393	0.0539321	0.702702	0.0503884	0.192978	3.358643	0.2221096
7416	-532.411	-561.4121	29.00112	6.087418	0.188793	0.210616	0.330369	0.270222	3.139347	0.2612883
7422	-529.5685	-557.2966	27.72816	5.498737	0.0752336	0.662872	0.0891318	0.172762	3.139347	2.04111
7428	-526.0733	-555.6664	29.59312	3.929529	0.198217	0.645525	0.0429439	0.113314	1.739975	2.201067
7434	-525.2785	-552.9155	27.63698	12.27302	0.435482	0.152736	0.210455	0.201327	2.080834	1.420849
7440	-528.7078	-560.1291	31.42122	2.045513	0.115522	0.674307	0.0794181	0.130753	1.932283	1.606248
7446	-525.4356	-557.5779	32.14221	1.598589	0.153718	0.484426	0.267923	0.0939334	2.482724	0.7951286
7452	-530.5397	-560.6351	30.09546	4.436935	0.136136	0.326659	0.110086	0.427119	2.145617	1.395708
7458	-529.5735	-560.8436	31.27005	3.277514	0.260786	0.18515	0.318425	0.235639	1.56764	1.395708
7464	-534.0458	-563.5126	29.46681	4.871147	0.353063	0.188833	0.348093	0.11001	2.576942	1.395708
7470	-532.6452	-559.8166	27.17138	9.210222	0.482286	0.205381	0.262953	0.0493799	2.1002	2.266953
7476	-527.5643	-558.3091	30.74478	3.031798	0.285401	0.362732	0.264654	0.0872121	2.35249	1.302884
7482	-524.6638	-557.0182	32.35443	1.679638	0.154421	0.748942	0.0546633	0.0419744	2.118591	0.8987749
7488	-528.7607	-558.1064	29.34576	6.123894	0.0731093	0.44932	0.351958	0.125613	1.770136	1.704316
7494	-532.6701	-562.5017	29.83157	7.043045	0.136465	0.137323	0.68835	0.0378615	1.997311	0.811593
7500	-531.6034	-561.7452	30.14185	6.447063	0.544497	0.0724361	0.363096	0.0199715	1.880364	0.8336547
7506	-529.9734	-561.5165	31.54304	2.230318	0.540721	0.14168	0.299736	0.0178626	1.96635	1.388405
7512	-534.1048	-563.5955	29.49069	3.590189	0.340462	0.0715943	0.518831	0.0691133	2.649666	1.779622
7518	-535.7411	-565.9827	30.24162	3.88998	0.462676	0.093368	0.401491	0.0424646	2.506074	1.200879
7524	-532.3512	-563.062	30.71082	3.648602	0.162553	0.367657	0.456615	0.0131753	1.808882	1.483292
7530	-532.8067	-562.0276	29.22089	3.436438	0.294089	0.541441	0.146424	0.0180448	1.71552	2.616033
7536	-531.9257	-562.2807	30.35498	0.9486997	0.20664	0.591529	0.176615	0.025216	1.413147	3.22367
7542	-536.894	-566.8037	29.90966	4.177006	0.26977	0.521306	0.151158	0.0577662	1.564246	2.028302
7548	-532.3539	-564.4252	32.07126	1.433042	0.247809	0.478866	0.253805	0.0195203	1.765741	1.614225
7554	-537.2227	-568.3945	31.17176	1.053933	0.201635	0.441761	0.266599	0.0900049	1.221084	2.78571
7560	-535.3754	-565.8621	30.48677	2.878954	0.113975	0.371399	0.443879	0.070748	1.238401	2.324581
7566	-538.3919	-567.3046	28.91271	2.878954	0.360984	0.268394	0.146547	0.224075	1.098543	3.366743
7572	-538.0738	-565.4615	27.38772	5.466286	0.319758	0.0978203	0.545648	0.0367738	1.522166	3.260761
7578	-534.6796	-562.4585	27.77895	3.068186	0.263452	0.105917	0.590813	0.0398177	1.282502	3.852016
7584	-533.143	-562.0196	28.87665	5.508585	0.0565475	0.365042	0.340709	0.237701	1.76756	2.184765
7590	-528.8841	-561.2866	32.40253	2.129303	0.051079	0.702765	0.072662	0.173494	1.76756	0.8475065
7596	-535.3842	-567.4194	32.03522	2.553521	0.0962344	0.609694	0.128695	0.165377	1.76756	0.9322489
7602	-529.7462	-561.2097	31.46347	2.738326	0.125176	0.380872	0.223069	0.270883	2.407467	0.3528775
7608	-531.0869	-562.618	31.53116	2.554817	0.183135	0.312832	0.326353	0.17768	2.407467	0.3046008
7614	-546.4576	-571.2931	24.83552	2.781123	0.388269	0.388029	0.0631984	0.160504	1.659202	5.390686
7620	-538.8156	-566.6563	27.84066	3.269174	0.113053	0.507577	0.0251672	0.354203	1.121794	3.84199
7626	-535.0723	-564.4957	29.42344	3.269174	0.205102	0.641588	0.0251803	0.12813	1.253045	2.832572
7632	-542.6482	-570.4552	27.807	10.75562	0.647103	0.0370185	0.0631562	0.252722	2.073277	1.573284
7638	-534.7395	-562.9396	28.20006	4.951424	0.64461	0.0625522	0.0593785	0.23346	2.709612	2.164561
7644	-534.0128	-564.4725	30.45975	3.841276	0.478239	0.248057	0.1642	0.109504	2.825005	0.5865281
7650	-535.7431	-564.7982	29.05507	9.409036	0.294126	0.518132	0.15544	0.0323017	1.806292	1.067626
7656	-533.4717	-562.459	28.98727	9.409036	0.0692716	0.148857	0.42909	0.352782	2.076336	0.8560944
7662	-530.107	-558.3162	28.20926	2.514767	0.135513	0.48869	0.124978	0.250819	1.928538	3.428704
7668	-528.2954	-556.4937	28.19836	7.072475	0.22545	0.171404	0.279571	0.323574	1.886308	2.170528
7674	-533.4973	-560.4827	26.98536	7.818986	0.297163	0.121305	0.414058	0.167473	1.731711	2.871075
7680	-531.2354	-560.799	29.56357	3.851637	0.370707	0.0632454	0.385342	0.180706	1.731711	2.251075
7686	-534.0073	-562.1149	28.10753	7.771492	0.213253	0.493394	0.221672	0.0716815	1.942665	2.041623
7692	-533.6592	-564.9817	31.3225	2.945077	0.354059	0.267178	0.259752	0.119011	1.807134	1.318789
7698	-536.5856	-562.0438	25.4582	7.058777	0.611176	0.0877657	0.153998	0.14706	1.710319	3.927454
7704	-530.9392	-558.2567	27.31754	5.019061	0.332551	0.555378	0.0578313	0.0542397	2.285703	2.959497
7710	-529.5638	-557.9209	28.3571	4.296846	0.32735	0.0726816	0.519822	0.0801466	2.027429	2.684129
7716	-534.8999	-564.0085	29.1086	5.13604	0.534743	0.163561	0.13178	0.169916	2.29254	1.781757
7722	-536.4911	-564.1929	27.70185	6.613689	0.435214	0.226328	0.183638	0.15482	2.094755	2.456744
7728	-532.1296	-562.4868	30.35723	2.969704	0.224556	0.370595	0.221089	0.18376	1.961043	1.89946
7734	-536.5314	-563.2265	26.69514	5.776406	0.0879869	0.517928	0.215211	0.178874	1.62033	3.536451
7740	-539.1858	-569.0621	29.87633	4.690347	0.174495	0.680175	0.032658	0.112672	1.65311	1.828171
7746	-531.2738	-562.6245	31.35067	1.863561	0.0315926	0.635252	0.308066	0.0250892	2.579358	1.269513
7752	-521.8233	-554.422	32.59868	1.122573	0.0173938	0.5488	0.414782	0.019024	2.579358	0.5291595
7758	-525.1436	-556.9872	31.84361	1.992223	0.0126668	0.871039	0.101475	0.0148196	2.579358	0.5942943
7764	-531.6961	-563.879	32.18288	1.967271	0.0117519	0.341215	0.630073	0.0169602	2.258928	0.5942943
7770	-529.3745	-559.65	30.27546	2.853131	0.136422	0.759005	0.0803215	0.0242513	3.05082	0.1451288
7776	-540.828	-572.0636	31.23559	1.549855	0.0228952	0.157146	0.749362	0.0705972	3.05082	0.1495625
7782	-538.4234	-565.16	26.73666	7.764524	0.207126	0.348542	0.100583	0.343749	1.319875	3.276006
7788	-537.4314	-567.1589	29.72755	5.546984	0.109944	0.185008	0.316	0.389048	2.139216	1.309956
7794	-534.8815	-564.7149	29.83341	5.546984	0.336563	0.18945	0.43923	0.0347565	2.133392	1.227377
7800	-533.5485	-564.7066	31.15807	2.139258	0.283002	0.113372	0.523884	0.0797414	2.096113	1.628363
7806	-531.6535	-561.7497	30.09617	2.669237	0.379524	0.161953	0.347191	0.111332	2.214573	2.029727
7812	-532.7132	-565.3247	32.61151	1.461647	0.0114601	0.0245297	0.729943	0.234068	2.088317	0.8490178
7818	-536.5397	-563.0898	26.55008	17.92684	0.0369395	0.00824337	0.810694	0.144123	2.776468	0.7099435
7824	-532.6522	-560.311	27.65887	7.415444	0.320506	0.0133567	0.577313	0.0888246	2.185663	2.2512
7830	-531.2667	-560.5987	29.33193	5.093636	0.386979	0.143983	0.335913	0.133125	1.72635	2.026619
7836	-528.1748	-558.1771	30.00237	5.7634	0.142951	0.517593	0.219297	0.120159	2.340569	0.7496172
7842	-533.2019	-563.3188	30.11691	3.966517	0.132393	0.533418	0.2031	0.131089	3.096407	0.6099661
7848	-531.4932	-563.4583	31.96509	2.065491	0.399824	0.379966	0.170481	0.0497283	2.313306	0.7664916
7854	-533.9233	-561.0387	27.11533	16.92435	0.12502	0.416453	0.0543605	0.404166	2.256424	0.8870331
7860	-533.5887	-564.7046	31.11592	1.498047	0.203094	0.642803	0.113171	0.040931	2.054755	2.034852
7866	-531.6213	-563.4984	31.87716	1.410769	0.304832	0.252901	0.355573	0.0866936	1.886267	1.681155
7872	-530.1547	-562.2065	32.05181	1.364566	0.141575	0.541329	0.203785	0.113311	1.658993	1.747385
7878	-530.8678	-562.1924	31.32457	3.010897	0.45035	0.108701	0.353346	0.0876031	1.723324	1.35248
7884	-531.9747	-560.4712	28.4965	9.227808	0.192332	0.332028	0.323077	0.152563	1.619981	1.697321
7890	-533.1511	-561.3465	28.1954	10.25415	0.41032	0.173167	0.0910345	0.325478	2.798047	0.4153494
7896	-533.3798	-562.2905	28.91068	7.408067	0.139135	0.432357	0.143853	0.284656	2.238259	1.341307
7902	-535.5016	-565.5357	30.03413	6.180736	0.14098	0.0807359	0.16816	0.610124	1.921407	1.014334
7908	-540.2348	-566.0493	25.81453	12.75595	0.140783	0.0806229	0.415959	0.362635	2.729299	2.163436
7914	-544.056	-569.9562	25.90017	6.325399	0.34943	0.409109	0.155592	0.0858694	0.04512652	4.766174
7920	-538.554	-566.0607	27.50667	7.510299	0.284301	0.051118	0.493788	0.170792	2.259012	2.281753
7926	-546.1915	-572.9616	26.77004	12.67039	0.273775	0.210872	0.253924	0.261429	1.684193	2.233802
7932	-536.8967	-564.6053	27.70854	12.67039	0.404124	0.140829	0.200349	0.254698	2.572164	0.8186901
7938	-533.7284	-560.6733	26.94495	12.67039	0.243992	0.23605	0.217479	0.302479	3.171341	1.001845
7944	-533.1302	-562.7311	29.60089	2.78075	0.103541	0.709237	0.078308	0.108914	2.298793	2.251861
7950	-531.5622	-561.4694	29.90713	5.026924	0.1508	0.603218	0.15747	0.0885117	2.505059	1.021406
7956	-534.5701	-563.8455	29.27543	5.569526	0.257787	0.161047	0.429858	0.151308	2.135584	1.648092
7962	-532.0736	-563.123	31.0494	1.079157	0.217698	0.187134	0.517422	0.077746	1.657035	2.577744
7968	-535.0104	-565.1793	30.16884	4.365941	0.241326	0.0989119	0.573578	0.086184	1.874973	1.569852
7974	-534.9657	-566.9506	31.98492	1.520664	0.283087	0.159903	0.484249	0.0727616	2.023354	1.42992
7980	-533.0362	-562.3079	29.27176	8.792069	0.261386	0.082005	0.489335	0.167274	1.663845	1.160263
7986	-536.4788	-567.8742	31.39535	0.5952424	0.114781	0.354801	0.395292	0.135127	1.219605	2.938811
7992	-535.5709	-565.96	30.38916	2.212999	0.124634	0.299416	0.429224	0.146726	2.043381	2.152134
7998	-539.0393	-567.347	28.30769	4.208701	0.259467	0.315861	0.142792	0.28188	2.515645	2.437839
8004	-533.8725	-564.1825	30.30997	2.638099	0.31319	0.381262	0.171055	0.134493	2.520029	1.68791
8010	-531.474	-561.3884	29.91441	3.597875	0.231293	0.339852	0.180405	0.248451	2.534052	1.556542
8016	-535.1972	-565.4594	30.26216	3.340499	0.108782	0.608342	0.118996	0.16388	2.938611	1.057782
8022	-535.2842	-566.6689	31.38468	1.592232	0.151078	0.133219	0.587644	0.128059	2.54312	1.445068
8028	-540.8379	-572.0216	31.18374	2.697157	0.586597	0.0381838	0.349638	0.0255818	2.706841	0.6950451
8034	-543.5483	-570.8961	27.3478	10.36919	0.358786	0.151539	0.176176	0.313498	3.202064	0.1672177
8040	-544.1143	-573.7242	29.60991	2.875733	0.431389	0.128449	0.211826	0.228337	3.543382	0.1170169
8046	-541.71	-570.906	29.19602	2.956124	0.255671	0.227057	0.374443	0.14283	3.543382	0.07463488
8052	-536.3289	-565.204	28.87516	3.113029	0.220515	0.408779	0.328557	0.0421487	3.543382	0.05743459
8058	-532.2677	-560.8381	28.57034	4.03981	0.0658139	0.864404	0.0581312	0.0116506	3.690721	0.08554227
8064	-536.1748	-565.6362	29.46139	4.128293	0.0925644	0.777937	0.107878	0.0216208	3.278308	0.1711695
8070	-529.9726	-561.0529	31.08034	1.995879	0.0582303	0.68387	0.238893	0.0190065	3.032243	0.197637
8076	-529.152	-558.1454	28.99334	6.947697	0.0562771	0.660931	0.240475	0.0423165	2.854132	0.2718535
8082	-526.3487	-558.2397	31.89103	2.26234	0.269408	0.369157	0.347641	0.0137947	2.349462	0.5305634
8088	-526.544	-558.5968	32.05279	1.691346	0.269408	0.369157	0.347641	0.0137947	2.609019	0.5841835
8094	-531.2869	-562.0159	30.72907	4.435055	0.430999	0.183478	0.370809	0.014714	2.233504	0.6638352
8100	-537.524	-570.3601	32.83607	1.130846	0.375411	0.332495	0.280946	0.0111482	2.280609	0.6846822
8106	-530.2843	-560.86	30.57562	4.671456	0.514536	0.275791	0.201671	0.00800247	2.322204	0.4956195
8112	-530.7713	-560.0425	29.27118	7.500162	0.151644	0.675774	0.171643	0.000939507	2.515453	0.3911977
8118	-527.1054	-559.0799	31.97444	1.674611	0.274282	0.367004	0.34694	0.0117736	2.592909	0.2926628
8124	-530.1267	-561.4906	31.36393	2.200707	0.155933	0.171565	0.665808	0.00669345	2.83929	0.3231855
8130	-534.2593	-564.7871	30.52775	4.603342	0.445562	0.374956	0.164853	0.0146286	2.052507	1.040951
8136	-532.3235	-560.1781	27.85455	7.520386	0.186679	0.550034	0.241829	0.0214591	1.644409	2.448792
8142	-528.0885	-558.4468	30.35828	3.740584	0.338966	0.131563	0.437174	0.0922965	1.667706	1.803702
8148	-537.4391	-562.9184	25.47931	19.43625	0.243896	0.264375	0.306261	0.185468	1.849019	2.132959
8154	-539.3567	-570.5495	31.19282	2.076963	0.224502	0.601882	0.119002	0.0546143	2.41813	1.395616
8160	-528.397	-560.4537	32.05663	1.212535	0.230016	0.363418	0.302578	0.103988	2.113677	1.516665
8166	-529.8482	-561.5691	31.72097	2.282961	0.147973	0.221711	0.463348	0.166968	1.583179	1.516665
8172	-526.4614	-558.2034	31.742	2.369803	0.0999347	0.416382	0.462163	0.0215206	2.017685	1.096712
8178	-532.6926	-564.5767	31.8841	0.7231889	0.104541	0.47944	0.411779	0.00424007	1.795887	2.1921
8184	-529.4355	-561.2002	31.76476	2.121012	0.156012	0.117215	0.633075	0.0936984	1.8105	1.398286
8190	-532.7352	-562.1783	29.44311	4.382589	0.247851	0.0368706	0.649506	0.0657721	1.322011	2.422085
8196	-528.715	-559.0256	30.31055	3.945673	0.105905	0.251349	0.445116	0.197629	2.124564	1.430522
8202	-534.232	-565.7897	31.55767	2.43097	0.136142	0.214453	0.529281	0.120124	2.506746	0.6965757
8208	-528.023	-556.5015	28.4785	10.75114	0.550799	0.158185	0.278368	0.0126478	2.399211	0.4567997
8214	-537.1529	-565.1034	27.95051	15.19445	0.732896	0.0833744	0.179583	0.00414673	1.841765	0.7651949
8220	-531.3095	-561.5571	30.24753	6.441732	0.17574	0.602659	0.175805	0.0457947	1.744464	0.8725181
8226	-528.6755	-561.5436	32.86808	1.375537	0.281173	0.364283	0.281276	0.0732682	1.744464	1.024774
8232	-531.079	-563.0745	31.99548	1.994256	0.0503791	0.572437	0.303007	0.0741772	2.072675	1.060488
8238	-532.4023	-559.732	27.3297	10.72948	0.146384	0.553468	0.174233	0.125916	1.534623	2.267283
8244	-530.6257	-556.9377	26.31198	16.29477	0.12727	0.466362	0.144153	0.262215	1.352817	2.267283
8250	-526.2981	-557.5539	31.25579	2.819724	0.143918	0.80117	0.0457964	0.00911551	1.349257	1.765312
8256	-520.6357	-553.313	32.67728	1.597319	0.107134	0.85056	0.0323141	0.00999142	1.789362	0.9786289
8262	-525.5112	-557.3319	31.82071	1.452175	0.0839532	0.683302	0.224915	0.00782956	1.789362	1.763526
8268	-526.3171	-559.4357	33.11868	1.322092	0.207514	0.171509	0.603424	0.0175527	1.583953	0.9830518
8274	-527.3014	-556.8177	29.51632	7.732985	0.123968	0.342978	0.522013	0.0110407	2.130505	0.746275
8280	-523.9427	-555.3176	31.37492	3.097355	0.0965567	0.487538	0.406586	0.00931882	2.326121	0.449284
8286	-525.0267	-556.0073	30.98061	4.218934	0.0909657	0.783165	0.113053	0.0128161	2.104444	0.619595
8292	-525.0596	-555.6092	30.54959	4.450384	0.0180326	0.481928	0.45248	0.0475594	1.789041	1.313384
8298	-529.5523	-559.1913	29.63895	0.5514688	0.00155855	0.583093	0.365215	0.0501331	1.171798	4.020383
8304	-531.3984	-558.9977	27.5993	10.30651	0.521677	0.0164307	0.44999	0.0119023	1.385428	2.259824
8310	-525.9822	-555.0247	29.04248	4.779003	0.357832	0.230996	0.338173	0.0729985	1.379764	2.522906
8316	-527.2378	-559.127	31.88924	1.273472	0.190632	0.592465	0.137696	0.0792067	1.630125	1.935753
8322	-526.7299	-558.0831	31.35316	3.283154	0.143082	0.729314	0.0917695	0.0358347	2.214705	0.6361907
8328	-535.1354	-567.046	31.91061	1.114679	0.20365	0.65152	0.0745962	0.070234	3.269511	0.562368
8334	-531.1868	-563.4114	32.22461	1.192052	0.131667	0.378798	0.426599	0.0629373	2.547922	1.033356
8340	-532.282	-563.0712	30.78922	1.427933	0.109109	0.447774	0.260974	0.182143	1.718355	2.49988
8346	-534.8599	-565.1567	30.29677	2.155322	0.0358539	0.721115	0.0857579	0.157273	1.504662	2.578802
8352	-543.956	-574.1204	30.16442	4.827136	0.0139617	0.104313	0.792011	0.0897141	2.503796	0.8383369
8358	-543.4369	-574.1213	30.68444	4.312606	0.0137543	0.182768	0.780245	0.0232322	2.20301	0.8595479
8364	-537.3732	-565.2043	27.83113	10.27116	0.0430616	0.233078	0.699828	0.0240319	2.150894	1.590028
8370	-537.5846	-568.5683	30.98362	1.244741	0.131917	0.434149	0.333144	0.10079	2.26529	2.132752
8376	-542.3454	-573.6605	31.31507	2.424756	0.175473	0.070872	0.64236	0.111295	2.484264	1.023734
8382	-537.957	-565.768	27.81101	10.72681	0.232332	0.155072	0.471499	0.141097	2.633658	0.1638959
8388	-530.8299	-562.7796	31.9497	1.422192	0.203901	0.48977	0.256397	0.0499326	2.633658	0.1988849
8394	-529.063	-560.5445	31.48156	2.285691	0.140759	0.45314	0.357428	0.0486723	2.641699	0.3062984
8400	-543.4036	-572.2739	28.87031	10.22816	0.0420893	0.77565	0.0020958	0.180165	1.931681	0.9025214
8406	-538.6631	-569.4369	30.7738	2.958172	0.040064	0.755934	0.0149781	0.189024	2.85787	0.8357366
8412	-530.7828	-562.137	31.35422	3.278349	0.078491	0.376556	0.318327	0.226626	2.240683	0.5623306
8418	-534.6927	-564.4738	29.78109	6.790132	0.195216	0.403916	0.296472	0.104396	2.240683	0.6413116
8424	-532.4599	-562.8241	30.3642	4.443341	0.142973	0.256903	0.588848	0.0112756	1.454755	1.705489
8430	-531.8247	-562.1397	30.31491	4.04299	0.210286	0.410181	0.369142	0.0103919	1.804944	1.628579
8436	-528.1485	-558.5848	30.43637	2.512788	0.125613	0.451684	0.385186	0.037517	1.980672	2.026904
8442	-532.7088	-559.6984	26.98963	11.15778	0.240372	0.670276	0.00374487	0.0856073	1.988237	2.124487
8448	-535.7284	-567.8735	32.14511	2.203548	0.17486	0.741305	0.00232438	0.0815103	1.568951	1.238437
8454	-534.6266	-567.2914	32.66477	0.5996749	0.237595	0.304838	0.249977	0.20759	1.541086	1.931072
8460	-535.0746	-563.5811	28.50655	8.206924	0.480636	0.44165	0.0544671	0.0232467	2.025213	1.615495
8466	-538.5699	-566.6575	28.08767	10.45409	0.0861537	0.552878	0.267689	0.0932788	1.811742	1.615495
8472	-531.5687	-561.786	30.21727	3.028346	0.446065	0.22323	0.167958	0.162747	1.662363	2.167147
8478	-532.309	-561.6875	29.37848	2.555588	0.516291	0.107489	0.149426	0.226793	1.391218	3.03894
8484	-534.2955	-564.5917	30.29613	3.639351	0.588292	0.0966079	0.281998	0.0331023	1.589244	1.936125
8490	-542.092	-561.9429	19.85093	16.30052	0.213754	0.025159	0.723517	0.0375695	0.9967266	6.176397
8496	-532.9379	-562.847	29.9091	5.460755	0.16474	0.0267274	0.768621	0.0399116	1.88301	1.39694
8502	-534.2733	-564.9785	30.7052	2.278263	0.580816	0.156445	0.252137	0.0106023	2.9267	1.262873
8508	-524.9225	-556.12	31.19752	1.528612	0.358404	0.202661	0.432393	0.00654235	1.581298	2.272983
8514	-526.48	-557.4645	30.98451	1.898434	0.119271	0.476499	0.402052	0.00217719	1.405834	2.329316
8520	-531.8601	-561.0067	29.14666	4.993533	0.0551177	0.103148	0.837201	0.00453361	1.255477	2.476487
8526	-525.9386	-557.3542	31.41554	1.246627	0.0329276	0.464216	0.500148	0.0027084	1.853001	2.118768
8532	-528.2222	-559.1142	30.89207	2.482657	0.0699091	0.831419	0.0775647	0.0211067	1.956307	1.746947
8538	-540.9053	-570.3536	29.44835	3.132804	0.21323	0.276725	0.397937	0.112107	1.605638	2.649714
8544	-543.9486	-571.1915	27.2429	5.94603	0.146275	0.585285	0.138898	0.129542	1.039889	3.517031
8550	-542.502	-568.2066	25.70461	13.55497	0.0836349	0.588353	0.112868	0.215144	1.996654	2.587049
8556	-537.0604	-564.5394	27.47905	7.455838	0.437918	0.342559	0.075537	0.143986	1.81951	2.587049
8562	-543.888	-571.3187	27.43066	9.72845	0.467097	0.188329	0.08057	0.264005	2.054406	2.034064
8568	-542.5295	-572.3988	29.86932	2.831125	0.355056	0.129797	0.129636	0.385511	1.69126	2.447351
8574	-542.2637	-571.843	29.57932	5.341858	0.239694	0.536276	0.103799	0.120231	1.647525	1.842433
8580	-540.0763	-572.2999	32.22363	1.525847	0.103725	0.473328	0.323066	0.0998804	1.937577	1.305858
8586	-536.063	-564.5288	28.4658	6.93695	0.341258	0.0807052	0.286516	0.291521	3.157014	1.072095
8592	-543.0824	-573.4309	30.34857	2.427025	0.459931	0.108771	0.386153	0.0451449	2.556274	1.733579
8598	-538.323	-568.3276	30.0046	3.951686	0.156142	0.551156	0.275652	0.01705	2.013514	1.733579
8604	-539.9014	-570.0076	30.10617	3.278355	0.12406	0.14535	0.728348	0.00224089	2.272089	1.733579
8610	-539.5422	-566.5506	27.00843	10.56491	0.687098	0.0365426	0.0368751	0.239485	1.848047	2.299157
8616	-538.5794	-569.8523	31.27293	1.359338	0.0324894	0.689365	0.107582	0.170563	2.083531	1.992552
8622	-541.219	-563.871	22.652	6.031753	0.24908	0.189498	0.250196	0.311227	1.019392	6.079979
8628	-541.5674	-564.3587	22.79128	5.911054	0.0264477	0.916838	0.0236682	0.0330465	0.9264966	6.079979
8634	-542.5796	-573.8441	31.26453	2.753302	0.0127161	0.670554	0.106107	0.210622	2.14898	1.180774
8640	-539.3592	-565.7797	26.42054	18.14444	0.0733927	0.122649	0.399371	0.404587	1.625014	1.795768
8646	-538.6635	-568.1898	29.52634	5.91817	0.0888182	0.374	0.137938	0.399244	1.721201	1.666622
8652	-533.2351	-563.7723	30.53716	3.656307	0.00992456	0.426783	0.521828	0.0414648	1.630324	1.736022
8658	-531.1645	-561.6893	30.52486	3.132142	0.14126	0.049997	0.773608	0.0351349	1.652166	1.929895
8664	-537.3686	-569.028	31.65937	1.691641	0.266274	0.115424	0.46129	0.157012	2.560856	1.138466
8670	-534.0113	-562.4015	28.39016	8.445998	0.151071	0.773294	0.045645	0.0299905	2.064196	1.618826
8676	-531.5881	-561.1571	29.56903	5.920698	0.462609	0.15741	0.334139	0.0458424	1.790175	1.585282
8682	-531.9274	-562.2485	30.32104	4.268678	0.341382	0.216743	0.418759	0.0231161	2.344016	1.108396
8688	-532.5618	-562.4492	29.88742	2.3253	0.202114	0.128322	0.633576	0.035988	2.300374	2.259385
8694	-529.0957	-557.8874	28.79168	5.823973	0.366235	0.300526	0.248956	0.0842831	3.179294	1.128069
8700	-539.9937	-571.1395	31.14583	3.421275	0.00299512	0.291106	0.3433	0.362599	1.589366	1.41277
8706	-539.3394	-569.6289	30.28957	6.459877	0.000833091	0.615558	0.282752	0.100857	1.589366	0.9877793
8712	-541.8733	-573.9108	32.0375	0.7260154	0.000177246	0.454868	0.508413	0.0365421	1.735904	2.129378
8718	-536.8241	-567.7077	30.88358	2.119935	0.0103679	0.401721	0.562464	0.0254478	1.650865	2.129378
8724	-546.2198	-577.3499	31.13003	3.343063	0.00338659	0.131219	0.765186	0.100208	1.932707	1.181304
8730	-540.799	-572.0668	31.26778	1.487277	0.0696141	0.438593	0.178251	0.313543	1.679854	2.187104
8736	-541.5435	-568.7094	27.16591	5.762893	0.0800192	0.433173	0.0336114	0.453197	2.387664	2.804023
8742	-544.6948	-573.9908	29.29598	5.697811	0.622869	0.0689985	0.16798	0.140152	2.958228	0.8963051
8748	-538.9541	-565.4314	26.4773	11.35354	0.29702	0.155792	0.0728537	0.474334	2.341449	2.196844
8754	-535.1376	-564.4947	29.35709	4.776902	0.522439	0.0436998	0.212863	0.220998	1.836397	2.028759
8760	-543.8945	-570.9693	27.0748	9.153624	0.0291574	0.487212	0.369808	0.113823	3.034228	1.71747
8766	-549.0006	-575.1607	26.16003	7.734997	0.237767	0.0854208	0.517524	0.159289	2.615609	2.851858
8772	-545.9874	-576.3244	30.33701	4.718154	0.034509	0.310179	0.281539	0.373773	2.107288	1.119052
8778	-539.5968	-570.189	30.59212	1.805304	0.0136476	0.548766	0.202445	0.235142	2.593233	1.85409
8784	-539.1796	-570.3085	31.12885	2.835192	0.12158	0.424763	0.299433	0.154224	2.100944	1.292128
8790	-539.8081	-567.8688	28.0607	3.941471	0.125123	0.437139	0.27902	0.158718	1.662834	3.188063
8796	-539.7601	-567.5022	27.74206	9.025028	0.120932	0.448357	0.122239	0.308471	1.723018	2.176195
8802	-543.2856	-572.7706	29.48502	7.576694	0.290147	0.0755362	0.137077	0.497239	1.945303	1.050975
8808	-536.0983	-566.4522	30.35396	4.675351	0.394127	0.231607	0.120384	0.253882	2.412575	0.7994209
8814	-535.259	-564.331	29.07198	8.216899	0.474004	0.164297	0.0563639	0.305335	2.425866	0.3175715
8820	-536.5254	-565.5973	29.07198	8.216899	0.316412	0.572307	0.0174761	0.0938048	2.425866	0.3175715
8826	-539.56	-570.8437	31.28372	3.192483	0.388918	0.309119	0.0474217	0.254542	2.116637	0.9422563
8832	-545.0936	-574.5819	29.48824	2.30408	0.31398	0.399725	0.118846	0.167449	1.316364	3.119667
8838	-547.2635	-575.7259	28.46241	3.990892	0.425346	0.437715	0.00313178	0.133807	1.351324	3.119667
8844	-545.4186	-575.8575	30.4389	2.983439	0.498837	0.302486	0.00386404	0.194813	1.282439	2.286533
8850	-540.1038	-569.1778	29.07404	2.983439	0.331715	0.547136	0.00333168	0.117817	1.126024	3.218038
8856	-537.7184	-565.2292	27.51075	3.59793	0.607519	0.168948	0.0135755	0.209958	1.103218	3.937862
8862	-537.9459	-563.5349	25.58901	10.29318	0.499869	0.139011	0.223111	0.138009	1.079625	3.660809
8868	-536.4415	-564.1782	27.73672	4.223144	0.552087	0.163911	0.216615	0.0673874	1.040247	3.660809
8874	-547.0218	-575.2455	28.22372	3.716582	0.10745	0.527278	0.016017	0.349255	1.183921	3.442314
8880	-546.9828	-577.2457	30.26288	1.227515	0.0214646	0.541039	0.231276	0.20622	2.026527	2.747108
8886	-549.914	-581.5036	31.58962	1.634291	0.252581	0.368896	0.202884	0.175639	2.516309	1.276388
8892	-540.0598	-569.8485	29.78875	3.210928	0.172021	0.344877	0.341968	0.141134	1.818446	2.274049
8898	-540.7297	-567.2804	26.55077	18.23874	0.107276	0.232099	0.194434	0.466191	2.121005	1.321156
8904	-540.444	-570.6676	30.22361	1.56204	0.16386	0.528495	0.235975	0.0716703	1.382397	2.980693
8910	-535.7733	-565.7133	29.94005	2.44252	0.245391	0.52052	0.133069	0.10102	1.463006	2.700949
8916	-532.9444	-562.9119	29.96747	0.909702	0.11606	0.498408	0.294	0.0915318	1.164865	3.619315
8922	-534.3488	-560.8479	26.49908	5.058658	0.0866741	0.716902	0.137504	0.0589193	0.67021	4.361883
8928	-530.0547	-560.3524	30.29771	0.9663962	0.13576	0.546631	0.245888	0.0717204	1.224824	3.357921
8934	-543.2041	-570.8028	27.59874	3.666475	0.62358	0.0597944	0.290064	0.0265608	1.219923	3.799355
8940	-539.6148	-567.4628	27.84803	3.460111	0.201798	0.537894	0.239103	0.0212041	0.9019613	3.902742
8946	-536.9342	-563.1677	26.23342	5.935968	0.449067	0.314267	0.139938	0.0967288	0.9517934	4.150573
8952	-535.194	-562.6023	27.40829	8.473449	0.291509	0.175658	0.498601	0.0342312	1.235972	2.792324
8958	-538.9245	-567.4737	28.5492	5.356947	0.428728	0.00849888	0.253089	0.309684	1.187403	2.792324
8964	-530.5049	-562.4268	31.92197	0.6848397	0.00163427	0.514681	0.365231	0.118454	2.40729	1.785068
8970	-531.5684	-562.9449	31.37643	3.384941	0.200759	0.453507	0.0795366	0.266198	2.08188	0.733648
8976	-534.3709	-565.4326	31.06168	2.699883	0.303911	0.0799042	0.509886	0.106298	2.228598	1.311994
8982	-534.37	-565.2633	30.89337	3.598117	0.231068	0.407518	0.176583	0.184831	1.789553	1.37852
8988	-541.1539	-566.7483	25.5944	21.63456	0.0999424	0.216334	0.591126	0.0925972	1.861178	1.818845
8994	-537.7849	-568.2933	30.50842	5.043204	0.55203	0.219324	0.0204011	0.208245	2.21179	0.5865382
9000	-537.5501	-567.8406	30.29048	3.865474	0.36221	0.585871	0.0414207	0.0104986	2.21179	1.410192
9006	-531.224	-563.1449	31.92088	1.948714	0.254237	0.685054	0.048433	0.0122759	2.294968	0.9475997
9012	-533.0424	-563.4854	30.44298	1.019584	0.000920534	0.631205	0.294636	0.0732387	1.427073	3.120915
9018	-528.6973	-561.3772	32.67995	1.69801	0.00371936	0.480892	0.452278	0.0631111	1.982677	0.559239
9024	-529.8881	-559.9447	30.0566	5.66303	0.0506727	0.748226	0.102906	0.0981954	1.791879	1.28696
9030	-535.4982	-567.5331	32.03482	1.401659	0.067684	0.340762	0.460394	0.13116	1.636891	1.751565
9036	-528.0568	-558.7563	30.69957	1.25244	0.0733518	0.474421	0.351959	0.100269	1.261408	2.932329
9042	-530.3722	-558.0811	27.70883	4.435655	0.069105	0.525976	0.313941	0.0909785	1.103634	3.581502
9048	-529.6288	-558.0674	28.43858	4.474345	0.103495	0.787729	0.101922	0.00685414	0.8668788	3.282348
9054	-527.3827	-556.9687	29.58593	1.597208	0.0883533	0.550776	0.356079	0.00479238	1.483527	3.282348
9060	-531.3349	-562.9527	31.61779	2.390666	0.0909655	0.744017	0.155149	0.00986877	1.97373	1.231702
9066	-523.1943	-554.4509	31.25665	2.06615	0.137273	0.49364	0.354916	0.0141712	1.865574	1.759938
9072	-527.8936	-557.2389	29.34533	7.792786	0.302743	0.460155	0.205849	0.0312532	2.180941	0.8785964
9078	-531.5517	-562.5008	30.94909	3.318519	0.0596821	0.626368	0.271408	0.0425423	2.479945	0.8264087
9084	-539.6681	-569.4003	29.73227	3.331273	0.244253	0.223127	0.425154	0.107466	1.936635	2.190219
9090	-533.8631	-562.9109	29.04775	6.25699	0.498523	0.078151	0.326844	0.0964813	1.29825	2.189593
9096	-533.1527	-560.5056	27.35292	4.782035	0.529942	0.0519928	0.38431	0.0337549	1.287197	3.589608
9102	-531.5032	-560.9086	29.40544	6.921388	0.333322	0.554103	0.0889856	0.02359	1.633757	1.551361
9108	-531.9585	-558.863	26.90457	8.406868	0.578119	0.150813	0.232242	0.0388267	1.311099	3.062907
9114	-532.2782	-561.6845	29.40631	2.367731	0.61254	0.0435189	0.302803	0.0411385	1.449453	3.062907
9120	-529.4023	-560.4329	31.03061	2.645543	0.402565	0.4482	0.122198	0.0270365	1.590673	1.830385
9126	-534.4701	-563.4344	28.9643	3.48361	0.333693	0.574918	0.0427718	0.0486165	1.188374	3.075924
9132	-537.2813	-567.6644	30.38307	3.787457	0.10731	0.731266	0.0604142	0.10101	1.97518	1.549366
9138	-535.92	-565.9488	30.02882	6.364471	0.124217	0.432174	0.0357045	0.407904	2.056815	0.7904712
9144	-540.8949	-570.0904	29.19553	5.48986	0.148077	0.283242	0.164481	0.4042	2.056815	1.782857
9150	-537.2672	-565.3083	28.04102	2.729949	0.426913	0.0085739	0.219754	0.344759	1.390481	3.758006
9156	-534.9535	-560.5214	25.56787	13.0332	0.398078	0.000554182	0.533551	0.0678167	1.820069	2.848215
9162	-529.9123	-561.7406	31.82831	2.292193	0.326257	0.0240128	0.561417	0.0883128	1.620305	1.401841
9168	-537.5798	-565.5465	27.96668	9.528204	0.0721222	0.717523	0.181763	0.0285919	1.719288	1.936504
9174	-530.5541	-559.556	29.00197	7.766799	0.108468	0.516509	0.354441	0.0205819	1.984516	1.377483
9180	-530.692	-559.0556	28.36355	5.909743	0.189629	0.304714	0.502021	0.00363596	2.216236	2.123188
9186	-533.2354	-561.5303	28.29492	12.18284	0.222881	0.0339775	0.741554	0.00158782	1.851378	1.079693
9192	-535.4268	-565.9191	30.49227	4.703988	0.409064	0.24088	0.204545	0.145511	2.103551	0.9802916
9198	-534.3595	-562.4335	28.07407	11.43746	0.122893	0.391047	0.313011	0.173049	2.250814	1.07733
9204	-537.3863	-565.7466	28.36031	5.871874	0.276286	0.404739	0.0467015	0.272274	1.775769	2.417238
9210	-537.3032	-566.7851	29.48197	4.500221	0.363413	0.319096	0.0464841	0.271007	1.544069	2.220663
9216	-535.6057	-562.1868	26.58113	12.83459	0.593113	0.160188	0.083494	0.163205	1.792075	2.262359
9222	-533.9394	-562.067	28.12754	8.696637	0.320083	0.473468	0.0565629	0.149886	1.386083	2.20671
9228	-531.5538	-561.3551	29.80129	5.321988	0.519095	0.185082	0.0885703	0.207253	1.257944	1.961732
9234	-532.1143	-562.4663	30.35205	5.321988	0.0433677	0.717984	0.173996	0.0646529	2.182069	0.7300591
9240	-547.3758	-574.0504	26.67465	11.83069	0.400573	0.313725	0.257094	0.028608	3.921879	0.6109227
9246	-541.5952	-573.5587	31.96348	0.4898252	0.21633	0.414789	0.349403	0.0194782	3.737136	0.2872868
9252	-534.4259	-564.7252	30.29933	3.64653	0.0693478	0.524961	0.365314	0.0403777	2.198014	1.50093
9258	-531.5924	-563.6178	32.02536	1.501478	0.0688435	0.521144	0.369929	0.0400841	1.905853	1.50093
9264	-531.4379	-563.3194	31.88155	1.493474	0.0240593	0.582032	0.3799	0.0140085	1.882402	1.628937
9270	-535.2386	-566.9297	31.69109	1.960642	0.0221827	0.532756	0.345559	0.0995029	2.708192	0.6997262
9276	-531.7856	-561.6061	29.82044	5.045599	0.331494	0.258784	0.310159	0.099562	2.05047	1.470091
9282	-529.2426	-559.4015	30.15899	3.342689	0.0238065	0.647801	0.0893754	0.239017	1.306771	2.316645
9288	-527.4284	-560.3408	32.91243	0.7534441	0.0308459	0.482502	0.188031	0.298621	1.574628	1.62197
9294	-532.7383	-561.1461	28.40783	1.103882	0.0133332	0.726981	0.0218763	0.237809	1.422977	4.253982
9300	-530.0825	-558.7157	28.63315	5.606433	0.0134333	0.732441	0.0145299	0.239595	1.106384	2.72848
9306	-535.6101	-563.239	27.62893	7.141905	0.16395	0.340867	0.100424	0.394759	1.696059	2.635613
9312	-539.3361	-565.8221	26.48599	13.93295	0.377635	0.327882	0.0221885	0.272294	1.219848	2.534669
9318	-532.7672	-558.4765	25.70938	5.976336	0.219507	0.459385	0.162832	0.158276	1.565083	4.090942
9324	-528.7108	-554.5203	25.80948	9.553628	0.340845	0.487389	0.0430973	0.128669	1.171522	3.594775
9330	-535.7201	-562.1918	26.47171	7.643834	0.185045	0.198542	0.296365	0.320047	1.078988	3.594775
9336	-528.6397	-558.5814	29.94172	3.338705	0.400198	0.0677969	0.251722	0.280283	1.762401	2.164658
9342	-532.5473	-562.912	30.36468	5.411312	0.0240012	0.197268	0.723233	0.0554969	1.918055	0.9891669
9348	-530.2451	-561.8076	31.56256	3.078019	0.183325	0.134316	0.614967	0.0673925	1.788246	1.058629
9354	-529.4616	-556.8798	27.41815	14.64248	0.207017	0.369255	0.168026	0.255701	2.275784	1.005802
9360	-533.8761	-562.4876	28.6115	11.11211	0.235198	0.155556	0.46795	0.141296	2.178666	0.5254927
9366	-530.2905	-559.5806	29.29011	7.486892	0.168669	0.0899844	0.471058	0.270289	2.368379	0.8388629
9372	-526.3368	-558.4817	32.14492	2.076933	0.162213	0.396512	0.391477	0.0497986	2.124033	0.7679316
9378	-537.8084	-567.2351	29.42677	7.616933	0.134037	0.00873949	0.572411	0.284812	2.319569	0.3873293
9384	-538.34	-565.8806	27.54056	9.163901	0.284375	0.234069	0.288367	0.193189	2.098109	2.036336
9390	-540.2466	-568.8033	28.55676	4.820454	0.277273	0.254895	0.31295	0.154882	2.605915	2.036336
9396	-532.7669	-563.1055	30.33861	3.730261	0.389084	0.0112296	0.414287	0.1854	2.326843	1.336944
9402	-533.9227	-563.6285	29.70576	4.624294	0.104149	0.432327	0.208233	0.255291	3.069011	0.8190225
9408	-530.9052	-561.0268	30.12165	2.621648	0.0336995	0.816318	0.0673779	0.0826043	3.877174	0.4780669
9414	-534.2781	-564.8405	30.56241	2.621648	0.00442911	0.692086	0.0641736	0.239311	2.015129	1.870935
9420	-541.3259	-570.6197	29.2938	8.84272	0.134145	0.328667	0.49906	0.0381278	1.64145	1.147512
9426	-545.8428	-574.4208	28.57801	5.375799	0.459776	0.14688	0.214857	0.178487	1.678742	2.46627
9432	-526.8912	-559.0121	32.12094	1.297284	0.117146	0.456671	0.387229	0.0389543	2.38038	1.190958
9438	-524.8211	-557.346	32.52489	1.884341	0.0787042	0.678189	0.180865	0.0622409	1.44841	1.219867
9444	-529.4447	-559.7616	30.31685	4.209014	0.318555	0.210017	0.348645	0.122782	2.367849	1.116718
9450	-530.4112	-561.027	30.61573	4.623675	0.250682	0.444029	0.26534	0.0399484	1.835798	1.150861
9456	-525.2031	-556.5212	31.31812	2.233466	0.278332	0.487602	0.220457	0.0136086	2.710387	0.2310105
9462	-525.5267	-556.4494	30.92277	3.427836	0.120115	0.564899	0.296672	0.0183133	1.679161	1.511299
9468	-527.8036	-560.2686	32.46504	1.738969	0.0804313	0.585327	0.314809	0.0194328	1.59596	1.242688
9474	-521.622	-553.4873	31.8653	1.147919	0.0298621	0.462574	0.426508	0.0810553	1.784633	1.92732
9480	-531.0768	-560.2283	29.1515	7.912549	0.0491664	0.193936	0.702224	0.0546738	2.176036	1.046294
9486	-529.3276	-558.6485	29.32095	7.912549	0.37276	0.435125	0.143727	0.0483886	1.904921	1.140019
9492	-534.2273	-561.1763	26.94902	7.155783	0.28282	0.20983	0.0949963	0.412353	1.433795	3.201619
9498	-527.7531	-556.01	28.25692	7.155783	0.213546	0.349253	0.189409	0.247791	1.982496	2.05054
9504	-528.3254	-559.9242	31.5988	1.471729	0.0479226	0.543417	0.352232	0.0564286	2.171331	1.638072
9510	-527.3794	-559.0025	31.62307	2.399629	0.187826	0.442798	0.148212	0.221163	1.940766	1.249766
9516	-525.7852	-557.9654	32.18015	1.769888	0.281767	0.510432	0.170851	0.0369499	1.847566	1.249766
9522	-523.4389	-553.8498	30.41086	2.823972	0.255717	0.209155	0.532213	0.00291505	1.423051	2.276779
9528	-523.5327	-554.2349	30.7022	2.208371	0.0807665	0.220581	0.693888	0.00476457	1.789191	2.115863
9534	-526.1595	-554.2923	28.13281	4.44051	0.35139	0.0291511	0.598729	0.0207292	1.487694	3.104953
9540	-525.4351	-552.9407	27.50566	5.996147	0.483869	0.174759	0.32524	0.0161319	1.457403	3.104953
9546	-525.6971	-557.4401	31.74298	2.292847	0.307971	0.331417	0.330019	0.0305929	1.930175	1.219784
9552	-527.8224	-556.1663	28.34395	7.378665	0.294945	0.276649	0.422331	0.00607459	1.536883	2.235684
9558	-535.8784	-561.7784	25.90008	13.9382	0.636073	0.154345	0.184809	0.0247735	1.392573	2.788424
9564	-533.2577	-556.8135	23.55585	13.03989	0.125857	0.517439	0.0981236	0.25858	1.326502	4.307055
9570	-529.8847	-557.1703	27.2856	6.365201	0.516671	0.285792	0.0950373	0.1025	1.270549	3.264144
9576	-531.4528	-560.8169	29.36417	6.225397	0.0435053	0.627576	0.138472	0.190447	1.489579	1.860053
9582	-532.8496	-562.283	29.43343	3.500589	0.137514	0.457708	0.238135	0.166643	1.265186	2.740609
9588	-538.4284	-569.55	31.12155	1.009685	0.314451	0.37801	0.175914	0.131624	1.292174	2.799704
9594	-534.5941	-564.9016	30.30746	2.696713	0.24892	0.533749	0.211772	0.00556017	2.265154	1.841295
9600	-538.6595	-569.1171	30.45761	2.696713	0.223742	0.371684	0.372023	0.0325507	1.994888	1.923082
9606	-538.3016	-569.0595	30.75789	3.543861	0.0941567	0.17478	0.658327	0.0727367	1.867912	1.445358
9612	-538.1011	-568.5322	30.4311	4.359276	0.200414	0.338721	0.275821	0.185043	1.777849	1.448708
9618	-546.5787	-573.8477	27.26903	2.273059	0.191995	0.594214	0.0781102	0.135681	1.764153	4.160131
9624	-543.2625	-569.7925	26.52996	13.26848	0.18078	0.671144	0.0541004	0.0939751	1.572408	2.374378
9630	-540.6525	-570.5228	29.87029	4.607386	0.29016	0.0161566	0.135633	0.55805	1.749862	1.791557
9636	-540.9741	-571.4634	30.48933	2.467628	0.408955	0.0227713	0.241513	0.32676	2.211537	1.856014
9642	-533.9636	-562.5221	28.55853	6.236625	0.466208	0.0323823	0.0330104	0.468399	1.471732	2.396376
9648	-538.1012	-564.5125	26.41132	16.82414	0.534231	0.0852474	0.0600607	0.320461	0.9536739	2.396376
9654	-536.7557	-559.8183	23.06255	9.202142	0.405795	0.352979	0.051204	0.190022	0.01019729	5.840724
9660	-536.837	-564.3083	27.47132	0.634368	0.154739	0.711576	0.0717874	0.0618968	0.0100216	5.827294
9666	-535.7339	-563.8136	28.07971	2.558604	0.212205	0.521426	0.0138884	0.252481	0.03244174	4.570813
9672	-533.9792	-561.0569	27.07774	5.728468	0.326624	0.200457	0.40569	0.0672284	0.5985526	3.916534
9678	-536.045	-562.6175	26.57249	8.708356	0.632054	0.0551079	0.182744	0.130094	0.6818699	3.575982
9684	-531.1458	-557.7285	26.58271	8.645778	0.104386	0.428963	0.266276	0.200375	1.097688	3.337741
9690	-528.6269	-557.0809	28.45392	3.760357	0.159679	0.612523	0.0294374	0.19836	1.109123	3.337741
9696	-532.598	-559.5306	26.93264	7.482632	0.387961	0.214339	0.328288	0.0694119	1.110498	3.337741
9702	-536.7762	-562.7422	25.96596	10.1132	0.328957	0.368352	0.244541	0.0581504	1.303744	3.337741
9708	-530.9471	-556.7637	25.81661	10.1132	0.322578	0.327513	0.346576	0.00333325	1.211614	3.479244
9714	-534.9516	-565.5536	30.60195	1.47657	0.14333	0.655391	0.198421	0.00285753	2.063001	2.374107
9720	-537.7179	-567.2862	29.56832	2.760977	0.0532642	0.506651	0.139825	0.300259	2.152145	2.374107
9726	-542.4754	-567.3105	24.83505	2.830787	0.239599	0.575095	0.0588764	0.12643	1.240657	5.60414
9732	-544.5372	-571.7147	27.17755	5.291527	0.42364	0.263616	0.130048	0.182696	1.772342	3.279704
9738	-540.2602	-572.4626	32.20244	2.242028	0.312781	0.213186	0.339145	0.134888	1.392409	1.313988
9744	-531.8814	-561.5329	29.65144	1.179511	0.0568169	0.739656	0.129684	0.0738434	0.4364954	4.066595
9750	-534.3553	-561.0746	26.71936	3.182532	0.194817	0.392789	0.0915266	0.320867	0.4888731	4.861612
9756	-534.4505	-560.5142	26.06367	4.301454	0.133174	0.523618	0.148418	0.194789	0.5577048	4.861612
9762	-529.0007	-558.8246	29.82385	1.045429	0.0842454	0.774338	0.0181939	0.123223	0.5064456	4.002368
9768	-537.5241	-568.4	30.87587	0.8297921	0.111323	0.663731	0.0289404	0.196006	0.9692005	3.250502
9774	-531.2272	-561.2277	30.00049	1.242504	0.172169	0.708698	0.0140479	0.105085	0.6987338	3.681606
9780	-535.0856	-565.0121	29.9265	1.440773	0.232612	0.644799	0.00876626	0.113822	0.5934354	3.681606
9786	-539.9379	-571.1863	31.24843	1.242463	0.27879	0.496168	0.0292554	0.195787	0.810727	2.878643
9792	-544.3234	-568.6299	24.30649	8.671063	0.296825	0.60864	0.0541315	0.0404036	0.569785	4.9312
9798	-540.9448	-567.3479	26.40309	5.433685	0.196341	0.741028	0.0358063	0.0268252	0.7441279	4.285387
9804	-538.9705	-565.9677	26.99719	5.004145	0.394992	0.348401	0.173045	0.0835619	1.165427	3.809239
9810	-545.1465	-573.0676	27.92108	6.205524	0.324522	0.0331387	0.612329	0.0300105	1.557664	2.746047
9816	-542.894	-572.2208	29.32674	2.77179	0.316767	0.183987	0.469372	0.0298738	1.664103	2.821921
9822	-544.9706	-570.7567	25.78615	8.222959	0.261236	0.313966	0.38509	0.0397079	0.6160679	4.14947
9828	-533.8491	-560.6038	26.75471	3.758484	0.187731	0.242719	0.428963	0.140587	0.6394821	4.580963
9834	-536.3357	-564.0216	27.68595	13.96042	0.291979	0.182919	0.0428475	0.482255	2.167026	0.9863186
9840	-535.3459	-564.3252	28.97927	8.056657	0.0691349	0.726419	0.116613	0.0878328	2.656699	0.5165533
9846	-535.275	-566.7592	31.48417	1.83416	0.113215	0.479851	0.354284	0.0526496	2.964532	0.2994491
9852	-531.2875	-561.6144	30.32693	4.032287	0.348796	0.394016	0.109333	0.147856	2.843377	0.3852931
9858	-529.7954	-560.4734	30.67797	4.032287	0.0603369	0.353013	0.449283	0.137367	2.203489	1.013093
9864	-535.8938	-566.122	30.22818	3.052033	0.0433407	0.448472	0.247132	0.261056	1.481714	2.267648
9870	-534.2001	-563.7449	29.54473	3.819784	0.214172	0.333243	0.247808	0.204777	1.510208	2.414477
9876	-539.3089	-570.8092	31.5003	1.832724	0.120933	0.430816	0.320366	0.127885	1.923895	1.672258
9882	-540.4252	-571.5427	31.1175	1.601259	0.141866	0.548757	0.269272	0.0401055	3.224562	1.09583
9888	-535.0391	-565.9711	30.93198	1.958388	0.0638451	0.771573	0.114597	0.0499851	2.194971	1.812687
9894	-543.1112	-569.6321	26.52083	13.75154	0.0442654	0.895372	0.033668	0.0266947	2.415462	1.754545
9900	-540.3472	-570.8043	30.4571	2.609036	0.0696915	0.304473	0.558943	0.066892	2.455138	1.642591
9906	-542.521	-571.4222	28.90124	5.726389	0.0824323	0.349354	0.553587	0.0146269	2.895322	1.308736
9912	-542.9133	-573.0548	30.1415	2.963712	0.233076	0.430213	0.258067	0.0786454	2.376492	1.76458
9918	-537.7944	-568.8523	31.05793	3.48358	0.318604	0.314522	0.352766	0.014108	2.271463	0.8365207
9924	-537.3906	-567.6293	30.23869	3.48358	0.203731	0.55031	0.158413	0.0875466	3.102833	0.8212277
9930	-532.4925	-564.1382	31.64573	2.623679	0.315532	0.427532	0.0797624	0.177173	2.292895	0.6935448
9936	-526.7138	-556.703	29.98918	4.217687	0.206053	0.467443	0.132138	0.194366	2.137559	1.561095
9942	-526.8001	-557.1474	30.34733	2.887522	0.386289	0.350122	0.0599007	0.203688	1.631881	2.15768
9948	-524.9553	-554.2211	29.26575	3.139727	0.392771	0.382426	0.0609058	0.163898	1.590243	2.768645
9954	-525.0707	-553.7405	28.66979	4.664949	0.563458	0.114046	0.0873737	0.235123	1.405238	2.768645
9960	-526.1676	-555.4373	29.26966	3.506529	0.321433	0.0391701	0.461574	0.177823	1.379826	2.768645
9966	-529.3968	-559.1268	29.72991	7.263548	0.148193	0.712762	0.103767	0.0352777	1.712424	1.135318
9972	-527.1056	-557.3345	30.22896	1.334985	0.00875678	0.650261	0.326304	0.0146783	1.879313	2.797244
9978	-532.0987	-560.8312	28.7325	7.725285	0.0898767	0.625143	0.2454	0.0395801	1.16661	2.15056
9984	-535.4951	-561.4336	25.9385	11.95102	0.678777	0.0231616	0.0683701	0.229691	2.068098	2.61967
9990	-533.4397	-562.109	28.66927	9.042107	0.395895	0.0610876	0.15481	0.388207	2.14465	1.202896
9996	-533.1675	-559.6808	26.51328	18.12106	0.614861	0.0325889	0.0825876	0.269963	2.091418	1.390203
10002	-538.7651	-566.5534	27.78835	13.22278	0.0526544	0.0379958	0.73915	0.1702	1.866534	1.303064
10008	-537.4724	-568.1462	30.67383	2.666064	0.418015	0.0774922	0.157371	0.347122	2.052008	1.748676
10014	-539.9283	-567.6433	27.71507	4.992986	0.201514	0.443312	0.029369	0.325805	1.468337	3.216733
10020	-539.656	-570.0231	30.36703	2.130315	0.11382	0.258163	0.456117	0.1719	2.329074	2.01788
10026	-542.4893	-571.5549	29.06558	1.301846	0.220799	0.228263	0.458708	0.0922292	1.913862	3.48694
10032	-539.7812	-569.1711	29.38991	1.345246	0.136559	0.471224	0.283699	0.108518	1.55008	3.48694
10038	-542.4771	-569.6428	27.16564	1.249193	0.0534051	0.512612	0.37389	0.0600927	1.351841	4.913701
10044	-545.1358	-574.816	29.68019	6.488048	0.283729	0.658205	0.00301557	0.0550511	2.429826	0.6816495
10050	-536.83	-568.6147	31.78476	1.621441	0.165821	0.215433	0.525203	0.0935427	2.79023	0.8350493
10056	-541.676	-568.0175	26.3415	6.272579	0.315731	0.285488	0.0297878	0.368992	1.87131	3.485777
10062	-548.7455	-575.4036	26.65814	7.727542	0.505805	0.0790208	0.0131506	0.402023	1.275904	3.35511
10068	-548.2698	-574.3615	26.09166	7.557965	0.399639	0.312419	0.0519926	0.23595	1.897265	3.35511
10074	-540.5536	-565.7116	25.15793	2.33594	0.421832	0.473142	0.0762549	0.0287711	1.62143	5.395124
10080	-533.4755	-562.795	29.31951	5.008001	0.25332	0.478695	0.0915807	0.176404	1.162377	2.422442
10086	-528.311	-557.7935	29.48253	6.331173	0.592773	0.0470502	0.256933	0.103244	2.067706	1.321103
10092	-527.553	-556.9898	29.43683	7.382897	0.549251	0.011141	0.2862	0.153408	2.416173	0.506864
10098	-531.5906	-561.7024	30.11183	5.954459	0.230388	0.344442	0.111034	0.314136	2.162181	0.7413301
10104	-527.2133	-557.3321	30.11879	3.706347	0.373475	0.29035	0.0877927	0.248382	1.703318	1.95486
10110	-530.4485	-559.7093	29.26079	2.574705	0.445126	0.0626215	0.337277	0.154976	1.311607	3.14913
10116	-534.4053	-564.6236	30.21827	0.6632383	0.163123	0.539524	0.268302	0.0290505	1.973422	3.14913
10122	-540.582	-571.4021	30.82005	1.092872	0.152345	0.463602	0.356922	0.027131	1.46888	2.825732
10128	-544.9607	-572.1077	27.14702	7.203024	0.183967	0.167577	0.249358	0.399098	1.904205	2.79075
10134	-541.0758	-565.6131	24.53738	26.3495	0.468048	0.0365835	0.323442	0.171926	1.754255	2.162042
10140	-534.0884	-562.6517	28.5633	7.165429	0.400027	0.115486	0.132791	0.351695	2.386151	1.555845
10146	-534.6916	-563.351	28.65939	10.52196	0.300646	0.123014	0.0824388	0.493901	2.194211	0.7377844
10152	-533.9185	-561.9112	27.99271	12.98909	0.294516	0.140897	0.0807578	0.48383	1.949347	1.100571
10158	-535.8017	-562.9453	27.14362	14.3724	0.408595	0.0432006	0.0222201	0.525985	1.651267	1.763402
10164	-530.3971	-559.0281	28.63101	7.490854	0.410822	0.037986	0.0223412	0.528851	1.620275	1.968242
10170	-536.7901	-565.486	28.69586	4.301272	0.493113	0.0254028	0.243115	0.23837	1.218729	2.968365
10176	-531.133	-558.4093	27.2763	4.509787	0.342843	0.208814	0.229213	0.219129	1.422497	3.627426
10182	-535.3404	-563.235	27.8946	3.200303	0.328109	0.380418	0.237398	0.0540753	1.662196	3.520875
10188	-533.4156	-563.1005	29.68491	2.836371	0.336335	0.127053	0.436163	0.10045	1.81415	2.483896
10194	-538.6236	-567.2649	28.64129	8.758907	0.217416	0.323678	0.236498	0.222408	2.401529	1.071918
10200	-531.9808	-562.4772	30.49642	3.012995	0.345655	0.233638	0.291146	0.129561	1.409751	2.155834
10206	-535.8001	-564.5179	28.71775	7.212597	0.098104	0.203428	0.651042	0.0474255	1.5722	2.004257
10212	-529.5544	-561.3658	31.81149	2.529134	0.207064	0.466496	0.226341	0.100099	1.869855	1.069839
10218	-529.1553	-560.842	31.68676	2.830137	0.0857196	0.70813	0.142937	0.0632135	1.702726	1.15984
10224	-533.003	-565.2006	32.19758	2.038638	0.0634597	0.769672	0.125748	0.0411206	1.850819	1.047707
10230	-531.7058	-562.9713	31.26548	2.314041	0.229576	0.472919	0.180316	0.117189	2.312774	1.286463
10236	-530.9189	-559.9215	29.00265	4.227069	0.203608	0.493254	0.116341	0.186796	2.127667	2.236884
10242	-535.5538	-565.6826	30.12887	3.219469	0.186979	0.725498	0.0616925	0.0258306	2.127667	1.84141
10248	-541.4058	-567.4973	26.09151	12.7794	0.0252445	0.0408633	0.933096	0.000795748	1.94393	2.484132
10254	-538.4599	-569.1836	30.72371	1.308269	0.0177946	0.195381	0.782881	0.00394314	2.181713	2.31654
10260	-534.8033	-565.4368	30.63347	1.223864	0.0136981	0.32056	0.662707	0.00303538	2.56394	2.178967
10266	-530.9647	-561.1925	30.22781	2.496559	0.167043	0.396677	0.403421	0.0328602	2.171197	2.046009
10272	-546.76	-574.8041	28.04408	0.8023027	0.310663	0.391159	0.229753	0.0684248	1.248773	4.728351
10278	-539.0436	-566.2823	27.23873	0.8023027	0.16992	0.476203	0.325079	0.0287972	1.486304	5.04464
10284	-534.5263	-561.2544	26.72818	2.43443	0.104057	0.685435	0.106827	0.103681	0.617679	5.04464
10290	-535.8996	-562.1678	26.26823	3.005892	0.0786571	0.559492	0.263856	0.097995	0.7147309	5.04464
10296	-534.0478	-563.0591	29.01129	0.8177184	0.0841188	0.612603	0.282177	0.0211007	0.5269318	4.581871
10302	-531.8232	-560.4445	28.62132	3.968699	0.231893	0.616745	0.130119	0.0212433	1.278993	3.074695
10308	-533.8995	-564.6153	30.71582	1.038862	0.231893	0.616745	0.130119	0.0212433	1.819905	2.707465
10314	-531.0875	-561.7095	30.62198	1.446832	0.0215442	0.806748	0.147239	0.0244688	1.360265	2.813297
10320	-533.62	-566.7146	33.09458	1.310874	0.0351899	0.684346	0.240497	0.0399669	1.890372	0.6008253
10326	-527.5895	-559.7187	32.12919	1.154013	0.0606241	0.479327	0.414321	0.0457269	1.690982	1.807072
10332	-531.8689	-564.9575	33.08861	0.5525953	0.0514046	0.333157	0.525156	0.0902824	2.023928	1.307136
10338	-538.0863	-569.1724	31.08608	2.803565	0.078748	0.536068	0.202887	0.182297	2.551407	0.9378967
10344	-536.0065	-566.437	30.4305	4.513388	0.488675	0.108675	0.243139	0.159511	2.008302	1.205965
10350	-534.1179	-562.3515	28.23359	10.08347	0.053418	0.750907	0.175877	0.0197975	2.110478	1.353018
10356	-538.3698	-569.7661	31.39631	2.652938	0.193654	0.646338	0.151385	0.00862229	2.376934	0.8933982
10362	-531.6342	-562.9561	31.32196	2.809841	0.22651	0.267824	0.47661	0.0290552	1.785084	1.402267
10368	-532.0417	-561.1937	29.15201	5.739033	0.179826	0.26155	0.465444	0.0931807	2.125559	1.695064
10374	-533.7325	-564.1164	30.38388	4.651427	0.278093	0.336563	0.23749	0.147855	1.994927	1.203096
10380	-539.2405	-569.7342	30.49369	4.651427	0.152253	0.370566	0.241278	0.235903	2.368249	0.6653949
10386	-541.402	-568.9798	27.57775	11.77329	0.580318	0.14384	0.160403	0.115438	2.558545	1.174734
10392	-531.1158	-561.2448	30.12908	2.644443	0.367923	0.0911949	0.414824	0.126059	2.992917	1.471137
10398	-524.0149	-554.8235	30.80868	2.44408	0.128162	0.536181	0.298773	0.0368843	2.325412	1.560657
10404	-529.2323	-557.7004	28.46809	6.917271	0.0603185	0.381107	0.349577	0.208997	2.059724	1.912372
10410	-528.9037	-557.7345	28.83074	2.66856	0.035563	0.826886	0.0768208	0.0607306	1.877543	3.031805
10416	-531.5511	-562.0866	30.5355	2.072511	0.0570368	0.634753	0.210809	0.0974012	2.580866	1.760752
10422	-531.6692	-562.6243	30.95505	1.096226	0.186122	0.533845	0.17557	0.104464	1.998388	2.41287
10428	-531.7925	-559.5683	27.77577	12.92491	0.327879	0.170279	0.317815	0.184026	2.17558	1.10501
10434	-535.2284	-563.2997	28.07121	4.524402	0.23032	0.358654	0.252512	0.158514	2.477117	2.516436
10440	-527.4773	-557.9317	30.45438	4.534809	0.335335	0.349746	0.297139	0.0177802	2.502988	0.5398941
10446	-527.2493	-558.4703	31.22098	2.618053	0.0839493	0.213729	0.690885	0.0114363	2.629683	0.8278639
10452	-536.3784	-562.1057	25.72736	16.70718	0.202586	0.686551	0.0377238	0.0731395	2.000041	2.178017
10458	-528.2776	-559.7162	31.43861	0.957715	0.0325955	0.648532	0.298917	0.0199554	1.90611	2.251302
10464	-529.2881	-558.8448	29.55674	5.949727	0.0709465	0.223606	0.650613	0.0548346	1.603344	1.720035
10470	-539.6247	-568.5915	28.96678	3.772392	0.0952996	0.0332045	0.655738	0.215758	0.9930842	3.099109
10476	-536.6895	-568.5032	31.81369	2.391014	0.197075	0.156949	0.526701	0.119275	1.970246	1.060585
10482	-527.1117	-557.5122	30.40055	4.306826	0.0503836	0.58538	0.252318	0.111919	2.170064	1.176143
10488	-535.3862	-567.1151	31.72894	2.217921	0.105628	0.464651	0.200279	0.229442	1.959918	1.250946
10494	-543.4981	-571.3173	27.81924	3.95494	0.05483	0.512775	0.297996	0.134399	2.389069	2.89386
10500	-539.4762	-570.5252	31.04901	3.95494	0.0572073	0.308676	0.298003	0.336114	2.178008	0.5859418
10506	-541.7153	-570.5144	28.79906	9.162931	0.516065	0.0443524	0.342347	0.0972361	2.469414	0.6526054
10512	-537.6097	-569.1806	31.57082	1.182985	0.0604875	0.812583	0.07481	0.0521194	3.257995	0.2080056
10518	-536.2826	-564.4649	28.18231	8.293839	0.193064	0.388946	0.230904	0.187086	3.15749	0.2356689
10524	-534.3694	-566.3402	31.97085	1.834104	0.067771	0.415462	0.374933	0.141834	2.334053	0.9470975
10530	-538.1058	-565.0798	26.97404	8.049797	0.215898	0.260479	0.306988	0.216635	1.831378	2.773184
10536	-540.934	-573.1016	32.16757	2.164393	0.390888	0.384209	0.108586	0.116317	1.923954	0.909257
10542	-533.8624	-563.7077	29.8453	3.209729	0.109204	0.530069	0.127603	0.233125	1.401763	2.502277
10548	-528.9925	-556.2184	27.2259	7.132902	0.48825	0.258536	0.0379559	0.215258	1.487438	3.00926
10554	-529.7099	-560.7784	31.06854	2.484279	0.395167	0.212978	0.214528	0.177326	1.331324	2.050861
10560	-534.4896	-563.696	29.20642	4.973061	0.396127	0.0983185	0.215049	0.290505	2.562917	1.569188
10566	-536.8506	-564.3855	27.53484	3.087132	0.429499	0.27114	0.168846	0.130515	1.714226	3.737538
10572	-534.7049	-566.0628	31.35785	2.695292	0.133175	0.302366	0.47973	0.0847296	2.325665	0.9613613
10578	-540.1297	-572.4716	32.34198	1.216699	0.00272349	0.739869	0.218769	0.0386389	2.479109	0.9613613
10584	-539.3939	-569.0747	29.68082	0.9501782	0.0026713	0.425604	0.555938	0.0157864	1.848496	3.363566
10590	-534.8113	-565.6371	30.82584	3.142534	0.0305904	0.522451	0.369116	0.0778426	2.70075	0.830462
10596	-533.6354	-563.7448	30.10944	3.341019	0.0284647	0.615808	0.209227	0.146501	3.442837	0.5898635
10602	-534.5576	-565.4745	30.9169	3.341019	0.056766	0.184992	0.466082	0.29216	2.520856	0.7986337
10608	-533.0031	-562.5407	29.53753	6.259555	0.0408563	0.558856	0.0590471	0.34124	2.350022	1.051671
10614	-532.7578	-559.7424	26.98459	0.8655359	0.00833622	0.606256	0.28098	0.104428	1.163171	5.327648
10620	-531.0981	-556.3654	25.26722	5.685359	0.0573352	0.728216	0.0754654	0.138984	1.167801	4.629311
10626	-530.1952	-558.5725	28.37723	6.223474	0.148869	0.478612	0.138268	0.234252	1.170997	2.699383
10632	-530.4833	-557.8139	27.3306	4.992451	0.398051	0.309573	0.0894337	0.202942	1.3233	3.527745
10638	-533.5383	-562.8596	29.32126	6.559141	0.456574	0.157239	0.102583	0.283604	1.673294	1.676503
10644	-534.6298	-564.0931	29.46331	2.459802	0.335367	0.161134	0.283333	0.220165	1.690717	2.845759
10650	-535.9694	-565.1073	29.13794	3.635795	0.239238	0.277773	0.408487	0.0745028	1.315206	2.845759
10656	-536.0411	-563.7929	27.75183	5.355452	0.330684	0.246737	0.402178	0.0204013	1.897468	2.845759
10662	-533.8917	-563.1841	29.29235	3.392684	0.285737	0.411343	0.296986	0.00593368	1.292992	2.845759
10668	-536.9016	-567.8677	30.96617	3.15368	0.752827	0.0880664	0.133241	0.0258657	1.862013	1.457766
10674	-534.5041	-563.0105	28.50641	5.79528	0.431887	0.0762769	0.469433	0.022403	1.315787	2.631622
10680	-528.6009	-559.4051	30.80417	1.122756	0.194277	0.424872	0.363504	0.0173477	1.341568	2.894934
10686	-532.5602	-560.643	28.08283	4.840891	0.300158	0.14521	0.411634	0.142998	1.705403	2.894934
10692	-534.1995	-563.4764	29.27693	4.840891	0.361588	0.189242	0.276906	0.172264	1.613714	2.208375
10698	-539.2835	-565.9678	26.68434	12.11313	0.393727	0.131608	0.370483	0.104183	1.936294	2.208375
10704	-546.852	-577.8977	31.0457	1.708794	0.129852	0.362324	0.322537	0.185287	3.082775	0.1441843
10710	-540.2317	-569.5366	29.30493	5.372427	0.150744	0.0981859	0.626302	0.124768	2.519309	1.400165
10716	-546.3604	-577.0618	30.70141	2.385328	0.334708	0.218009	0.246297	0.200985	1.630918	2.139116
10722	-531.5159	-562.6306	31.11465	3.185961	0.339806	0.163825	0.312843	0.183525	2.538115	0.4675898
10728	-537.6923	-569.0821	31.38976	2.70181	0.327262	0.157777	0.33821	0.17675	2.558187	0.4861561
10734	-533.7518	-565.4604	31.70861	2.267187	0.0844463	0.0807653	0.771188	0.0636007	2.485523	0.6648487
10740	-541.0995	-567.9519	26.85234	18.34237	0.313128	0.038896	0.499595	0.14838	2.452202	0.6076007
10746	-533.955	-564.0137	30.05872	4.954831	0.155356	0.142714	0.560164	0.141765	2.469961	0.9341402
10752	-532.2539	-562.4488	30.19493	4.954831	0.0408111	0.534724	0.0429568	0.381508	2.501808	0.7197447
10758	-540.0522	-563.8502	23.79799	43.89747	0.123081	0.215976	0.471894	0.189048	2.527866	0.4292854
10764	-538.7347	-565.7342	26.99953	17.13088	0.105071	0.142134	0.388781	0.364013	2.519919	0.5950245
10770	-536.0065	-567.5021	31.49559	3.122059	0.168653	0.0335697	0.624041	0.173736	2.091189	0.7658221
10776	-543.9372	-572.7507	28.81348	8.999537	0.441208	0.0427442	0.30695	0.209098	2.435293	0.7658221
10782	-529.1116	-558.844	29.73246	4.560927	0.183783	0.407423	0.346009	0.0627852	2.558422	1.310517
10788	-527.5568	-557.6457	30.08892	3.759688	0.310214	0.142122	0.441687	0.105977	2.575561	1.32541
10794	-530.194	-560.3622	30.1682	3.759688	0.211413	0.507936	0.20815	0.0725013	3.034342	0.8104058
10800	-528.3913	-556.8201	28.42876	10.09241	0.125967	0.405869	0.423228	0.044936	2.590646	0.3825556
10806	-535.766	-566.726	30.96009	2.62923	0.277215	0.374504	0.332969	0.0153122	2.899958	0.2831931
10812	-533.2066	-563.3449	30.13835	4.708936	0.244602	0.0644651	0.570877	0.120055	2.694464	0.3605048
10818	-538.1156	-569.8003	31.68474	1.86729	0.295453	0.384283	0.175249	0.145014	2.602382	0.2255135
10824	-534.599	-564.4902	29.89119	3.560282	0.0874001	0.41241	0.391141	0.109048	3.21397	1.033581
10830	-539.0349	-566.889	27.85416	3.560282	0.336107	0.54443	0.0565373	0.0629267	1.94318	3.262169
10836	-538.0227	-565.6106	27.58792	7.470834	0.615114	0.191855	0.0183915	0.174639	1.445066	2.747441
10842	-534.3766	-563.015	28.63839	7.014988	0.437389	0.348248	0.0155827	0.19878	1.933076	1.859703
10848	-539.7663	-568.4994	28.73309	6.622949	0.344649	0.281645	0.0126024	0.361104	1.933076	1.888878
10854	-531.9512	-563.7119	31.76063	2.054945	0.128118	0.604936	0.223812	0.043134	1.951296	1.328685
10860	-533.9408	-565.9219	31.98104	2.246093	0.145634	0.389393	0.354526	0.110448	1.993595	0.9718438
10866	-534.8742	-565.1643	30.29005	5.981957	0.156024	0.370809	0.360387	0.11278	1.993595	0.7087737
10872	-532.9164	-564.3299	31.41356	0.8867161	0.105969	0.449327	0.244769	0.199934	2.74151	1.75897
10878	-524.1082	-555.2273	31.11911	3.035846	0.0539642	0.69573	0.153329	0.0969774	1.733632	1.491568
10884	-530.4712	-562.4408	31.96955	1.599562	0.0778288	0.234891	0.5615	0.125781	2.442293	1.031302
10890	-529.3103	-561.6034	32.29308	0.615001	0.0400623	0.417354	0.513968	0.0286155	2.388667	1.586931
10896	-528.854	-559.1128	30.25881	0.7868611	0.0547251	0.222688	0.712738	0.00984814	1.391255	3.391725
10902	-528.8075	-557.937	29.12952	3.328349	0.122493	0.48508	0.370552	0.0218756	1.924308	2.580586
10908	-533.1484	-564.3696	31.22122	1.615572	0.418579	0.0685196	0.4852	0.0277013	3.422587	0.7481186
10914	-532.9135	-563.0931	30.17959	4.772267	0.0684551	0.647888	0.240724	0.0429323	2.239079	1.120285
10920	-535.8642	-565.0476	29.18344	2.723817	0.0535665	0.658243	0.244572	0.0436185	1.793776	2.84855
10926	-542.1032	-571.8934	29.79016	0.8165213	0.0594311	0.543881	0.271348	0.125339	1.884298	3.359171
10932	-538.6222	-568.5574	29.9352	4.754765	0.0237104	0.861334	0.0649507	0.0500048	1.549952	1.83869
10938	-542.9351	-573.7261	30.79102	1.050223	0.0189263	0.536741	0.334927	0.109406	2.138916	2.456012
10944	-534.9306	-565.2851	30.35455	2.85851	0.0142941	0.280676	0.537465	0.167565	1.949881	1.954539
10950	-535.1604	-565.4708	30.31042	3.337082	0.0331471	0.650872	0.108195	0.207786	2.712376	1.218419
10956	-533.0002	-560.6615	27.66127	10.38084	0.0133381	0.80168	0.143925	0.0410571	2.591612	1.36343
10962	-532.8947	-563.0728	30.1781	3.409322	0.0138145	0.581803	0.354941	0.0494407	1.530216	2.13627
10968	-527.4262	-558.1171	30.69087	2.846214	0.329721	0.13259	0.447162	0.0905275	1.346596	2.13627
10974	-530.4869	-560.1212	29.63435	3.955747	0.468126	0.333395	0.19416	0.00431831	1.244078	2.481792
10980	-530.7786	-558.8675	28.08885	6.943591	0.421925	0.0527439	0.496461	0.0288701	1.535748	2.491736
10986	-530.9588	-558.8043	27.84543	9.103982	0.315667	0.382646	0.291442	0.0102443	1.298196	2.3678
10992	-525.1343	-555.4316	30.29729	3.227602	0.322114	0.304865	0.354658	0.018363	1.735329	1.989784
10998	-528.27	-559.2099	30.93991	2.711177	0.307622	0.303128	0.223522	0.165728	1.519207	1.912378
11004	-526.4689	-556.9297	30.46086	5.21338	0.0301137	0.433359	0.376478	0.160049	2.120054	0.7278968
11010	-528.3186	-559.2828	30.96415	3.577306	0.120175	0.244656	0.622456	0.0127135	2.112347	1.052304
11016	-529.9102	-558.7319	28.82172	10.27844	0.206991	0.375503	0.368538	0.0489673	1.929853	0.9431752
11022	-529.029	-557.3868	28.35777	7.636239	0.0382723	0.393805	0.250332	0.31759	1.641696	2.103736
11028	-527.4584	-557.8952	30.43674	4.402008	0.026544	0.620709	0.132481	0.220266	1.755617	1.445953
11034	-526.1505	-557.1563	31.0058	4.571988	0.0222173	0.383359	0.41006	0.184363	1.874759	0.6985428
11040	-524.4433	-552.8997	28.45638	3.800248	0.116219	0.29829	0.51687	0.0686211	0.8100357	3.499331
11046	-524.2349	-550.666	26.43111	5.990248	0.518073	0.147388	0.29533	0.0392088	0.8995757	4.05585
11052	-531.5624	-559.222	27.6596	3.348235	0.338129	0.261248	0.342625	0.0579977	0.8846854	4.05585
11058	-533.7858	-562.5592	28.77345	1.248732	0.214581	0.37221	0.353389	0.0598198	1.268302	4.05585
11064	-541.5696	-568.1084	26.5388	9.07581	0.456275	0.470863	0.041843	0.0310185	1.321741	3.157242
11070	-545.241	-571.8512	26.61028	5.202113	0.33657	0.35556	0.0500072	0.257863	2.75259	3.056777
11076	-538.9309	-564.4099	25.47901	24.46779	0.388287	0.528838	0.0339889	0.0488864	2.242125	1.327139
11082	-541.6073	-573.2718	31.66449	3.092101	0.18126	0.754345	0.0153786	0.0490167	1.36705	1.327139
11088	-532.9848	-562.947	29.96213	2.574767	0.302426	0.580011	0.0921701	0.0253932	1.079734	2.867545
11094	-534.2003	-560.6168	26.41648	12.40605	0.12405	0.323664	0.459001	0.0932842	1.079734	2.867545
11100	-540.8117	-572.0698	31.2581	1.058986	0.120673	0.697533	0.103613	0.0781812	1.991486	2.247516
11106	-540.0153	-566.2507	26.23543	13.96366	0.0651275	0.679083	0.167465	0.0883245	3.908925	0.5249648
11112	-528.3756	-560.2546	31.87898	2.210192	0.099317	0.394227	0.481757	0.0246992	1.985261	1.103128
11118	-532.3487	-561.7994	29.45073	9.364771	0.252385	0.650463	0.0924141	0.00473798	1.663654	0.8079437
11124	-529.7392	-559.5764	29.83721	6.997504	0.21949	0.0759885	0.612214	0.0923075	1.918122	0.917543
11130	-530.449	-559.1362	28.68722	11.45252	0.176041	0.147179	0.602746	0.0740348	2.015849	0.5527815
11136	-526.4623	-558.8313	32.36904	1.99442	0.195087	0.39764	0.334094	0.0731785	2.062887	0.5527815
11142	-524.6106	-557.4412	32.83057	1.100057	0.146325	0.548201	0.250586	0.0548874	2.193694	0.8594581
11148	-531.3444	-564.6958	33.35139	0.7442568	0.297246	0.15851	0.451991	0.0922532	2.193694	0.6033971
11154	-530.6199	-560.6356	30.01574	6.732811	0.30636	0.0709108	0.527647	0.0950818	1.902531	0.8353187
11160	-532.3778	-560.0141	27.63633	11.37767	0.666431	0.0350366	0.252951	0.0455816	1.898846	1.710609
11166	-528.2395	-558.1978	29.95828	6.310721	0.358434	0.223881	0.0568687	0.360816	2.078129	0.8768549
11172	-534.3351	-562.5901	28.25498	13.4775	0.541153	0.165153	0.0184595	0.275234	1.971373	0.6120218
11178	-529.5853	-560.4833	30.89801	4.697384	0.220866	0.45314	0.0110861	0.314908	1.971373	0.5972023
11184	-530.6594	-561.057	30.39758	5.717099	0.321756	0.556043	0.0101612	0.112039	1.971373	0.7378125
11190	-537.2122	-563.5165	26.30435	22.69691	0.529602	0.269259	0.016725	0.184414	1.915549	1.113621
11196	-531.4621	-560.3688	28.90678	6.10124	0.102001	0.358546	0.34989	0.189563	1.623604	2.107536
11202	-540.7018	-570.1522	29.45041	4.989374	0.0903069	0.513554	0.124623	0.271516	2.072717	1.740581
11208	-532.5555	-562.7515	30.19593	6.434024	0.330993	0.546365	0.0927339	0.0299078	1.943745	0.6621006
11214	-535.9429	-565.8035	29.86059	5.008236	0.0399633	0.671572	0.218119	0.0703459	2.531364	1.048788
11220	-531.9805	-562.222	30.24149	1.838049	0.085211	0.729908	0.0818175	0.103064	1.404284	2.820801
11226	-532.3438	-561.5954	29.25161	3.24518	0.240871	0.0919435	0.549669	0.117517	1.404284	2.853352
11232	-530.1464	-559.5215	29.37513	2.726295	0.128328	0.568369	0.249879	0.0534231	0.8978897	3.268648
11238	-533.8473	-562.6539	28.80659	2.726295	0.0842246	0.67854	0.164957	0.0722786	1.224493	3.410921
11244	-533.1179	-563.5892	30.47129	4.298516	0.0498833	0.560139	0.245228	0.14475	1.291118	1.793076
11250	-533.4103	-561.4984	28.08809	2.801841	0.158692	0.311676	0.333046	0.196586	0.8335865	4.024611
11256	-535.2372	-562.0286	26.79134	4.625878	0.494161	0.167166	0.252254	0.0864198	1.046834	4.091198
11262	-533.7784	-559.8152	26.03679	4.625878	0.189303	0.703224	0.0311071	0.0763667	1.016424	4.535194
11268	-530.5389	-560.0681	29.52918	2.678414	0.369596	0.165098	0.419621	0.0456848	0.9901913	3.140757
11274	-540.5885	-564.6773	24.0888	37.0944	0.0835141	0.596132	0.0684723	0.251882	1.583601	1.775689
11280	-532.9612	-562.0572	29.09606	6.176211	0.160375	0.727542	0.0769317	0.035151	1.371679	2.130033
11286	-536.4165	-563.6778	27.26135	5.124559	0.28176	0.0729241	0.635437	0.00987883	1.512982	3.424248
11292	-533.9937	-562.5469	28.55327	9.33885	0.586994	0.0845292	0.132697	0.19578	1.095117	1.997042
11298	-537.8401	-564.9898	27.14961	7.025209	0.324357	0.542747	0.0536869	0.0792096	1.403326	3.127048
11304	-533.9161	-563.6064	29.69029	1.642117	0.107365	0.770661	0.105521	0.0164526	1.390617	3.253504
11310	-530.8767	-558.0844	27.20773	5.914924	0.231557	0.152974	0.60284	0.0126293	1.180439	3.462536
11316	-534.3024	-565.201	30.89861	2.82406	0.263788	0.293453	0.434326	0.00843318	2.115554	1.466779
11322	-541.4465	-573.0617	31.61522	3.32035	0.248315	0.292368	0.243867	0.21545	1.653121	1.003146
11328	-533.0335	-562.7106	29.67703	3.8116	0.256765	0.469516	0.215636	0.0580828	1.594906	2.279279
11334	-533.877	-558.2251	24.34807	27.86953	0.428005	0.00262911	0.233782	0.335584	1.810909	2.124542
11340	-533.3815	-564.5822	31.20072	2.986266	0.44297	0.364216	0.111834	0.0809807	2.498355	0.3320289
11346	-529.5884	-561.7183	32.12991	1.403295	0.152176	0.672859	0.0891781	0.0857865	2.575422	0.239801
11352	-536.4309	-568	31.56911	2.099795	0.394123	0.444429	0.138401	0.023047	2.575422	0.239801
11358	-527.2542	-558.207	30.95277	2.391066	0.110627	0.446244	0.43064	0.0124892	2.813604	0.178581
11364	-527.7913	-556.567	28.77578	6.383154	0.115869	0.303401	0.567649	0.013081	2.945367	0.155144
11370	-527.2269	-556.1592	28.93229	6.17913	0.111297	0.246973	0.631561	0.01017	2.864586	0.155144
11376	-528.5835	-559.2055	30.62206	1.854532	0.346612	0.282992	0.339521	0.0308745	3.162719	0.1064897
11382	-529.8957	-560.7347	30.83905	1.849274	0.0842355	0.526356	0.268676	0.120733	3.162719	0.1412344
11388	-528.1297	-559.901	31.77132	0.8740387	0.0217693	0.433413	0.437018	0.107799	3.162719	0.1521216
11394	-534.0026	-563.7864	29.78376	3.707086	0.203195	0.371985	0.272354	0.152466	3.083657	0.1507357
11400	-534.1026	-564.134	30.03142	3.183598	0.257051	0.386971	0.163103	0.192875	3.083657	0.1423031
11406	-533.234	-561.5343	28.30029	7.069544	0.175425	0.312873	0.28128	0.230422	3.117063	0.1423031
11412	-536.6953	-569.0839	32.38855	1.002646	0.0931186	0.475065	0.376303	0.0555141	2.31692	1.256916
11418	-534.1463	-563.3833	29.23706	5.140749	0.0284378	0.857827	0.0816558	0.0320794	2.090077	1.831532
11424	-528.9453	-559.7122	30.76689	3.240992	0.05887	0.251109	0.668981	0.0210401	1.851576	1.576678
11430	-528.1752	-560.6966	32.52135	0.6636704	0.0352782	0.183379	0.73588	0.0454621	2.019963	1.651313
11436	-533.6091	-562.7897	29.18055	3.878049	0.0351043	0.262905	0.550418	0.151573	2.005791	2.312166
11442	-534.1058	-563.703	29.59724	4.923133	0.0382279	0.363008	0.388574	0.21019	2.63696	1.223032
11448	-532.7284	-562.4087	29.68028	5.386623	0.282264	0.195083	0.397631	0.125021	2.357109	1.223032
11454	-535.3532	-567.332	31.97874	1.423589	0.0694279	0.257523	0.524901	0.148148	2.25063	1.322563
11460	-530.2864	-560.198	29.91164	5.089861	0.0939499	0.562105	0.143471	0.200475	1.660062	1.675621
11466	-531.9617	-559.7318	27.77009	3.808855	0.147466	0.333143	0.284398	0.234993	1.320392	3.599135
11472	-531.8233	-560.2633	28.43998	3.344394	0.0461111	0.661727	0.169403	0.12276	0.9004188	3.599135
11478	-536.0098	-562.3257	26.31593	3.166288	0.0435692	0.625249	0.117465	0.213717	0.7992456	4.918677
11484	-533.4648	-563.1933	29.72855	0.4237024	0.147592	0.338953	0.397918	0.115537	0.9888115	4.144668
11490	-536.7715	-567.2687	30.49724	0.7188622	0.0446148	0.450249	0.351395	0.153741	2.314034	2.740361
11496	-535.1322	-565.8244	30.69217	0.787137	0.0674778	0.597911	0.268249	0.0663623	2.047088	2.740361
11502	-532.9092	-561.5049	28.59571	1.433111	0.0375325	0.684542	0.201947	0.0759775	1.150676	4.129103
11508	-534.6837	-562.5992	27.91549	3.553118	0.454757	0.19271	0.271863	0.0806698	1.155095	3.688955
11514	-534.9132	-562.3085	27.39536	5.110158	0.494049	0.164798	0.0794342	0.261719	2.118796	2.989524
11520	-541.3262	-568.8513	27.52512	9.826319	0.151309	0.0266405	0.800606	0.0214441	3.01975	1.245734
11526	-531.8325	-563.3519	31.51938	2.904123	0.119301	0.232551	0.631241	0.0169077	2.185006	0.7835197
11532	-535.2322	-564.6316	29.39943	3.496932	0.330162	0.116636	0.510981	0.0422215	2.18732	2.184033
11538	-530.09	-560.9985	30.90848	3.496932	0.342479	0.0836799	0.530044	0.0437967	2.562052	0.5739504
11544	-527.1331	-558.0553	30.92223	2.881584	0.42633	0.198217	0.27171	0.103743	2.095231	1.437206
11550	-531.4269	-563.1102	31.68327	0.7913346	0.145666	0.399876	0.258645	0.195813	2.019851	2.130314
11556	-522.9559	-552.836	29.88009	3.857456	0.303443	0.302298	0.160453	0.233806	1.598587	2.130314
11562	-525.7895	-556.8846	31.09509	3.590327	0.195745	0.562961	0.215632	0.0256612	1.935576	1.088745
11568	-529.1927	-560.3347	31.14203	0.8942331	0.064829	0.6546	0.250733	0.0298383	1.43787	2.769693
11574	-534.5514	-564.7966	30.24517	1.117959	0.0405048	0.524852	0.409799	0.0248444	1.474085	3.153225
11580	-531.5085	-559.6109	28.1024	4.972734	0.0139311	0.910157	0.0328286	0.0430833	1.196875	3.153225
11586	-533.6896	-560.5675	26.87788	17.45996	0.190342	0.304245	0.455638	0.0497756	1.520794	1.630166
11592	-537.5527	-564.6113	27.05857	10.05882	0.488375	0.105755	0.360175	0.0456949	1.571077	2.525564
11598	-535.2203	-565.4613	30.24096	4.639723	0.131717	0.273277	0.434152	0.160854	1.607538	1.619536
11604	-535.6546	-567.0146	31.35998	1.993751	0.280955	0.255794	0.262468	0.200783	2.537705	1.213167
11610	-541.1151	-571.0027	29.88762	1.659225	0.278396	0.124745	0.54353	0.0533289	2.201318	2.637468
11616	-545.3984	-568.154	22.75558	7.192561	0.527077	0.145166	0.298472	0.0292849	1.994917	5.259767
11622	-530.3959	-557.7168	27.32089	7.53969	0.00890576	0.826546	0.0100398	0.154509	1.470046	2.880898
11628	-527.897	-560.2694	32.37239	1.391818	0.00511514	0.474738	0.234012	0.286135	1.937475	1.280064
11634	-534.6436	-564.657	30.01341	1.055358	0.133987	0.489515	0.22462	0.151878	1.34579	3.401719
11640	-537.0519	-567.6473	30.59543	0.8782823	0.236874	0.167629	0.52414	0.0713575	1.425685	3.116246
11646	-536.0666	-561.7704	25.70377	8.423577	0.585271	0.0461928	0.324652	0.0438841	1.501183	3.653964
11652	-530.4664	-560.6763	30.20991	3.330154	0.278686	0.0728351	0.632337	0.0161417	1.496636	2.166203
11658	-526.8458	-557.1646	30.3188	3.451451	0.300713	0.0842308	0.599747	0.0153098	1.461944	2.07353
11664	-533.5333	-565.2758	31.7425	1.494538	0.158273	0.0691895	0.718604	0.0539334	1.372677	2.07353
11670	-526.2503	-556.7882	30.53794	4.834268	0.272608	0.207712	0.473388	0.0462915	2.241136	0.3634847
11676	-534.9009	-567.4547	32.55375	0.896314	0.30102	0.243672	0.41475	0.0405574	2.69443	0.8348876
11682	-537.244	-569.9404	32.69637	0.5902773	0.173302	0.262474	0.561165	0.00305891	1.832121	1.715494
11688	-534.5833	-565.2635	30.68012	4.152368	0.278393	0.322892	0.379059	0.0196563	2.261674	0.8865783
11694	-531.4847	-561.5075	30.02281	6.137945	0.373857	0.136974	0.409067	0.0801022	2.219949	0.3578939
11700	-534.4785	-560.6128	26.13428	26.17997	0.122628	0.372342	0.416609	0.0884215	1.942235	0.7533085
11706	-535.5998	-566.5635	30.96371	3.378333	0.118182	0.290138	0.280428	0.311253	2.224166	1.049932
11712	-530.1828	-561.2835	31.10062	3.378333	0.104186	0.414349	0.266333	0.215131	2.432467	0.5842512
11718	-533.5431	-561.5826	28.03954	12.35531	0.305392	0.144227	0.185061	0.36532	1.942032	1.191548
11724	-536.7202	-564.9411	28.22099	6.077009	0.284708	0.0423833	0.378178	0.294731	2.372481	2.072112
11730	-537.7806	-564.6667	26.88606	6.652105	0.296097	0.0300903	0.0869361	0.586877	1.274893	3.435345
11736	-536.8899	-564.8483	27.95839	6.652105	0.525238	0.0174907	0.105247	0.352024	1.186599	2.84991
11742	-539.0287	-565.2035	26.17476	12.13724	0.345316	0.290802	0.0625052	0.301377	1.412252	2.84991
11748	-530.286	-561.0333	30.74732	3.742144	0.447098	0.376516	0.0405216	0.135865	1.548116	1.612558
11754	-534.1215	-559.937	25.81551	24.58056	0.172562	0.447207	0.203663	0.176568	1.514329	1.612558
11760	-536.4833	-564.6487	28.16547	6.284176	0.503097	0.1569	0.339903	9.94369e-05	2.556668	1.934552
11766	-530.6549	-562.7636	32.10872	2.05073	0.231501	0.712903	0.0555357	5.97716e-05	1.75142	1.208906
11772	-525.0701	-555.3275	30.25743	0.9344544	0.0376831	0.761838	0.199843	0.000635921	1.69735	3.121468
11778	-525.5103	-555.6743	30.16393	1.955886	0.13311	0.762196	0.102448	0.00224629	1.561291	2.716832
11784	-526.3988	-555.9104	29.51155	3.952309	0.122149	0.840205	0.0247282	0.0129179	0.9890169	2.716832
11790	-526.5179	-558.7314	32.21357	1.883025	0.434447	0.252474	0.267134	0.0459451	2.007724	0.9939942
11796	-532.7648	-563.2678	30.50296	5.356196	0.281523	0.0302998	0.677179	0.0109983	1.865013	0.9236374
11802	-527.0257	-557.6506	30.62484	5.195458	0.588154	0.0633019	0.235359	0.113186	1.985281	0.6912433
11808	-530.2945	-559.3459	29.05144	5.195458	0.133982	0.160735	0.514977	0.190306	1.896496	2.070975
11814	-527.3813	-558.9125	31.53128	2.629875	0.191853	0.479455	0.283857	0.0448348	1.570112	1.493779
11820	-529.0979	-561.3929	32.295	1.636497	0.130792	0.10409	0.740733	0.0243852	1.637265	1.413225
11826	-530.9405	-561.9445	31.004	2.493181	0.231748	0.0838711	0.662569	0.021812	1.750737	1.807214
11832	-534.1563	-564.3212	30.16487	3.386115	0.222624	0.0867242	0.62425	0.0664018	2.077477	1.786217
11838	-528.1768	-558.1365	29.95968	3.422299	0.489282	0.0330659	0.333929	0.143722	1.526282	2.27541
11844	-524.6087	-553.403	28.79433	6.00974	0.616651	0.0248196	0.250651	0.107879	1.511774	2.27541
11850	-527.7563	-557.2072	29.45087	2.956561	0.533605	0.0538037	0.31202	0.100571	1.491298	2.782335
11856	-525.8731	-552.9835	27.11041	5.546774	0.331706	0.452968	0.188694	0.0266317	1.293925	3.537997
11862	-529.2718	-558.9795	29.70763	4.743305	0.480156	0.172852	0.323012	0.0239802	1.701772	1.893936
11868	-526.4576	-557.0108	30.55319	5.095677	0.089538	0.512592	0.301394	0.0964759	2.134919	0.6150892
11874	-522.1708	-554.2906	32.11977	1.395407	0.0609126	0.744696	0.102363	0.0920293	2.605803	0.2460532
11880	-529.6295	-560.5625	30.93301	2.553919	0.0404733	0.730397	0.16798	0.0611488	2.674284	0.1654761
11886	-531.4459	-561.4226	29.97667	3.919583	0.196305	0.661778	0.128669	0.0132479	2.88624	0.1762302
11892	-533.8796	-564.1423	30.26276	3.11866	0.259443	0.447331	0.264294	0.0289314	2.943581	0.1535398
11898	-531.8216	-558.4862	26.66464	12.18661	0.0165619	0.170191	0.770202	0.0430454	3.277521	0.1325348
11904	-533.1936	-563.2236	30.02997	6.508339	0.0150497	0.526356	0.39005	0.0685441	1.768377	1.049658
11910	-534.8274	-560.4492	25.62181	23.7601	0.114699	0.661755	0.136265	0.0872801	1.798743	1.628163
11916	-539.3877	-565.742	26.35423	4.947291	0.135432	0.194344	0.435522	0.234702	2.028978	3.696246
11922	-530.8616	-561.6272	30.76557	1.397668	0.068292	0.593745	0.219613	0.118349	2.608852	1.957579
11928	-534.6019	-562.8721	28.27018	6.997149	0.0641655	0.557868	0.206343	0.171623	2.760235	1.538492
11934	-537.3633	-564.7708	27.40747	4.056291	0.0932391	0.45502	0.290421	0.161321	1.80573	3.4546
11940	-537.1588	-566.0761	28.91731	2.381975	0.189588	0.601798	0.0435806	0.165033	1.85012	3.109791
11946	-539.7189	-567.5192	27.80037	4.890087	0.41599	0.202367	0.258801	0.122842	1.60804	3.109791
11952	-543.6585	-571.0238	27.36532	3.055332	0.49364	0.022041	0.453658	0.0306605	1.421168	4.013882
11958	-544.7787	-574.0631	29.2844	8.541466	0.1376	0.304365	0.393716	0.164319	1.636511	1.236511
11964	-540.8455	-568.1416	27.29605	12.86931	0.255638	0.219602	0.240417	0.284342	1.937292	1.679472
11970	-531.7433	-560.5389	28.7956	9.056409	0.195924	0.55056	0.184259	0.0692567	1.882223	1.312495
11976	-529.8107	-560.3793	30.56864	4.030715	0.488158	0.185845	0.194888	0.131109	1.948162	1.33304
11982	-527.9039	-559.958	32.05411	1.407784	0.513632	0.101648	0.331591	0.0531288	1.846102	1.584467
11988	-534.9108	-562.094	27.18318	16.58019	0.533439	0.0618927	0.0185554	0.386113	2.418523	0.3817577
11994	-533.17	-565.2181	32.04812	1.946403	0.22758	0.284813	0.377691	0.109916	2.418523	0.4437803
12000	-532.8101	-564.4234	31.61325	2.70689	0.277429	0.604653	0.0614843	0.056434	2.329603	0.5343265
12006	-537.1324	-566.7891	29.65669	4.322819	0.468347	0.386171	0.0973688	0.0481129	2.279682	1.662484
12012	-531.1726	-562.4956	31.32301	1.802365	0.0555443	0.874738	0.0670006	0.00271749	2.064524	1.715248
12018	-532.491	-564.3681	31.87704	1.802365	0.390819	0.204556	0.380358	0.0242667	2.104655	1.266529
12024	-535.5906	-565.4207	29.83016	2.5665	0.328063	0.171709	0.479858	0.02037	2.075591	2.335745
12030	-528.4836	-558.5514	30.06774	4.778596	0.105646	0.273367	0.588558	0.0324298	1.695381	1.635973
12036	-532.4134	-561.7249	29.31146	7.407816	0.295632	0.545994	0.0676255	0.0907494	2.182019	1.043592
12042	-531.3947	-562.1696	30.77493	3.422268	0.0723226	0.587225	0.114167	0.226285	2.7356	0.4295998
12048	-526.7298	-557.484	30.75426	3.528617	0.136008	0.3526	0.410585	0.100807	2.651481	0.3490067
12054	-529.7722	-559.5959	29.82366	5.446017	0.200222	0.44696	0.0564202	0.296398	2.732663	0.5670343
12060	-536.3921	-568.0106	31.61844	1.870763	0.11358	0.498665	0.308251	0.0795037	1.346869	1.968354
12066	-533.87	-566.4243	32.55438	1.786285	0.126225	0.554182	0.284636	0.0349567	1.949139	0.7500332
12072	-536.0507	-565.953	29.9023	6.368953	0.146766	0.629778	0.221055	0.00240121	1.849262	1.139572
12078	-536.5303	-562.3235	25.79317	15.46394	0.450952	0.0987022	0.448673	0.00167271	1.100094	2.845145
12084	-527.093	-554.9283	27.83531	4.087224	0.258344	0.0771608	0.646206	0.0182893	1.366813	3.452117
12090	-523.1118	-551.6435	28.53174	3.432557	0.166991	0.410695	0.41069	0.0116236	1.011971	3.452117
12096	-529.7125	-560.8937	31.18127	0.9782602	0.133256	0.741104	0.0723175	0.0533223	1.204359	2.835916
12102	-527.4703	-557.7789	30.30865	2.002724	0.284121	0.458059	0.236584	0.021237	1.185928	2.835916
12108	-528.8612	-559.2888	30.4276	2.673491	0.413842	0.26379	0.291434	0.0309332	1.431798	2.321107
12114	-529.9684	-558.8682	28.89975	3.267951	0.257923	0.255715	0.436727	0.0496361	1.25866	3.144132
12120	-528.7309	-559.4647	30.73377	3.39816	0.152898	0.234941	0.549687	0.0624745	2.226673	1.242227
12126	-530.8317	-560.2337	29.402	6.831255	0.243244	0.271162	0.411968	0.0736249	1.943932	1.340754
12132	-531.4195	-561.67	30.25048	4.454728	0.0400063	0.467882	0.390115	0.101996	2.306004	1.12685
12138	-538.1233	-571.7692	33.64587	0.4557478	0.0344512	0.445073	0.405212	0.115264	1.749459	1.149851
12144	-534.1113	-563.6492	29.53788	1.105739	0.0328261	0.43171	0.393046	0.142419	2.030925	3.24939
12150	-533.2958	-562.6786	29.38284	5.107981	0.209433	0.431581	0.124967	0.23402	2.607714	1.356789
12156	-535.777	-566.9676	31.19058	2.204221	0.233596	0.186172	0.318035	0.262197	2.009301	1.633824
12162	-532.9531	-561.3381	28.38498	8.299199	0.405719	0.0557986	0.431504	0.106978	1.89711	1.77259
12168	-532.6834	-563.7209	31.03749	3.386887	0.377508	0.0519188	0.471034	0.0995396	2.272997	0.9204248
12174	-541.4458	-567.6469	26.20107	7.726308	0.229018	0.240319	0.166874	0.363789	1.732176	3.355814
12180	-531.4601	-562.8155	31.35542	2.725845	0.287946	0.0396013	0.594483	0.0779703	2.339136	0.9290193
12186	-537.2954	-565.723	28.42753	4.852576	0.39416	0.0185204	0.351558	0.235761	3.811614	1.244964
12192	-533.6688	-564.7087	31.03991	3.470989	0.432047	0.0203007	0.417444	0.130208	2.142518	1.005389
12198	-539.0553	-568.9046	29.84933	4.365408	0.33365	0.383072	0.217845	0.065433	2.180763	1.58009
12204	-535.6925	-567.7397	32.0472	1.602496	0.425305	0.336762	0.160841	0.0770925	2.245338	1.139699
12210	-537.569	-567.2175	29.64853	5.537705	0.486096	0.0535557	0.147128	0.31322	1.59984	1.772122
12216	-538.49	-568.2633	29.77334	3.805285	0.447764	0.259961	0.135527	0.156748	2.184184	1.827723
12222	-542.2823	-568.7961	26.51381	4.750624	0.0698913	0.537591	0.162903	0.229614	0.8596477	4.322904
12228	-536.815	-567.339	30.52404	2.137509	0.0652629	0.50199	0.329902	0.102845	1.577678	2.398955
12234	-525.0101	-556.1645	31.1544	1.430215	0.290848	0.553803	0.0462415	0.109107	1.128354	2.638214
12240	-526.35	-556.8727	30.52268	2.340928	0.324884	0.482936	0.0229277	0.169252	1.051659	2.638214
12246	-528.1751	-557.0316	28.85644	2.982922	0.367322	0.260185	0.236533	0.13596	0.957017	3.445668
12252	-535.0411	-563.4254	28.38433	7.636675	0.446821	0.0891276	0.0942566	0.369795	1.764748	2.004768
12258	-534.5604	-559.9978	25.43735	15.08012	0.122174	0.362149	0.417911	0.0977655	1.728237	2.724751
12264	-534.6218	-563.2553	28.63348	7.894411	0.0333615	0.580555	0.065769	0.320315	1.601814	1.891275
12270	-537.9948	-567.3639	29.3691	4.981834	0.043669	0.522076	0.0404049	0.39385	1.938943	1.891275
12276	-539.1251	-567.6398	28.51479	4.981834	0.0113362	0.424218	0.33178	0.232666	1.938115	2.447818
12282	-537.3563	-565.2511	27.89484	11.65364	0.0131043	0.40493	0.267493	0.314473	2.009613	1.388435
12288	-535.3969	-561.6071	26.21027	20.08324	0.196064	0.483792	0.309092	0.0110516	2.182604	1.302188
12294	-534.8414	-564.2222	29.38084	7.593743	0.15398	0.077516	0.371416	0.397088	2.402775	0.5112766
12300	-531.767	-560.3156	28.54862	5.326634	0.298374	0.260417	0.201627	0.239582	2.56379	1.924628
12306	-527.9308	-558.728	30.79715	3.161638	0.167819	0.464357	0.174388	0.193436	2.822766	0.3592045
12312	-531.3221	-562.2671	30.94497	2.536657	0.271048	0.545384	0.120795	0.0627733	2.822766	0.2099407
12318	-533.2269	-564.8049	31.57803	1.976199	0.20557	0.493322	0.244327	0.056781	2.822766	0.3579917
12324	-530.6591	-562.0689	31.40984	2.182759	0.158642	0.335454	0.402575	0.103329	2.864846	0.3980596
12330	-532.3099	-562.511	30.20112	2.255385	0.333728	0.222578	0.199098	0.244597	1.582968	2.545234
12336	-536.3447	-561.2554	24.91069	6.294514	0.280741	0.187238	0.32626	0.205761	1.209015	4.67503
12342	-534.7833	-562.3444	27.56112	3.361652	0.255278	0.155992	0.442573	0.146157	1.226217	3.912594
12348	-537.2503	-567.2728	30.02249	3.021645	0.286037	0.174787	0.139933	0.399244	1.504229	2.395737
12354	-539.1606	-568.6037	29.44309	4.284586	0.418545	0.104261	0.288641	0.188553	1.654593	2.240064
12360	-539.6345	-566.5252	26.89068	5.525581	0.275889	0.591051	0.047664	0.0853966	0.972977	3.855604
12366	-545.4557	-569.0065	23.55076	19.24943	0.146376	0.217303	0.177379	0.458942	1.27679	3.669863
12372	-537.9386	-566.2519	28.31331	7.626719	0.257108	0.351949	0.266126	0.124817	2.252246	1.722165
12378	-536.3571	-565.7972	29.44005	2.394944	0.249654	0.0930894	0.237188	0.420068	1.328042	3.104121
12384	-559.2534	-590.4558	31.20238	0.9217075	0.131775	0.273432	0.207038	0.387754	2.126768	2.284759
12390	-541.1766	-567.7392	26.56266	8.50084	0.32329	0.491511	0.0953671	0.0898318	0.8868157	3.498306
12396	-536.6145	-567.0324	30.41794	1.301895	0.0817941	0.282659	0.548811	0.0867353	0.5131574	3.515113
12402	-531.6477	-561.5504	29.90271	1.193677	0.0326855	0.725986	0.176671	0.064657	1.129033	3.515113
12408	-529.868	-560.7327	30.86465	1.527209	0.0418791	0.845362	0.0390025	0.0737567	1.209577	2.714665
12414	-529.7351	-558.543	28.80791	3.034814	0.0705618	0.746602	0.107711	0.075125	1.25282	3.282226
12420	-533.3466	-563.0233	29.67677	1.898675	0.034609	0.531161	0.261097	0.173134	1.150513	3.282226
12426	-536.1141	-563.3607	27.24666	6.757027	0.262003	0.310429	0.21422	0.213349	1.401247	3.126089
12432	-535.5109	-562.8747	27.36389	6.188716	0.396721	0.108994	0.266438	0.227847	1.490687	3.126089
12438	-535.9023	-565.4887	29.58644	2.080583	0.415053	0.0485082	0.485813	0.0506256	1.367345	3.126089
12444	-537.3098	-566.4154	29.10566	4.422711	0.432472	0.050544	0.506202	0.0107814	1.063645	2.779332
12450	-535.0181	-565.1865	30.16842	2.411069	0.338874	0.108687	0.536691	0.015748	1.234206	2.714262
12456	-541.3748	-570.6397	29.26487	5.783828	0.339272	0.17269	0.134516	0.353523	1.962735	1.717919
12462	-537.884	-568.514	30.63003	1.719574	0.283067	0.3417	0.334109	0.0411245	2.525088	1.921332
12468	-539.2019	-569.8498	30.64794	3.245388	0.240696	0.53449	0.0892347	0.13558	2.249406	1.363259
12474	-538.1318	-568.5975	30.46567	4.336711	0.352752	0.303823	0.220735	0.12269	2.557549	0.3872372
12480	-531.2402	-561.5056	30.26536	2.00886	0.177887	0.573499	0.224544	0.0240708	1.495514	2.670396
12486	-526.0676	-558.3366	32.2689	2.205477	0.139516	0.337004	0.339724	0.183756	1.591196	1.109975
12492	-527.4631	-558.1748	30.71174	2.673029	0.0650346	0.614209	0.2351	0.0856565	1.813396	1.88409
12498	-526.0124	-557.4098	31.39735	3.248047	0.159794	0.0262473	0.603496	0.210463	1.941424	0.9733321
12504	-528.3314	-558.2361	29.9047	5.057102	0.0988458	0.0367196	0.844282	0.0201522	1.835998	1.563536
12510	-526.1493	-557.6138	31.46456	3.154202	0.277951	0.0252854	0.682886	0.013877	1.681611	1.20227
12516	-528.8949	-554.6269	25.73206	11.86564	0.632325	0.0333386	0.302767	0.0315694	1.681611	2.99272
12522	-526.3631	-554.2217	27.8586	5.54059	0.555561	0.0467537	0.266011	0.131675	1.471407	2.99272
12528	-526.6394	-557.0011	30.36174	2.08263	0.32175	0.384907	0.260453	0.0328911	1.226524	2.742673
12534	-523.9393	-553.7159	29.77656	0.9491882	0.0968684	0.812656	0.0771413	0.0133341	0.9824125	3.811787
12540	-527.4254	-554.3039	26.87846	5.646711	0.0665421	0.670333	0.246103	0.0170216	1.012686	3.811787
12546	-533.6967	-558.4518	24.75516	12.87174	0.178887	0.392118	0.408858	0.0201373	1.03263	3.811787
12552	-529.9753	-557.5096	27.53424	2.709379	0.114286	0.501637	0.353363	0.0307138	2.120663	3.636378
12558	-528.3911	-556.3745	27.9834	7.542259	0.215363	0.372418	0.378339	0.0338796	1.016649	2.753264
12564	-532.2447	-561.5172	29.27246	7.940928	0.343932	0.433786	0.197493	0.0247892	1.613	1.413134
12570	-530.2004	-560.4358	30.23539	3.186941	0.205276	0.532807	0.163702	0.0982143	1.014318	2.508823
12576	-530.639	-560.9382	30.29917	1.017028	0.179649	0.646696	0.0544481	0.119208	1.329501	3.265529
12582	-528.0306	-558.8555	30.82481	4.787129	0.346645	0.213491	0.0879412	0.351923	2.005889	0.5922332
12588	-528.5332	-557.0049	28.47171	12.74744	0.574162	0.183309	0.0755085	0.167021	1.90014	0.6462299
12594	-528.4599	-557.566	29.10606	4.991839	0.130003	0.697831	0.0311378	0.141029	1.838685	2.130247
12600	-530.5921	-558.8076	28.21554	9.300582	0.303368	0.630929	0.0281526	0.0375508	1.623708	1.875618
12606	-536.9268	-561.1168	24.18994	26.76511	0.71119	0.0800243	0.139599	0.0691863	1.339572	2.611032
12612	-531.6735	-562.6951	31.02158	4.029862	0.575697	0.0168681	0.324996	0.0824391	1.756143	1.112256
12618	-534.881	-567.0373	32.1563	2.077357	0.00401093	0.0765608	0.819503	0.099925	2.21903	0.4935489
12624	-529.5341	-561.8782	32.34408	1.981118	0.044767	0.43794	0.451689	0.0656043	1.647395	1.139874
12630	-525.7103	-557.4536	31.74328	2.038718	0.0667939	0.631639	0.261122	0.0404444	1.299211	1.829299
12636	-528.6678	-559.8008	31.13301	0.6043778	0.0545987	0.698894	0.213447	0.0330601	1.417794	2.971651
12642	-538.5546	-568.946	30.3914	4.918558	0.466743	0.0697513	0.336954	0.126552	2.231211	0.8448827
12648	-539.1406	-568.251	29.11037	4.505404	0.401484	0.211385	0.308307	0.0788246	1.711112	2.350057
12654	-523.7366	-553.8862	30.14965	3.589369	0.0120911	0.66997	0.253793	0.0641454	1.485705	2.119807
12660	-527.2534	-558.778	31.52465	1.899517	0.2692	0.451927	0.21059	0.0682833	1.435172	1.957099
12666	-531.4788	-560.6162	29.13739	4.820011	0.401194	0.112674	0.367101	0.119031	2.14426	1.957099
12672	-531.5834	-560.8543	29.27097	4.820011	0.410803	0.153889	0.362678	0.0726306	3.0534	1.184798
12678	-533.0431	-562.6684	29.62528	6.2501	0.515445	0.185632	0.216631	0.0822913	2.300948	1.017652
12684	-525.2742	-556.9558	31.68164	2.241898	0.130309	0.517841	0.299756	0.0520939	2.399184	0.8578553
12690	-526.519	-557.8728	31.35385	3.392643	0.262829	0.0826253	0.549474	0.105072	2.145739	0.6514767
12696	-528.0507	-559.9735	31.92276	1.920512	0.174097	0.389578	0.323226	0.113099	1.757036	1.433302
12702	-529.6984	-560.3377	30.63926	4.155885	0.0758507	0.477206	0.251311	0.195632	1.692086	1.429954
12708	-532.0447	-561.246	29.20135	5.969646	0.270238	0.470064	0.111458	0.14824	1.378138	2.108258
12714	-531.8005	-559.6677	27.86719	7.16791	0.450127	0.202212	0.136345	0.211315	1.443861	2.638772
12720	-537.6214	-568.2382	30.61682	3.470331	0.248818	0.477621	0.257021	0.0165398	2.611836	0.9586566
12726	-536.5083	-567.205	30.69667	2.816863	0.182079	0.503964	0.296505	0.0174521	2.466342	1.354932
12732	-534.3714	-565.14	30.76861	2.135451	0.204602	0.253769	0.504401	0.0372279	2.409038	1.685149
12738	-531.3966	-561.1942	29.79763	5.803607	0.21781	0.312485	0.227759	0.241946	2.620784	0.5398225
12744	-530.8218	-559.2844	28.4626	5.803607	0.208129	0.505398	0.0552821	0.231191	2.517103	1.884183
12750	-538.9474	-563.4362	24.48877	18.92407	0.0590093	0.253888	0.0803768	0.606726	3.139509	1.990299
12756	-532.7065	-560.85	28.1435	8.818277	0.0017936	0.739235	0.0470678	0.211904	2.462796	1.42322
12762	-528.4038	-558.2222	29.81848	2.090366	0.00255222	0.738673	0.047032	0.211743	1.994603	2.600882
12768	-531.9708	-562.8159	30.84514	2.511992	0.00580372	0.447069	0.391466	0.155661	2.163161	1.619274
12774	-532.8164	-562.7145	29.89802	5.604177	0.00230788	0.745186	0.175563	0.0769438	2.108924	1.173239
12780	-529.8007	-559.2067	29.40603	5.604177	0.0344907	0.769258	0.116822	0.0794294	2.088634	1.577377
12786	-545.5454	-572.1767	26.63131	14.01169	0.20125	0.0173555	0.0632503	0.718145	2.862466	1.297811
12792	-540.8218	-568.2451	27.42336	6.986215	0.430565	0.0169851	0.0435652	0.508885	2.779005	2.113073
12798	-540.4877	-566.6296	26.14183	14.20624	0.232655	0.0126188	0.376661	0.378066	3.677523	0.9686256
12804	-536.1956	-566.1299	29.93435	3.497689	0.331538	0.017982	0.470419	0.180061	3.319233	0.9159012
12810	-546.0098	-572.899	26.88923	10.61897	0.0877534	0.22761	0.462083	0.222553	1.410126	2.639903
12816	-545.0835	-575.3793	30.29582	1.322836	0.0458252	0.138149	0.699808	0.116218	1.155286	3.198342
12822	-536.2481	-565.7148	29.46668	5.4287	0.0576746	0.565414	0.145121	0.231791	1.203623	2.188976
12828	-539.0196	-564.6181	25.59843	23.79225	0.0524983	0.535775	0.132096	0.279631	1.532059	1.829171
12834	-543.1439	-574.0715	30.92762	3.886705	0.402629	0.324902	0.267308	0.00516082	1.813765	1.207702
12840	-541.6753	-570.978	29.30279	0.3765284	0.0664129	0.446764	0.110509	0.376314	0.7409503	4.547645
12846	-539.7591	-568.8895	29.13038	0.6460688	0.0764016	0.655191	0.212588	0.0558201	0.6499463	4.547645
12852	-535.9036	-563.4635	27.55995	11.69018	0.239212	0.121344	0.467976	0.171468	1.542727	1.956452
12858	-538.8235	-569.7035	30.87999	3.315169	0.124692	0.282097	0.397392	0.195819	1.152644	1.956452
12864	-536.3891	-562.9615	26.57244	7.620963	0.454877	0.217053	0.174366	0.153704	0.9379676	3.622461
12870	-537.1912	-567.2361	30.0449	2.182924	0.197011	0.643411	0.0168142	0.142764	1.663191	2.624278
12876	-533.3225	-561.9048	28.58235	5.183209	0.227037	0.741474	0.0193769	0.0121123	1.500947	2.624278
12882	-533.9756	-562.7885	28.81282	4.267387	0.13575	0.732151	0.0625524	0.0695464	1.68299	2.624278
12888	-536.1885	-566.7141	30.52556	3.346094	0.215949	0.0967415	0.631431	0.0558783	2.777116	0.9532205
12894	-537.6075	-568.1863	30.57873	2.467564	0.188659	0.274239	0.414057	0.123046	2.175689	1.819257
12900	-537.8278	-568.6249	30.79709	1.015744	0.0416191	0.728051	0.0406223	0.189708	2.051909	2.528005
12906	-536.8397	-569.2622	32.42252	0.9385795	0.325109	0.512693	0.0286062	0.133592	1.518752	1.869924
12912	-532.7496	-563.1277	30.37806	1.189589	0.0611303	0.705721	0.189992	0.0431564	1.608897	2.952176
12918	-544.7923	-575.6619	30.86964	2.558638	0.0315969	0.426042	0.340789	0.201572	1.830189	1.815225
12924	-539.0145	-569.9509	30.93644	3.264094	0.532273	0.0838914	0.364355	0.0194804	2.2898	1.074448
12930	-549.6805	-577.4948	27.81428	6.313887	0.544849	0.156302	0.14176	0.157089	2.757889	2.027499
12936	-542.3329	-570.0821	27.74919	13.86763	0.0696475	0.319488	0.289765	0.321099	2.394083	0.6132966
12942	-535.508	-565.8335	30.32543	4.627209	0.476602	0.0850736	0.324329	0.113996	1.451773	1.674811
12948	-537.211	-561.7136	24.50262	20.44168	0.458415	0.276761	0.144977	0.119847	0.9724515	3.179266
12954	-536.6468	-564.7226	28.0758	5.292544	0.0165225	0.554043	0.311623	0.117812	0.951636	3.233648
12960	-534.8964	-562.8379	27.9415	5.331924	0.0350696	0.439199	0.275671	0.25006	1.069559	3.233648
12966	-533.3104	-559.7035	26.39315	11.73353	0.0325606	0.582555	0.255948	0.128936	1.412801	2.774298
12972	-536.6749	-563.1035	26.42858	22.40983	0.0729408	0.129849	0.508373	0.288838	2.169369	0.7429623
12978	-532.043	-562.8136	30.77064	3.956122	0.0743294	0.199718	0.457161	0.268792	2.169369	0.9928054
12984	-533.3229	-562.1939	28.87097	10.92742	0.162022	0.0623062	0.472597	0.303075	1.784323	0.8651755
12990	-534.9732	-565.4256	30.45246	5.212221	0.295276	0.238487	0.207045	0.259192	2.027163	0.8651755
12996	-535.4255	-567.558	32.13251	1.946569	0.0995647	0.459668	0.388558	0.0522095	2.031035	1.002955
13002	-536.1264	-563.2657	27.13923	7.15057	0.109503	0.542116	0.248702	0.0996796	1.886239	2.817224
13008	-537.1507	-568.2962	31.14553	1.208688	0.0433929	0.24613	0.670977	0.0395004	1.046512	2.817224
13014	-536.3367	-563.3576	27.02089	5.431031	0.218107	0.2311	0.474435	0.0763578	1.378787	3.568114
13020	-532.6831	-562.2822	29.59912	3.099215	0.191376	0.114585	0.560553	0.133486	2.182773	2.203348
13026	-530.8639	-559.7489	28.88506	4.718134	0.23548	0.0513519	0.609894	0.103274	2.2893	2.058861
13032	-532.395	-561.0513	28.65624	4.477099	0.222852	0.102227	0.577186	0.0977354	2.4759	2.158884
13038	-539.4459	-570.1367	30.69079	2.310576	0.311519	0.309183	0.260052	0.119246	2.4759	1.603641
13044	-542.21	-572.0296	29.81957	4.798403	0.21416	0.621497	0.112675	0.0516671	2.242818	1.406279
13050	-531.5713	-563.474	31.90275	2.52391	0.141684	0.630966	0.203467	0.0238823	2.019805	0.8148034
13056	-536.4213	-567.5578	31.13648	3.394769	0.18072	0.208826	0.609771	0.000683173	2.242797	0.8353417
13062	-535.195	-564.4536	29.25863	4.149899	0.56748	0.153029	0.238922	0.040569	1.528187	2.478738
13068	-534.6528	-564.3882	29.7354	1.027835	0.0805254	0.648959	0.251531	0.018984	1.732086	3.354138
13074	-536.917	-563.2964	26.37939	5.391781	0.217127	0.385251	0.369718	0.027904	1.193828	4.053131
13080	-534.8842	-566.4641	31.57995	1.445444	0.217964	0.210028	0.549262	0.0227455	1.539815	2.098602
13086	-540.6579	-566.6005	25.94255	16.88113	0.438791	0.390832	0.148923	0.0214541	2.450206	1.708042
13092	-542.3777	-568.345	25.96724	19.09269	0.503336	0.226961	0.0287901	0.240913	1.341943	2.181906
13098	-536.4195	-566.6839	30.26443	2.683329	0.391378	0.442473	0.109622	0.0565283	1.636366	2.290661
13104	-539.0744	-569.6074	30.53293	2.521857	0.564316	0.201925	0.132065	0.101693	1.616824	2.198076
13110	-536.7182	-565.2627	28.54456	9.635039	0.579745	0.152742	0.143307	0.124205	1.753163	1.482262
13116	-535.7169	-564.1862	28.46929	6.537603	0.547642	0.096061	0.0627604	0.293536	1.456857	2.392379
13122	-536.7776	-562.6044	25.82686	5.909073	0.548648	0.17745	0.0628756	0.211027	1.317269	4.179821
13128	-532.7599	-563.6421	30.88222	3.144836	0.254225	0.620564	0.0580037	0.0672082	1.936103	1.469158
13134	-531.6213	-559.6308	28.00944	3.645822	0.169757	0.536777	0.158834	0.134631	2.058524	3.07431
13140	-535.7694	-568.0539	32.28446	1.591739	0.333218	0.0335346	0.331721	0.301526	1.935426	1.210787
13146	-536.5648	-566.872	30.30721	2.328823	0.194389	0.210592	0.376361	0.218658	1.715656	2.363065
13152	-539.931	-569.4948	29.56375	3.567134	0.329517	0.327601	0.199586	0.143296	1.633806	2.408528
13158	-543.5998	-573.3795	29.7797	1.078726	0.20057	0.711831	0.0509894	0.0366088	1.651142	3.346207
13164	-540.8954	-566.4163	25.52093	22.54398	0.120557	0.344233	0.415993	0.119217	1.891138	1.756368
13170	-536.4234	-564.2979	27.87453	12.26895	0.0775776	0.781728	0.00537087	0.135323	1.891138	1.384395
13176	-532.72	-563.2735	30.55351	2.936716	0.365866	0.353187	0.0239451	0.257002	1.891138	1.826714
13182	-529.1847	-558.1701	28.98532	2.016769	0.181001	0.648698	0.0909132	0.0793879	1.296372	3.549287
13188	-531.3015	-558.67	27.36856	5.920392	0.037523	0.625363	0.186068	0.151045	1.120503	3.402252
13194	-534.7341	-561.6518	26.91775	0.901963	0.0782015	0.40749	0.38532	0.128989	0.976491	5.446692
13200	-539.7677	-566.442	26.67434	5.437468	0.196534	0.253679	0.423795	0.125992	1.85591	3.490516
13206	-541.338	-572.156	30.81801	3.591234	0.132086	0.38568	0.318664	0.16357	1.362069	1.751523
13212	-538.3939	-567.3255	28.93157	9.431676	0.581079	0.128917	0.120767	0.169236	1.878333	1.109382
13218	-540.2934	-567.6878	27.3944	14.73826	0.190296	0.116679	0.671504	0.021521	2.442265	0.8269064
13224	-533.9568	-565.1995	31.24271	3.416201	0.361192	0.128317	0.486824	0.0236675	1.656945	1.284257
13230	-535.6858	-562.4343	26.74857	16.58614	0.307778	0.267051	0.133363	0.291808	1.625214	1.759048
13236	-537.3997	-564.6261	27.22635	14.74692	0.259969	0.123493	0.502968	0.11357	2.09181	1.318608
13242	-537.9719	-565.2133	27.24138	14.74692	0.542946	0.0827784	0.108469	0.265806	2.076785	1.318608
13248	-535.6143	-565.1713	29.55702	6.289992	0.29716	0.232122	0.304162	0.166556	2.249997	1.115946
13254	-535.8428	-563.4945	27.65164	13.86023	0.333803	0.352115	0.126988	0.187094	2.101402	1.102383
13260	-531.53	-562.8968	31.36673	3.16076	0.319613	0.235158	0.301503	0.143725	1.91905	1.07429
13266	-529.9544	-560.4423	30.48785	4.429042	0.412258	0.211094	0.247631	0.129017	2.136128	1.076056
13272	-527.2545	-557.0307	29.77629	3.578273	0.510786	0.0350251	0.412847	0.0413423	2.36437	1.783863
13278	-525.7069	-555.8884	30.18153	4.43426	0.303778	0.316066	0.344919	0.0352366	1.784683	1.603006
13284	-530.9511	-558.7785	27.8274	2.710948	0.417059	0.10959	0.45805	0.0153009	1.256483	3.964599
13290	-527.5235	-556.2606	28.73707	2.777586	0.161203	0.414001	0.403178	0.0216178	1.882429	3.043585
13296	-531.8905	-563.4598	31.56927	1.439909	0.204591	0.561679	0.206294	0.0274362	2.503806	1.433963
13302	-537.9481	-565.7308	27.78271	3.955579	0.311884	0.133537	0.314127	0.240452	1.893385	3.21195
13308	-536.4322	-563.4329	27.00073	8.547044	0.299698	0.0349915	0.333865	0.331446	1.32253	2.973173
13314	-539.3095	-566.0054	26.69592	10.38206	0.0661772	0.698109	0.0161524	0.219562	1.219405	2.911359
13320	-534.0833	-561.7798	27.69645	10.2873	0.270953	0.146479	0.0345827	0.547985	1.893007	1.863572
13326	-531.3662	-561.0159	29.64973	7.086478	0.110732	0.377802	0.22776	0.283706	1.822903	1.161547
13332	-533.4135	-562.0617	28.64824	9.292274	0.135069	0.579345	0.161059	0.124527	2.199971	1.110033
13338	-527.569	-558.1803	30.6113	2.604775	0.332156	0.0629545	0.396069	0.20882	1.236454	2.356719
13344	-529.6238	-556.7847	27.16088	16.72369	0.356784	0.0785679	0.172515	0.392133	2.403008	0.6653116
13350	-525.4275	-555.4209	29.99337	6.116794	0.038442	0.519297	0.0542363	0.388024	1.899901	1.096408
13356	-525.415	-555.5152	30.10027	6.116794	0.0421985	0.697375	0.0314402	0.228986	2.071206	0.7992469
13362	-527.5378	-558.3409	30.80308	4.395239	0.0974592	0.5134	0.298721	0.0904205	2.071206	0.8275715
13368	-534.6431	-565.8108	31.16764	1.653534	0.0343413	0.473446	0.382699	0.109514	2.044384	1.919357
13374	-534.5211	-565.6888	31.1677	0.7631802	0.073459	0.385938	0.381917	0.158686	2.181197	2.377021
13380	-533.0906	-564.3716	31.28104	2.237661	0.0514051	0.613307	0.223475	0.111813	1.816458	1.690056
13386	-533.6794	-563.7098	30.03041	3.371271	0.0833913	0.502535	0.232686	0.181388	2.357187	1.690056
13392	-540.1697	-567.8526	27.68286	5.057637	0.388528	0.374307	0.171237	0.0659271	1.626553	3.125361
13398	-532.5111	-562.2647	29.75365	1.839372	0.0349995	0.643214	0.294256	0.0275309	1.751121	2.905593
13404	-538.4807	-568.4317	29.95094	5.504335	0.040389	0.460117	0.467724	0.0317703	1.961802	1.286614
13410	-534.2103	-565.3764	31.16612	2.567647	0.400685	0.240458	0.264817	0.0940397	1.942398	1.518773
13416	-528.636	-559.8636	31.22763	2.622063	0.0247039	0.445822	0.269262	0.260212	1.845421	1.518773
13422	-530.844	-562.7497	31.90571	2.550573	0.0207986	0.644605	0.11552	0.219076	1.949488	0.875747
13428	-534.515	-566.9119	32.39691	1.970101	0.0170381	0.575678	0.153453	0.253831	1.949488	0.7712343
13434	-531.3419	-562.335	30.99302	2.268248	0.0221917	0.539063	0.106082	0.332663	2.128547	1.657513
13440	-537.4072	-565.9623	28.55508	10.25625	0.612197	0.210005	0.115166	0.0626309	2.417054	0.3761055
13446	-535.8122	-567.3378	31.52563	2.095679	0.183225	0.396226	0.243342	0.177207	2.813337	0.400311
13452	-534.7498	-565.8279	31.07819	2.342807	0.181511	0.244417	0.572052	0.00201935	1.601338	1.928216
13458	-533.1593	-564.4076	31.24832	1.020888	0.242752	0.285681	0.468867	0.00270066	1.832549	2.379175
13464	-529.0485	-560.0595	31.01104	4.163622	0.483687	0.385064	0.0258142	0.105434	2.016641	0.7711199
13470	-531.4253	-563.1715	31.74618	2.932953	0.22183	0.25698	0.491758	0.0294318	2.016641	0.6589791
13476	-530.7518	-562.2388	31.48708	2.932953	0.541352	0.276319	0.110504	0.071825	1.593057	1.3641
13482	-529.3855	-560.9675	31.58201	3.238809	0.478234	0.322303	0.0976195	0.101844	1.385589	1.310143
13488	-531.414	-562.9116	31.49761	1.853923	0.478853	0.0883551	0.330816	0.101976	1.460646	1.981858
13494	-537.2126	-563.0594	25.84677	13.70616	0.328667	0.387937	0.234038	0.0493578	3.582062	1.400304
13500	-529.5506	-562.182	32.63131	0.6726399	0.256386	0.475531	0.180828	0.0872553	1.651458	1.826156
13506	-527.3473	-560.7114	33.36413	0.8542536	0.0512073	0.597042	0.242199	0.109551	1.773376	1.004309
13512	-531.9721	-561.6155	29.64341	3.879333	0.528591	0.0478888	0.341566	0.0819537	1.443471	2.374973
13518	-530.6566	-561.3746	30.71792	3.01936	0.264804	0.0408381	0.662613	0.0317443	1.990683	1.605279
13524	-529.149	-560.5701	31.42112	2.568122	0.435841	0.0770198	0.45193	0.0352089	2.030514	1.249459
13530	-526.6374	-558.5221	31.8847	2.693652	0.0386445	0.705359	0.240347	0.0156496	1.820911	0.9391435
13536	-533.7024	-562.3104	28.60798	4.37744	0.114765	0.15957	0.713776	0.0118892	2.020384	2.509386
13542	-533.568	-563.02	29.45192	4.443302	0.244065	0.397036	0.219706	0.139194	1.91329	2.016003
13548	-536.6208	-561.5873	24.9665	17.05896	0.387079	0.337648	0.0545168	0.220757	2.241718	2.468441
13554	-529.2173	-560.1821	30.96477	1.600358	0.214661	0.308368	0.368543	0.108428	2.109833	2.040867
13560	-532.8233	-564.7436	31.92031	1.42399	0.186199	0.16223	0.610985	0.0405861	2.781628	0.8855302
13566	-531.3041	-562.2341	30.92996	3.924949	0.0378972	0.623372	0.31986	0.0188711	2.320631	0.5510328
13572	-537.9734	-570.6141	32.6407	0.8780623	0.230737	0.381441	0.371548	0.0162745	2.678762	0.7648003
13578	-540.635	-568.1987	27.56363	7.740553	0.194736	0.670231	0.00392514	0.131108	2.906669	1.763224
13584	-536.8253	-566.7105	29.88518	3.041834	0.347321	0.416562	0.00227971	0.233837	3.041324	1.432819
13590	-533.1391	-563.5895	30.45037	1.92558	0.189194	0.24196	0.445155	0.123692	1.807331	2.400192
13596	-537.164	-568.7126	31.54865	2.203044	0.280031	0.337	0.281205	0.101764	2.735355	0.5122605
13602	-539.4919	-568.595	29.10304	3.102408	0.313994	0.256589	0.315311	0.114106	1.253685	3.08295
13608	-532.5328	-564.7701	32.23727	2.074849	0.339026	0.189693	0.355464	0.115816	1.865992	0.9665723
13614	-536.1735	-568.1328	31.95928	2.074849	0.382168	0.30335	0.202326	0.112155	1.722035	1.341401
13620	-531.665	-562.6072	30.9422	3.519731	0.444243	0.190712	0.296763	0.0682816	2.004982	1.196888
13626	-534.566	-564.087	29.521	3.979453	0.470648	0.346655	0.148524	0.0341736	1.408611	2.442187
13632	-532.8774	-560.708	27.83058	3.498648	0.52799	0.294011	0.0393268	0.138672	1.408611	3.608393
13638	-540.6321	-566.527	25.89495	4.808013	0.56808	0.355123	0.0475013	0.0292952	1.326273	4.394413
13644	-530.9597	-560.5642	29.60447	2.390626	0.478482	0.428109	0.040732	0.0526768	0.9940258	3.206638
13650	-533.0599	-560.3516	27.2917	9.448134	0.323272	0.292287	0.13856	0.245881	1.558846	2.491264
13656	-534.089	-564.1116	30.02266	3.37389	0.340144	0.144702	0.393426	0.121728	1.704496	2.136827
13662	-534.9136	-564.5552	29.64161	6.55381	0.113885	0.249451	0.328327	0.308337	2.213726	0.9771652
13668	-532.4518	-560.0531	27.60128	5.028342	0.121452	0.559933	0.0617057	0.256909	1.907334	3.013914
13674	-540.3011	-564.8826	24.58156	28.88869	0.288977	0.192661	0.0132063	0.505156	1.695301	1.965108
13680	-538.5608	-564.0802	25.51939	18.81747	0.478916	0.164396	0.0788401	0.277848	1.583421	2.343565
13686	-534.8511	-565.1887	30.33767	3.277456	0.109147	0.218487	0.604093	0.0682737	2.026246	1.744001
13692	-536.1649	-566.7027	30.53784	4.358345	0.00786353	0.202464	0.741173	0.0484989	1.93048	1.242449
13698	-537.7744	-567.3338	29.55943	6.578765	0.431658	0.176751	0.207225	0.184366	1.843896	1.366271
13704	-545.8485	-572.8767	27.02815	10.50798	0.414436	0.407224	0.0643093	0.114031	1.668767	2.409734
13710	-542.5778	-571.9786	29.40081	7.488719	0.339349	0.298548	0.0351304	0.326973	2.22598	0.8761693
13716	-546.6994	-573.333	26.63356	5.826693	0.417215	0.0260316	0.430109	0.126644	1.570503	3.589786
13722	-540.3693	-569.3878	29.01849	5.335287	0.427395	0.0214954	0.449297	0.101812	2.568744	1.58989
13728	-536.3211	-564.5408	28.21964	7.348558	0.160507	0.37004	0.149298	0.320154	1.725936	2.200342
13734	-537.6842	-565.3965	27.71229	11.87967	0.266843	0.0960062	0.105862	0.531289	2.363275	1.205463
13740	-536.5087	-566.7452	30.23656	3.472769	0.0789186	0.116527	0.645113	0.159441	1.865678	1.849862
13746	-544.4344	-573.2545	28.82009	6.15901	0.099126	0.276021	0.182517	0.442336	2.731953	1.370709
13752	-533.972	-560.3663	26.39436	6.723775	0.37626	0.240544	0.129771	0.253425	1.834837	3.380428
13758	-525.369	-554.9791	29.61007	7.005836	0.460888	0.0717157	0.156674	0.310723	2.355919	0.4197085
13764	-533.9786	-564.3137	30.3351	4.69791	0.458158	0.142849	0.177031	0.221963	2.53789	0.584709
13770	-534.9714	-561.7992	26.82784	17.35844	0.338527	0.165683	0.251773	0.244018	2.667218	0.4965948
13776	-534.0034	-562.7651	28.76176	8.742096	0.276697	0.132222	0.174746	0.416336	2.667218	0.4965948
13782	-532.1963	-561.0291	28.83282	8.742096	0.210048	0.167375	0.0608412	0.561736	2.169015	1.114244
13788	-532.7245	-562.1408	29.41631	5.297425	0.139918	0.496886	0.0405276	0.322669	2.733714	1.157788
13794	-535.2114	-561.5486	26.33718	22.28876	0.323644	0.00915977	0.182324	0.484873	1.796533	1.239995
13800	-533.7319	-562.7783	29.04641	6.944283	0.300887	0.336564	0.222759	0.13979	2.848963	0.3034212
13806	-539.301	-569.2699	29.96885	4.317641	0.176065	0.196941	0.537894	0.0891003	2.848963	0.2266358
13812	-536.5921	-565.7954	29.20327	5.711549	0.279007	0.386255	0.0500322	0.284705	3.106753	0.8230281
13818	-537.6982	-568.9732	31.275	2.438397	0.122048	0.646981	0.0198792	0.211092	2.642196	0.8904565
13824	-538.098	-568.3575	30.2595	2.690187	0.0174916	0.433367	0.0935449	0.455596	3.021741	1.324249
13830	-535.666	-564.4669	28.80085	4.116485	0.0339628	0.763299	0.181632	0.0211059	1.644183	2.700711
13836	-535.941	-565.6926	29.75159	2.175609	0.0844079	0.538992	0.347146	0.0294532	1.837594	2.700711
13842	-541.8166	-568.833	27.0164	8.714831	0.013612	0.621077	0.350813	0.0144975	1.567642	2.785229
13848	-540.0551	-569.036	28.98096	6.33561	0.098728	0.712475	0.185755	0.00304206	1.567642	2.037805
13854	-533.4587	-563.1535	29.69471	3.845383	0.112492	0.302622	0.530168	0.0547176	1.930783	2.037805
13860	-530.9199	-559.9285	29.00857	5.530911	0.418609	0.195525	0.324582	0.0612838	2.097379	1.872165
13866	-528.6946	-558.5008	29.80619	5.817288	0.2227	0.0145037	0.629229	0.133567	2.093077	1.193361
13872	-529.0168	-560.8034	31.78655	1.540792	0.0307416	0.439113	0.511708	0.0184376	1.806798	1.721596
13878	-538.2324	-568.8532	30.62086	0.3693945	0.030149	0.430648	0.501844	0.0373594	1.516939	3.350613
13884	-532.1643	-561.9776	29.81325	1.501248	0.0793745	0.486273	0.374542	0.0598104	1.205139	3.360433
13890	-535.2416	-563.0132	27.77169	4.92524	0.343398	0.356295	0.242912	0.0573944	1.197531	3.360433
13896	-535.8508	-564.1	28.2491	3.444718	0.083907	0.805544	0.0731938	0.0373554	1.372477	3.402608
13902	-536.8456	-567.3988	30.55318	1.044195	0.179791	0.475853	0.332214	0.0121429	1.792265	2.820401
13908	-532.457	-560.9091	28.45209	3.719049	0.01364	0.733902	0.238276	0.0141819	1.998818	2.820401
13914	-539.6973	-569.1992	29.50186	4.562939	0.421509	0.0111318	0.375586	0.191773	3.441877	0.4583202
13920	-530.8597	-560.9626	30.10287	2.685115	0.0451049	0.144392	0.79374	0.0167626	1.465557	2.499998
13926	-534.9598	-563.6579	28.69809	9.488991	0.159642	0.129927	0.488382	0.222049	1.928665	1.254436
13932	-530.4796	-560.0788	29.59915	4.562905	0.223803	0.35421	0.110696	0.311291	1.783409	1.967359
13938	-540.8005	-568.9148	28.11434	11.51034	0.2335	0.369557	0.115493	0.28145	1.7566	1.440909
13944	-539.6837	-566.8371	27.15343	14.55576	0.386446	0.128062	0.224787	0.260705	1.747658	1.662116
13950	-539.0463	-568.8863	29.84007	3.96843	0.383744	0.295722	0.14841	0.172124	2.192766	1.71727
13956	-530.9528	-560.754	29.80125	6.259006	0.360604	0.359905	0.0700095	0.209481	2.223346	0.9120128
13962	-529.2613	-559.5511	30.28982	5.143471	0.197623	0.606947	0.0239427	0.171487	2.400648	0.5119977
13968	-539.4384	-567.3803	27.94184	7.656585	0.0678643	0.69338	0.179866	0.0588893	3.663378	0.8363682
13974	-531.7215	-559.6176	27.89608	12.68802	0.197814	0.430105	0.290739	0.0813424	2.477203	0.3609632
13980	-530.8553	-558.7718	27.91652	12.53773	0.295	0.0897377	0.465047	0.150215	2.477203	0.6957535
13986	-525.2399	-556.2983	31.05834	2.537002	0.0649055	0.753473	0.139931	0.0416907	2.79124	0.2439288
13992	-526.4269	-556.7415	30.31464	3.357058	0.273907	0.484016	0.0661388	0.175938	3.126065	0.2954307
13998	-532.5557	-559.1331	26.57739	15.11985	0.58265	0.109512	0.189592	0.118247	3.126065	0.2426419
14004	-532.9195	-560.5687	27.64922	7.989876	0.396161	0.137397	0.210765	0.255677	3.360849	0.1231816
14010	-532.1753	-559.3129	27.13759	19.07927	0.181264	0.29937	0.258349	0.261017	1.874843	0.873875
14016	-529.1853	-558.3329	29.14762	5.966825	0.33143	0.241839	0.422023	0.0047078	2.340245	1.476528
14022	-531.677	-564.5604	32.88334	1.029	0.0536236	0.46741	0.475037	0.00392885	2.141714	0.9372993
14028	-529.4014	-560.1797	30.77823	1.892035	0.13707	0.229625	0.626879	0.00642707	2.523059	1.726602
14034	-525.1713	-557.0331	31.86174	1.809469	0.175509	0.312149	0.49863	0.0137108	2.65192	0.70437
14040	-539.1484	-569.2073	30.05892	5.420569	0.103166	0.596138	0.293098	0.00759798	2.508437	0.5644286
14046	-531.1547	-562.1937	31.03899	3.361818	0.157831	0.698165	0.12614	0.0178639	2.508437	0.5644286
14052	-535.5306	-565.3065	29.77592	5.015017	0.248171	0.134205	0.224968	0.392656	2.934757	0.6445109
14058	-524.0214	-553.5638	29.54232	5.946703	0.26898	0.587658	0.100799	0.0425634	2.743461	0.3256928
14064	-531.8824	-561.7921	29.90971	2.873409	0.308991	0.512969	0.12512	0.0529202	2.051898	2.174752
14070	-530.0344	-561.3469	31.31252	2.575156	0.13566	0.708966	0.0755398	0.0798345	1.95982	1.390159
14076	-528.3417	-561.0901	32.74839	1.200482	0.126856	0.742842	0.0706374	0.0596648	2.216159	0.814164
14082	-530.9626	-560.3468	29.3842	6.175431	0.209131	0.535271	0.198626	0.0569726	2.762533	0.8027662
14088	-532.6638	-560.6274	27.96355	11.4917	0.231419	0.564357	0.180042	0.0241826	2.703818	0.3848443
14094	-534.0665	-560.2016	26.13517	20.46048	0.356814	0.370533	0.266257	0.00639619	2.698989	0.2756901
14100	-534.2513	-559.9697	25.71843	23.74168	0.292055	0.639946	0.0384763	0.0295226	2.616165	0.2653601
14106	-527.5271	-557.6317	30.10461	4.71397	0.304724	0.58845	0.0754206	0.0314048	2.609811	0.2653601
14112	-533.5891	-563.6369	30.04778	4.71397	0.180112	0.566088	0.207266	0.0465346	2.822579	0.4383066
14118	-535.971	-566.6797	30.70877	3.189159	0.440326	0.236201	0.203176	0.120298	2.09851	1.458035
14124	-540.1106	-571.2364	31.12577	1.504592	0.327347	0.122379	0.460842	0.089432	2.859563	1.458035
14130	-536.2215	-566.3825	30.16101	5.684333	0.125883	0.307528	0.387738	0.178851	1.855932	1.136194
14136	-530.4502	-558.9095	28.45924	9.069244	0.0886631	0.428521	0.23636	0.246456	1.813367	1.617847
14142	-531.9987	-560.7868	28.78814	9.069244	0.296073	0.209819	0.241888	0.25222	2.263099	0.975663
14148	-532.123	-562.3909	30.26786	4.886249	0.121969	0.187541	0.140921	0.549569	2.533473	0.5180927
14154	-538.9	-566.1968	27.29685	14.92771	0.491681	0.20723	0.162768	0.138321	2.533473	0.7855644
14160	-536.6717	-565.1979	28.52618	8.386378	0.283009	0.159575	0.477799	0.0796171	2.466991	1.214906
14166	-536.9103	-568.422	31.51169	2.581971	0.0784399	0.453665	0.35134	0.116555	2.466582	0.67006
14172	-544.1844	-575.052	30.86757	1.654905	0.141832	0.184107	0.436241	0.23782	3.188385	1.30327
14178	-554.2447	-584.4079	30.16318	2.33579	0.28362	0.0860206	0.601288	0.0290717	3.446528	1.248038
14184	-532.3403	-556.8037	24.46341	23.75191	0.111866	0.278537	0.0406342	0.568963	1.56661	2.547904
14190	-535.9427	-563.0369	27.09419	11.11925	0.289451	0.233788	0.17555	0.301211	1.683157	2.260529
14196	-532.2934	-562.8894	30.59593	3.034218	0.123853	0.275449	0.541741	0.0589581	1.377177	2.103837
14202	-532.6964	-557.2676	24.57115	15.9254	0.559137	0.0638099	0.110885	0.266168	0.7839362	3.701808
14208	-537.0928	-560.8478	23.75501	25.09386	0.513771	0.0863778	0.0775996	0.322252	1.580881	2.861994
14214	-535.3597	-566.7113	31.35161	1.08873	0.0263031	0.231851	0.569185	0.172661	2.146327	2.066883
14220	-526.5729	-558.7976	32.22472	1.610106	0.0136913	0.7544	0.203287	0.0286215	2.088724	1.115198
14226	-529.0574	-558.8486	29.79122	4.925651	0.0434965	0.414171	0.440022	0.102311	2.541349	1.136691
14232	-538.8363	-570.2286	31.39229	2.696241	0.311405	0.122162	0.498751	0.0676823	2.128986	1.117363
14238	-534.214	-566.5451	32.33107	0.6757169	0.0813081	0.387174	0.524173	0.00734537	2.479738	1.442639
14244	-536.2929	-568.4134	32.12049	1.996957	0.146505	0.366873	0.452143	0.0344788	2.158868	0.8333748
14250	-531.8514	-563.0463	31.19494	1.631237	0.178631	0.562421	0.226191	0.0327575	3.527122	0.5322872
14256	-531.3828	-560.0765	28.69373	7.360571	0.122778	0.642488	0.197313	0.0374209	2.903795	0.9550918
14262	-532.0291	-560.7763	28.74717	7.535228	0.579162	0.339838	0.0659793	0.0150203	2.792787	0.9550918
14268	-530.3629	-559.5718	29.20887	7.535228	0.192188	0.232653	0.470721	0.104438	2.380631	0.9013767
14274	-534.0371	-563.6684	29.63136	4.183405	0.233818	0.295523	0.385864	0.0847963	2.380631	1.65643
14280	-534.4596	-564.4671	30.00748	4.183405	0.463515	0.0668887	0.331804	0.137792	2.199077	1.514287
14286	-532.3814	-564.1319	31.75053	2.094467	0.385342	0.0953992	0.366895	0.152364	2.258975	1.045482
14292	-539.1909	-566.6534	27.46251	10.76137	0.387338	0.0113677	0.475486	0.125809	2.025229	1.849782
14298	-534.3313	-565.1932	30.86188	3.720149	0.213648	0.473818	0.183867	0.128667	2.025229	1.1561
14304	-529.4207	-560.7582	31.33745	3.08126	0.0179008	0.837459	0.0323902	0.11225	1.554414	1.4415
14310	-535.4849	-567.088	31.60309	2.482237	0.0837526	0.361291	0.124274	0.430682	1.588266	1.499097
14316	-529.18	-559.2131	30.03316	4.871567	0.472337	0.183853	0.185049	0.158761	1.781282	1.568691
14322	-535.3302	-566.3358	31.00558	2.598617	0.269116	0.245958	0.114593	0.370332	2.937279	0.7143182
14328	-531.595	-562.1507	30.55568	3.68926	0.263623	0.563761	0.134145	0.0384716	2.647127	0.2596617
14334	-535.0129	-562.0014	26.98847	14.76771	0.518902	0.305333	0.0694284	0.106337	2.750902	0.2276362
14340	-534.0743	-563.6301	29.55587	7.08121	0.20649	0.527456	0.132031	0.134023	2.213864	0.8685515
14346	-532.189	-559.2631	27.07411	6.092147	0.111213	0.467058	0.393463	0.0282659	2.338421	2.812456
14352	-534.4282	-561.9412	27.51299	2.909803	0.270302	0.198042	0.496022	0.0356337	1.77608	3.775724
14358	-533.8212	-561.025	27.20376	2.726423	0.426495	0.0565088	0.473432	0.0435638	2.199243	3.775724
14364	-529.6155	-558.3943	28.77878	4.531059	0.401116	0.208951	0.364433	0.0254995	1.434192	2.721797
14370	-532.0871	-561.005	28.91793	5.555077	0.419799	0.0846152	0.463177	0.0324086	1.776888	2.13961
14376	-526.6821	-556.2278	29.54571	4.239204	0.220504	0.147879	0.626056	0.00556065	1.728829	2.13961
14382	-531.7908	-563.5027	31.71198	2.505009	0.163228	0.276187	0.380597	0.179987	1.712765	1.305787
14388	-531.8608	-558.4256	26.56485	11.76379	0.219246	0.125741	0.363477	0.291535	1.65364	2.515472
14394	-535.1088	-563.802	28.69313	3.096351	0.115314	0.441627	0.429134	0.0139252	1.689392	3.069674
14400	-538.2052	-565.1241	26.91889	16.9801	0.0934252	0.259991	0.576307	0.0702765	1.853216	1.415528
14406	-529.4593	-561.416	31.9567	2.43429	0.271412	0.0263999	0.601971	0.100217	1.883385	0.9765396
14412	-536.4967	-561.3967	24.90005	35.13972	0.341633	0.0332302	0.49899	0.126146	1.967522	0.9765396
14418	-527.524	-558.2463	30.72222	4.231229	0.34247	0.0274935	0.473062	0.156975	1.967522	1.102339
14424	-536.6548	-566.0631	29.40827	4.306312	0.504655	0.099263	0.278213	0.117868	3.133335	1.201387
14430	-540.6142	-570.0716	29.45741	3.556422	0.177957	0.0681245	0.729488	0.0244305	2.379679	1.99829
14436	-541.7922	-568.3293	26.53709	3.428764	0.187192	0.0197629	0.767347	0.0256984	1.858373	4.115124
14442	-537.6709	-568.0428	30.37188	2.570062	0.342731	0.0796161	0.571256	0.00639688	1.778438	2.177131
14448	-541.3462	-570.5149	29.16865	6.08507	0.11132	0.716696	0.16064	0.0113435	1.76646	1.840492
14454	-543.4695	-571.5158	28.04626	7.497865	0.157626	0.228745	0.266494	0.347135	1.845705	2.203114
14460	-535.6772	-567.1049	31.42771	1.560691	0.470112	0.262735	0.146639	0.120514	2.082793	1.767813
14466	-539.6548	-567.237	27.58217	13.7781	0.0661768	0.175222	0.603369	0.155232	2.581808	0.6080599
14472	-545.5468	-570.8808	25.33404	18.89251	0.5106	0.0919271	0.316547	0.0809258	2.590349	1.792529
14478	-544.2526	-571.2747	27.02217	13.10556	0.635473	0.202514	0.114347	0.0476666	1.506939	2.122706
14484	-535.2386	-565.5567	30.3181	1.931746	0.426918	0.0121162	0.525164	0.0358013	2.110212	2.288756
14490	-531.9365	-563.074	31.13748	1.95198	0.410376	0.0350036	0.46662	0.0879998	1.546949	2.11304
14496	-533.3987	-562.8328	29.43411	3.043367	0.209695	0.206289	0.487998	0.0960181	1.705985	2.629055
14502	-532.2063	-562.2735	30.06722	5.753383	0.123924	0.23519	0.584141	0.0567442	1.773058	1.264265
14508	-532.8824	-563.442	30.55963	5.473444	0.111853	0.543137	0.261148	0.0838623	1.788401	0.8922389
14514	-531.5379	-562.5434	31.00553	3.312603	0.159891	0.431317	0.321472	0.0873201	1.972535	1.267366
14520	-529.4651	-559.5898	30.12468	5.338428	0.30496	0.216213	0.396752	0.0820753	2.48156	0.5373291
14526	-530.7007	-559.1469	28.44626	10.15882	0.395895	0.159567	0.362949	0.0815899	2.534607	0.682472
14532	-531.463	-562.2235	30.76056	2.189375	0.064759	0.181953	0.622736	0.130552	1.968514	1.967439
14538	-535.5548	-563.9337	28.37884	10.30804	0.0706242	0.568827	0.248573	0.111975	1.640831	1.55536
14544	-540.7693	-563.0974	22.32812	55.55918	0.0383413	0.577525	0.149531	0.234602	2.980192	0.7964607
14550	-531.7812	-563.56	31.77882	2.061494	0.196515	0.607119	0.0778555	0.11851	2.602857	0.5539795
14556	-533.8334	-562.51	28.67664	8.47026	0.692243	0.0374302	0.122947	0.14738	2.759061	0.331339
14562	-537.5782	-568.709	31.13077	2.792791	0.287288	0.254856	0.0510243	0.406831	2.759061	0.4764923
14568	-530.7601	-560.5661	29.80601	4.305792	0.381126	0.08745	0.288813	0.242611	2.915487	1.038914
14574	-528.1163	-558.6466	30.53031	2.139172	0.10051	0.0654423	0.652492	0.181555	1.702264	2.315146
14580	-529.0215	-560.9203	31.89873	0.9443016	0.104195	0.462073	0.207381	0.226351	1.359865	2.315146
14586	-528.7642	-560.7914	32.02721	1.534214	0.0846095	0.492946	0.160075	0.262369	1.64548	1.669312
14592	-533.0844	-560.038	26.95362	17.26454	0.0805447	0.219474	0.499405	0.200576	1.752489	1.427247
14598	-536.4777	-563.9225	27.44482	12.07877	0.202327	0.31317	0.355318	0.129185	1.518595	1.988546
14604	-533.4254	-562.154	28.72855	4.158199	0.106156	0.711837	0.127863	0.0541429	1.333981	2.920925
14610	-539.3674	-568.4292	29.06183	3.708751	0.0699237	0.576628	0.191647	0.161802	1.373157	2.833358
14616	-534.8468	-564.87	30.02321	2.363441	0.10486	0.341398	0.463289	0.0904525	1.216697	2.833358
14622	-535.8333	-564.2106	28.37733	6.10611	0.0794207	0.595039	0.197997	0.127543	1.872287	2.288099
14628	-535.6637	-567.4221	31.7584	2.007448	0.0188356	0.23147	0.724578	0.0251155	1.748117	1.514552
14634	-534.4891	-563.0013	28.51219	7.483714	0.0936363	0.148757	0.655381	0.102226	2.08876	1.730097
14640	-535.3427	-564.5919	29.24916	4.769076	0.225502	0.358248	0.160151	0.256099	2.290098	1.796959
14646	-543.5553	-572.9265	29.37118	3.802302	0.392329	0.207032	0.0282747	0.372364	3.946596	0.5163266
14652	-539.6807	-569.3876	29.7068	3.340204	0.0360974	0.528761	0.362917	0.0722248	3.857129	0.4607609
14658	-539.2796	-569.1156	29.83603	3.340204	0.0360974	0.528761	0.362917	0.0722248	2.8638	1.474364
14664	-537.9443	-566.8897	28.94538	8.025907	0.0685873	0.0531837	0.334724	0.543505	1.825058	1.480645
14670	-535.976	-564.4064	28.43046	6.649842	0.34616	0.109059	0.174192	0.370589	1.377528	2.441473
14676	-532.6112	-562.8869	30.27571	4.664543	0.112977	0.575654	0.107423	0.203946	2.204955	1.108038
14682	-536.8594	-565.7452	28.88582	4.16283	0.155324	0.294793	0.269492	0.280391	1.369458	2.802775
14688	-538.6677	-568.3756	29.70785	4.16283	0.192425	0.39573	0.105351	0.306494	1.476566	2.222136
14694	-530.143	-561.6406	31.49765	1.384618	0.0774037	0.437181	0.322774	0.162641	1.940732	1.922329
14700	-534.7066	-563.7516	29.04498	3.10966	0.0937981	0.287606	0.488159	0.130436	2.536926	2.327741
14706	-531.6296	-559.5322	27.90264	3.89801	0.361714	0.202577	0.343837	0.0918731	1.418233	3.438189
14712	-531.7479	-560.3225	28.57465	6.791338	0.24205	0.306763	0.106593	0.344593	1.785223	2.054086
14718	-534.7305	-563.4065	28.67598	7.902393	0.116908	0.338216	0.501474	0.0434024	2.982658	0.6235683
14724	-533.8507	-564.3905	30.53984	2.168979	0.152028	0.268912	0.419053	0.160007	3.653761	0.7797266
14730	-536.9506	-566.2142	29.26358	4.187028	0.203705	0.302463	0.313862	0.17997	2.041896	2.135922
14736	-531.3064	-563.3316	32.02519	1.133672	0.16286	0.397422	0.369617	0.0701015	1.754767	1.848186
14742	-534.022	-562.8548	28.83283	4.353237	0.305145	0.154825	0.51272	0.0273098	2.220532	2.247511
14748	-536.5663	-565.5499	28.98366	4.353237	0.0840069	0.199092	0.524038	0.192864	2.312068	2.089995
14754	-535.5597	-564.1236	28.56389	6.106043	0.115371	0.3519	0.0444228	0.488306	1.991404	2.089995
14760	-537.2102	-569.7452	32.53499	0.5530576	0.105288	0.435896	0.453399	0.00541756	1.970277	1.758983
14766	-538.913	-569.5418	30.62881	4.332409	0.403515	0.00872592	0.581391	0.00636807	1.298776	1.665494
14772	-539.6557	-567.8133	28.15763	2.971602	0.309405	0.210028	0.435592	0.0449742	1.401207	3.598013
14778	-540.8675	-568.8218	27.95429	3.163906	0.104104	0.523536	0.371003	0.00135718	1.490937	3.598013
14784	-534.6978	-560.2242	25.5264	21.19617	0.548218	0.0862353	0.326114	0.0394327	1.490784	2.156036
14790	-532.4406	-561.7206	29.28002	3.400999	0.249427	0.222885	0.490531	0.0371564	0.9548231	3.054015
14796	-529.7811	-556.9176	27.13643	8.420119	0.511373	0.184446	0.196522	0.107659	1.090106	3.054015
14802	-530.7444	-559.7149	28.97053	7.816882	0.211767	0.588722	0.0335209	0.16599	1.589924	1.682524
14808	-531.1403	-559.0084	27.86809	11.29048	0.103459	0.490666	0.3128	0.093075	1.716629	1.690554
14814	-529.7145	-558.798	29.08353	7.3854	0.269232	0.139484	0.374682	0.216602	1.60583	1.690554
14820	-530.676	-559.6409	28.96492	7.774842	0.0507821	0.64581	0.229281	0.0741276	1.690386	1.624152
14826	-529.0449	-560.5172	31.47226	1.806931	0.188312	0.322909	0.366866	0.121913	2.550742	1.229045
14832	-532.2949	-562.2735	29.97866	3.933727	0.268241	0.171345	0.463208	0.097206	1.639519	2.012739
14838	-530.717	-559.0805	28.36345	7.917613	0.58779	0.0377758	0.150157	0.224277	1.725358	1.985049
14844	-527.0019	-556.2193	29.21737	5.778657	0.430439	0.0521958	0.207476	0.30989	1.596184	2.002637
14850	-527.4034	-557.3191	29.91566	5.257464	0.151205	0.574923	0.190192	0.08368	1.667599	1.616349
14856	-531.2483	-560.5601	29.31176	5.257464	0.27251	0.441862	0.115524	0.170104	1.331573	2.252174
14862	-528.3556	-557.5714	29.21577	3.309425	0.217146	0.312375	0.408645	0.0618341	2.159734	2.38585
14868	-533.3919	-564.0501	30.65818	1.101606	0.317143	0.248489	0.344854	0.089514	2.311429	2.399363
14874	-533.4434	-561.4301	27.98665	4.660516	0.441201	0.214918	0.111709	0.232172	2.051196	2.792538
14880	-531.7729	-559.2	27.42717	12.78191	0.635666	0.13755	0.0300112	0.196772	1.582088	1.849416
14886	-529.4869	-559.933	30.44613	3.492275	0.31971	0.542621	0.112002	0.0256664	2.339779	1.342352
14892	-534.3984	-566.7669	32.36846	0.4198453	0.0617362	0.590064	0.342553	0.00564677	2.35307	1.698152
14898	-527.5477	-557.9478	30.40004	3.145616	0.0605895	0.579104	0.192197	0.16811	1.686992	1.985054
14904	-537.9	-566.5262	28.62618	3.815823	0.0313883	0.569119	0.277947	0.121545	1.781154	2.81627
14910	-537.0035	-568.6025	31.59907	2.035171	0.161228	0.510213	0.211415	0.117145	1.960923	1.458654
14916	-534.9221	-562.013	27.09094	8.003591	0.151597	0.373532	0.404728	0.0701426	2.061939	2.568301
14922	-538.5717	-564.4899	25.91812	16.22099	0.0698471	0.48913	0.353184	0.087839	1.706406	2.301836
14928	-532.8567	-559.5181	26.6614	2.662158	0.149885	0.495468	0.250682	0.103965	0.9491823	4.813881
14934	-534.0639	-560.6986	26.63471	12.13383	0.360236	0.304578	0.0741453	0.261041	1.713861	2.379281
14940	-539.4702	-564.3245	24.8543	11.70758	0.470182	0.182328	0.191224	0.156266	1.609636	3.575198
14946	-532.1431	-558.9192	26.77604	5.86658	0.164551	0.601794	0.0669234	0.166731	2.153216	3.154834
14952	-548.9027	-575.9575	27.05482	1.8726	0.074108	0.498056	0.0906315	0.337205	1.212491	4.757948
14958	-537.7326	-563.9138	26.18117	4.152598	0.40274	0.351344	0.0785757	0.16734	0.8935604	4.648522
14964	-534.991	-562.4068	27.41583	2.382568	0.164219	0.216056	0.514159	0.105566	1.602124	4.125662
14970	-541.4846	-567.8215	26.3369	2.761164	0.325937	0.0115153	0.564093	0.0984556	0.8564763	5.011108
14976	-539.1021	-565.7173	26.61523	2.89122	0.303459	0.0185731	0.539841	0.138127	1.0679	4.693118
14982	-545.824	-574.3334	28.50945	6.418829	0.728643	0.0764566	0.179577	0.0153228	1.806926	2.17008
14988	-547.3292	-570.0185	22.68931	59.89351	0.368906	0.303831	0.282746	0.0445172	1.918373	1.206525
14994	-536.5236	-563.102	26.57836	10.32561	0.00855631	0.431883	0.17419	0.385371	1.759653	2.662723
15000	-534.5582	-562.8998	28.34155	6.372105	0.0102973	0.519762	0.0170276	0.452913	1.211252	2.662723
15006	-539.3861	-562.6045	23.21837	39.72347	0.118807	0.45028	0.315517	0.115395	2.322114	1.693107
15012	-529.5502	-561.5245	31.97431	2.241958	0.0567329	0.625431	0.147934	0.169903	2.248161	0.6423737
15018	-532.0199	-564.1507	32.13073	1.705212	0.0702253	0.572298	0.170258	0.187219	2.444275	0.7404738
15024	-534.6846	-564.698	30.01336	5.699195	0.258377	0.101709	0.626422	0.0134922	2.444275	0.5514595
15030	-526.3111	-558.8092	32.49807	1.886802	0.219821	0.412343	0.367556	0.00028048	1.997401	0.6170799
15036	-529.5467	-561.0978	31.55109	1.845512	0.023549	0.434425	0.540344	0.00168142	2.209415	1.415879
15042	-530.025	-559.2733	29.24827	5.542026	0.187124	0.183056	0.629129	0.000691159	2.381254	1.495969
15048	-531.7606	-559.4096	27.64906	9.898145	0.36281	0.166529	0.46932	0.00134007	2.943823	1.188557
15054	-534.5818	-566.1313	31.54957	1.637254	0.169584	0.523331	0.303187	0.00389833	2.943823	0.9149892
15060	-535.1073	-567.665	32.55772	1.637254	0.475999	0.270774	0.242285	0.0109421	1.994552	0.8468613
15066	-536.5103	-567.9342	31.42386	2.21424	0.291774	0.463004	0.240607	0.0046146	2.567318	0.9780429
15072	-544.0533	-573.6302	29.57692	3.773006	0.45155	0.00053927	0.247948	0.299962	3.513183	0.9342794
15078	-543.8708	-569.9927	26.12187	3.821735	0.332478	0.00626373	0.372946	0.288312	3.574956	3.240093
15084	-539.2815	-567.6949	28.41334	7.038694	0.273358	0.168971	0.499532	0.0581398	3.109743	1.131305
15090	-537.3013	-564.8494	27.54808	9.985142	0.444484	0.0120617	0.185248	0.358206	3.522359	0.575442
15096	-540.3198	-567.6696	27.34982	9.818282	0.480771	0.00547293	0.214446	0.299309	2.690862	1.634823
15102	-543.1568	-574.5042	31.34732	1.872943	0.330862	0.225805	0.214809	0.228524	2.353577	1.445259
15108	-536.8589	-561.1231	24.26418	25.63926	0.465668	0.180475	0.17121	0.182648	2.18066	2.122004
15114	-530.3782	-559.4589	29.08066	1.660752	0.173433	0.508493	0.278681	0.0393934	1.887986	3.310647
15120	-533.116	-563.157	30.04104	1.285932	0.180074	0.527966	0.251057	0.0409021	1.076456	3.414751
15126	-535.047	-562.153	27.10604	3.804054	0.0988627	0.618085	0.235796	0.0472564	1.489007	3.886501
15132	-528.1829	-555.1333	26.95035	4.491691	0.101203	0.632714	0.142563	0.12352	1.307685	3.886501
15138	-529.005	-559.3063	30.30134	2.398933	0.20355	0.412416	0.343728	0.0403069	1.371843	2.552364
15144	-530.9538	-558.7891	27.83533	2.857801	0.109827	0.344323	0.518703	0.0271467	1.507538	3.763082
15150	-532.715	-564.0548	31.33988	2.187625	0.0725541	0.554531	0.36215	0.010765	1.679087	1.770337
15156	-538.357	-565.4388	27.08187	8.597007	0.780066	0.102765	0.107973	0.00919657	1.986242	2.508279
15162	-532.4909	-560.2002	27.70929	8.597007	0.664713	0.10187	0.158832	0.0745854	1.35882	2.508279
15168	-536.7182	-565.7313	29.01313	4.942821	0.121634	0.6588	0.171059	0.0485073	1.266897	2.566403
15174	-528.5468	-558.4108	29.864	1.171054	0.126986	0.629179	0.19966	0.0441743	1.729127	3.197853
15180	-529.8619	-559.4235	29.56154	3.107594	0.0436619	0.75206	0.192265	0.0120131	1.312574	2.769044
15186	-532.6255	-562.0651	29.43954	2.671761	0.101382	0.519334	0.121044	0.258239	1.911507	2.640252
15192	-532.6935	-561.711	29.01751	7.923747	0.162068	0.4527	0.1935	0.191731	1.326595	1.810385
15198	-532.7803	-565.8312	33.05088	0.7951313	0.0689607	0.460396	0.289603	0.181041	2.128218	1.024115
15204	-534.3572	-565.1094	30.75221	3.65183	0.0230016	0.772555	0.121622	0.0828213	2.60237	0.3679264
15210	-542.0643	-571.2745	29.21019	3.669869	0.0659471	0.624174	0.11676	0.193119	2.804527	1.837111
15216	-539.1549	-569.1615	30.00653	4.598557	0.293467	0.472135	0.0883188	0.146079	2.774988	0.8254232
15222	-528.8458	-560.4586	31.61278	1.99897	0.487914	0.0756086	0.341613	0.094864	2.684133	0.2819359
15228	-533.1085	-564.6179	31.50946	2.238776	0.207913	0.407689	0.292273	0.0921245	2.652954	0.311264
15234	-527.1003	-559.103	32.00266	2.498315	0.153269	0.385999	0.350313	0.110419	1.605068	1.155293
15240	-532.4174	-565.0785	32.66116	0.7799084	0.10454	0.413313	0.434887	0.0472599	1.781982	1.633547
15246	-527.4895	-558.4357	30.94618	2.61446	0.121504	0.480383	0.343184	0.0549289	1.397049	2.031616
15252	-535.9149	-567.421	31.50601	2.584291	0.354512	0.209565	0.133297	0.302626	2.109184	1.097596
15258	-536.6806	-566.0694	29.38881	5.019734	0.304845	0.189787	0.24514	0.260228	2.010806	1.817342
15264	-538.6303	-570.2816	31.65127	2.493344	0.295627	0.377887	0.218113	0.108373	2.145972	0.9798285
15270	-533.3145	-562.2284	28.91388	6.47116	0.508304	0.369822	0.0161577	0.105717	2.19409	1.617932
15276	-528.1792	-557.9646	29.78542	4.515032	0.271126	0.516856	0.0281085	0.183909	1.625909	1.962893
15282	-528.0462	-560.1827	32.13658	2.067402	0.125873	0.847259	0.0187546	0.00811265	1.800015	1.131365
15288	-530.4385	-560.5267	30.08828	4.275093	0.151644	0.198199	0.486026	0.164131	2.006456	1.564271
15294	-525.7981	-558.8185	33.0204	0.606586	0.111982	0.47374	0.368974	0.0453038	2.300185	1.079105
15300	-526.9698	-558.4568	31.48708	2.933393	0.081263	0.850917	0.0251266	0.0426938	1.710927	1.268833
15306	-532.5445	-559.4351	26.89066	4.155831	0.0781733	0.588627	0.278988	0.0542122	1.442818	3.935043
15312	-528.6822	-558.0934	29.41117	7.820199	0.182595	0.40983	0.0857197	0.321856	1.900906	1.088381
15318	-532.6196	-564.2065	31.58691	3.10883	0.113675	0.147964	0.662475	0.0758859	1.900906	0.8997788
15324	-529.7208	-558.7498	29.029	4.434335	0.171793	0.586682	0.191672	0.0498533	1.860031	2.328178
15330	-536.6633	-563.1371	26.47381	7.628239	0.207206	0.462535	0.26209	0.068169	0.7363521	3.794616
15336	-530.6751	-556.4014	25.7263	4.320226	0.186666	0.244866	0.507056	0.0614116	0.7550817	4.93457
15342	-530.8972	-556.8159	25.9187	2.994294	0.507622	0.031664	0.435545	0.0251684	0.8833919	5.148761
15348	-532.494	-561.7147	29.2207	2.994294	0.156812	0.294296	0.325015	0.223877	1.588899	2.849135
15354	-534.8506	-564.6321	29.78147	1.742456	0.163996	0.647555	0.0441559	0.144293	2.153251	2.690682
15360	-532.8288	-561.2698	28.44093	5.375391	0.246171	0.470953	0.0662815	0.216595	1.493119	2.66679
15366	-536.0033	-565.293	29.28967	5.135094	0.0968004	0.572727	0.0834764	0.246997	1.492536	2.195925
15372	-536.7894	-564.705	27.91566	4.971069	0.0599356	0.133319	0.466553	0.340193	1.699861	2.964623
15378	-538.5914	-566.5853	27.99391	5.088645	0.0763116	0.0691446	0.594026	0.260517	1.644374	2.920354
15384	-533.0284	-562.308	29.27959	0.9280972	0.0466469	0.328423	0.522722	0.102208	1.303431	3.925134
15390	-535.1443	-564.3768	29.23256	4.210824	0.163039	0.538006	0.224743	0.0742126	2.053524	2.141033
15396	-538.3908	-569.8235	31.43273	1.923267	0.471672	0.0743533	0.356418	0.097557	2.634514	1.111292
15402	-536.7379	-562.9903	26.25242	19.56777	0.165154	0.223128	0.376163	0.235556	1.80009	1.623899
15408	-539.3275	-568.3863	29.05878	9.077233	0.393551	0.197199	0.166602	0.242647	1.736588	1.21014
15414	-547.3633	-568.8467	21.48338	26.05992	0.329457	0.342636	0.110036	0.217871	1.17761	4.344944
15420	-539.8939	-566.9476	27.05373	4.863595	0.053186	0.483203	0.148307	0.315303	1.334495	3.71457
15426	-540.9075	-567.0375	26.12996	11.87996	0.0626462	0.844816	0.0794686	0.0130692	1.295522	2.983606
15432	-528.9776	-559.4064	30.42877	1.555665	0.0770173	0.572306	0.278671	0.0720054	1.466989	2.808827
15438	-530.1469	-558.5916	28.44469	6.27806	0.282355	0.0241988	0.654865	0.0385816	1.73128	2.293976
15444	-528.7506	-556.9702	28.21962	6.665868	0.22583	0.166413	0.5769	0.0308579	1.78443	2.313706
15450	-533.1777	-561.2366	28.0589	6.192736	0.385718	0.136714	0.473943	0.00362485	2.354149	2.161644
15456	-525.7809	-554.6162	28.83533	6.637468	0.0590778	0.530685	0.406096	0.004142	1.509471	2.099924
15462	-528.7792	-558.2539	29.47477	3.735186	0.138529	0.388931	0.440054	0.0324853	2.374128	1.92662
15468	-533.2113	-562.7076	29.49629	1.874837	0.591241	0.0682607	0.31709	0.023408	1.94261	2.928647
15474	-537.9417	-569.3171	31.37536	1.651092	0.193766	0.515019	0.284219	0.00699596	2.975559	1.0487
15480	-536.4742	-567.6413	31.1671	3.065357	0.537022	0.308206	0.121049	0.033722	2.438742	0.785891
15486	-536.7296	-566.438	29.70838	6.07145	0.702882	0.0895482	0.162344	0.0452258	2.490138	0.785891
15492	-537.0077	-565.8251	28.81743	6.140297	0.258586	0.351266	0.273876	0.116273	2.875907	1.26245
15498	-540.7249	-572.1048	31.37988	1.273533	0.277556	0.400491	0.197151	0.124802	2.121904	1.947549
15504	-540.1016	-570.607	30.50546	3.19542	0.400493	0.279804	0.0290863	0.290617	2.279424	1.472296
15510	-538.6463	-565.152	26.50571	6.00915	0.042827	0.86411	0.0103923	0.0826707	1.505959	3.660454
15516	-541.0598	-567.2941	26.2343	6.142969	0.399507	0.412052	0.0342354	0.154205	1.743559	3.650605
15522	-541.6322	-570.7897	29.15748	2.979423	0.248273	0.172068	0.289054	0.290606	1.294236	3.069843
15528	-539.9193	-567.4293	27.51008	1.694395	0.144663	0.50964	0.295535	0.0501616	1.771259	4.267454
15534	-532.9853	-559.2665	26.28117	16.34755	0.424354	0.124204	0.38026	0.0711822	1.453285	2.216163
15540	-542.8713	-567.2208	24.34955	8.476086	0.192047	0.289676	0.298916	0.219361	1.764784	4.269166
15546	-536.7434	-565.7387	28.99535	4.770307	0.0187434	0.58392	0.18396	0.213377	1.89024	2.231892
15552	-533.5678	-561.3354	27.76764	7.641008	0.0137736	0.429094	0.522575	0.0345574	1.324813	2.676953
15558	-529.9712	-561.7075	31.73633	2.434834	0.01674	0.524127	0.44133	0.0178032	2.34599	0.6573068
15564	-531.9113	-562.8235	30.91226	2.217284	0.0345345	0.788076	0.134651	0.0427386	2.759448	1.265551
15570	-542.4607	-570.2828	27.82213	13.16717	0.0605979	0.489247	0.146487	0.303669	2.193665	0.9925613
15576	-535.554	-563.9074	28.35339	6.121819	0.0755001	0.466188	0.0799649	0.378347	3.03163	1.509436
15582	-542.0079	-569.7109	27.70304	7.340602	0.13524	0.0768691	0.781772	0.00611922	1.18806	2.860016
15588	-543.6579	-570.5554	26.89751	4.847974	0.148572	0.327746	0.510325	0.0133561	0.9703199	4.017405
15594	-533.4572	-561.4974	28.04015	7.268361	0.37813	0.146389	0.413363	0.0621178	3.223573	0.1264649
15600	-534.0667	-561.9846	27.91795	8.096384	0.38686	0.202203	0.288956	0.121981	3.17074	0.1434647
15606	-535.6663	-565.0667	29.40045	3.761365	0.318436	0.221006	0.405125	0.0554333	3.297454	0.1241112
15612	-535.0956	-564.7458	29.65016	3.722064	0.2389	0.246796	0.452401	0.0619022	3.18841	0.1463024
15618	-540.0228	-566.4011	26.37833	16.32886	0.145063	0.215509	0.274702	0.364726	3.18841	0.2972181
15624	-536.6766	-564.2756	27.59896	11.6624	0.213135	0.410163	0.0871254	0.289577	3.037853	0.4041905
15630	-536.685	-566.0108	29.32584	7.984851	0.327621	0.163231	0.193923	0.315225	2.300348	0.6391566
15636	-538.7475	-566.0257	27.27813	17.5306	0.307979	0.413213	0.0591117	0.219696	1.798836	1.078052
15642	-540.5525	-566.6531	26.10058	12.34557	0.393908	0.0511932	0.119064	0.435834	2.2472	2.348905
15648	-547.1168	-570.47	23.35321	28.96565	0.372974	0.0822512	0.190268	0.354506	1.467001	2.879981
15654	-542.7575	-569.6418	26.88427	5.051422	0.499466	0.0834176	0.235372	0.181744	0.8266807	4.056291
15660	-546.0147	-570.2402	24.22553	16.12971	0.225441	0.096331	0.41701	0.261218	1.095469	3.69933
15666	-542.8888	-571.3577	28.46882	5.96622	0.262478	0.112157	0.485521	0.139844	1.769143	2.329596
15672	-534.2147	-562.8446	28.62983	6.876474	0.30764	0.130082	0.519921	0.0423563	1.275075	2.329596
15678	-535.0055	-566.176	31.17048	2.070132	0.222184	0.346679	0.400547	0.0305905	2.196803	1.582941
15684	-534.8295	-564.7739	29.94442	2.37162	0.280471	0.314725	0.366188	0.0386156	1.107519	2.943629
15690	-538.4564	-563.2868	24.83041	18.44015	0.286463	0.205908	0.374011	0.133617	1.363421	2.943629
15696	-538.2121	-565.1066	26.89454	6.300819	0.597484	0.0215614	0.273296	0.107658	1.365932	3.451813
15702	-542.1729	-565.9114	23.73852	14.90749	0.777508	0.0258043	0.0678444	0.128844	1.176881	4.067182
15708	-536.4056	-563.4061	27.00059	17.78163	0.054438	0.796234	0.0515084	0.0978201	1.86304	1.227901
15714	-536.5977	-568.2417	31.64393	2.040467	0.22622	0.549698	0.106484	0.117598	1.943191	1.434921
15720	-537.1666	-565.7706	28.60396	9.04789	0.124252	0.41455	0.281212	0.179985	1.863556	1.478374
15726	-537.1106	-566.3673	29.25675	7.682583	0.0908768	0.452527	0.252314	0.204281	1.780281	1.358973
15732	-532.4102	-563.1446	30.73442	4.557881	0.409714	0.0345621	0.271379	0.284345	1.96559	0.9410779
15738	-533.8523	-564.4089	30.55665	4.557881	0.264798	0.0241916	0.349506	0.361505	1.822744	1.238839
15744	-535.2124	-563.5837	28.37135	9.79066	0.723721	0.0512612	0.203907	0.0211116	2.038756	1.362881
15750	-533.8771	-565.518	31.64087	2.693164	0.119257	0.595144	0.238073	0.0475254	1.883007	1.116791
15756	-532.9033	-562.3927	29.48943	5.901522	0.25415	0.390541	0.312066	0.0432424	2.607578	0.9792039
15762	-531.3889	-562.9574	31.56847	2.614073	0.271551	0.226995	0.32603	0.175423	1.951113	1.165892
15768	-535.447	-566.2987	30.85165	2.614073	0.3361	0.165189	0.318406	0.180306	2.469842	1.331254
15774	-537.5402	-566.1151	28.57488	2.614073	0.448119	0.0288126	0.378485	0.144584	1.996257	3.134623
15780	-531.9317	-561.3733	29.44164	2.225162	0.53581	0.0242131	0.395561	0.0444151	1.393326	3.134623
15786	-534.0102	-563.1008	29.09057	4.59312	0.412283	0.161331	0.260016	0.16637	2.039602	2.1252
15792	-536.226	-566.3403	30.11431	4.59312	0.105324	0.675598	0.133597	0.0854813	1.443042	1.839397
15798	-533.4436	-564.5951	31.15156	3.788299	0.242785	0.489398	0.178291	0.0895258	1.998613	0.8572543
15804	-531.901	-565.0389	33.1379	0.8513486	0.101703	0.622538	0.183579	0.0921808	1.831869	1.16307
15810	-534.8571	-566.8608	32.00363	1.414145	0.103545	0.562103	0.221475	0.112877	1.782859	1.662573
15816	-533.3812	-564.493	31.11179	2.888049	0.234783	0.449193	0.291578	0.0244449	1.59664	1.662573
15822	-536.288	-564.9254	28.63735	11.62711	0.393247	0.427837	0.155633	0.0232827	1.918896	0.7726518
15828	-526.7378	-554.6569	27.91915	6.170627	0.387363	0.0300728	0.461791	0.120773	1.92858	2.526415
15834	-525.3307	-556.8398	31.50913	2.902529	0.2857	0.0221801	0.613252	0.0788687	2.313322	0.4807198
15840	-526.0377	-559.1142	33.07647	0.7479887	0.108672	0.312307	0.379181	0.19984	2.482738	0.4807198
15846	-524.3115	-556.322	32.01049	1.75062	0.1806	0.267311	0.378766	0.173323	1.553698	1.618522
15852	-534.2749	-561.7151	27.44015	14.5717	0.100922	0.507979	0.0617279	0.329371	1.339864	1.745526
15858	-537.8875	-566.8464	28.95894	9.697887	0.178903	0.415987	0.195118	0.209992	2.034756	0.8442322
15864	-531.6353	-562.2344	30.59915	4.062168	0.344835	0.172594	0.339138	0.143432	2.030547	1.227555
15870	-530.7427	-562.5326	31.78989	2.21147	0.391582	0.195992	0.357147	0.0552785	2.488128	0.4884113
15876	-534.0735	-566.8263	32.75282	1.045426	0.250432	0.146285	0.565118	0.0381662	2.138443	1.055411
15882	-535.1782	-565.6324	30.45417	2.982536	0.143788	0.245688	0.50027	0.110254	2.277403	1.604603
15888	-537.2286	-564.5341	27.30554	9.715875	0.0234285	0.772937	0.15243	0.0512036	2.766383	1.632341
15894	-538.4766	-568.0313	29.55472	1.306983	0.303479	0.13023	0.540556	0.0257348	0.5338523	3.998469
15900	-536.2302	-563.8463	27.61612	2.896576	0.0876571	0.169623	0.70407	0.0386492	1.292856	3.998469
